Provinsi;Tahun;Periode;Wilayah;Komponen;Nilai_GK
ACEH;2013;Maret;Perdesaan;Total;319416.0
ACEH;2013;Maret;Perkotaan;Total;359217.0
ACEH;2013;September;Perdesaan;Total;337962.0
ACEH;2013;September;Perkotaan;Total;374261.0
ACEH;2014;Maret;Perdesaan;Total;350204.0
ACEH;2014;Maret;Perkotaan;Total;383186.0
ACEH;2014;September;Perdesaan;Total;369232.0
ACEH;2014;September;Perkotaan;Total;396939.0
ACEH;2015;Maret;Perdesaan;Makanan;297479.0
ACEH;2015;Maret;Perdesaan;Non-Makanan;84638.0
ACEH;2015;Maret;Perdesaan;Total;382117.0
ACEH;2015;Maret;Perkotaan;Makanan;293697.0
ACEH;2015;Maret;Perkotaan;Non-Makanan;116717.0
ACEH;2015;Maret;Perkotaan;Total;410414.0
ACEH;2015;Maret;Perkotaan dan Perdesaan;Makanan;296406.0
ACEH;2015;Maret;Perkotaan dan Perdesaan;Non-Makanan;93744.0
ACEH;2015;Maret;Perkotaan dan Perdesaan;Total;390150.0
ACEH;2015;September;Perdesaan;Makanan;306737.0
ACEH;2015;September;Perdesaan;Non-Makanan;87682.0
ACEH;2015;September;Perdesaan;Total;394419.0
ACEH;2015;September;Perkotaan;Makanan;302128.0
ACEH;2015;September;Perkotaan;Non-Makanan;118196.0
ACEH;2015;September;Perkotaan;Total;420324.0
ACEH;2015;September;Perkotaan dan Perdesaan;Makanan;305428.0
ACEH;2015;September;Perkotaan dan Perdesaan;Non-Makanan;96344.0
ACEH;2015;September;Perkotaan dan Perdesaan;Total;401772.0
ACEH;2016;Maret;Perdesaan;Makanan;315697.0
ACEH;2016;Maret;Perdesaan;Non-Makanan;88288.0
ACEH;2016;Maret;Perdesaan;Total;403985.0
ACEH;2016;Maret;Perkotaan;Makanan;306243.0
ACEH;2016;Maret;Perkotaan;Non-Makanan;121727.0
ACEH;2016;Maret;Perkotaan;Total;427970.0
ACEH;2016;Maret;Perkotaan dan Perdesaan;Makanan;312801.0
ACEH;2016;Maret;Perkotaan dan Perdesaan;Non-Makanan;98155.0
ACEH;2016;Maret;Perkotaan dan Perdesaan;Total;410956.0
ACEH;2016;September;Perdesaan;Makanan;324854.0
ACEH;2016;September;Perdesaan;Non-Makanan;90972.0
ACEH;2016;September;Perdesaan;Total;415826.0
ACEH;2016;September;Perkotaan;Makanan;319768.0
ACEH;2016;September;Perkotaan;Non-Makanan;125719.0
ACEH;2016;September;Perkotaan;Total;445488.0
ACEH;2016;September;Perkotaan dan Perdesaan;Makanan;323548.0
ACEH;2016;September;Perkotaan dan Perdesaan;Non-Makanan;101217.0
ACEH;2016;September;Perkotaan dan Perdesaan;Total;424765.0
ACEH;2017;Maret;Perdesaan;Makanan;331267.0
ACEH;2017;Maret;Perdesaan;Non-Makanan;94463.0
ACEH;2017;Maret;Perdesaan;Total;425730.0
ACEH;2017;Maret;Perkotaan;Makanan;330153.0
ACEH;2017;Maret;Perkotaan;Non-Makanan;127858.0
ACEH;2017;Maret;Perkotaan;Total;458011.0
ACEH;2017;Maret;Perkotaan dan Perdesaan;Makanan;330958.0
ACEH;2017;Maret;Perkotaan dan Perdesaan;Non-Makanan;104496.0
ACEH;2017;Maret;Perkotaan dan Perdesaan;Total;435454.0
ACEH;2017;September;Perdesaan;Makanan;346070.0
ACEH;2017;September;Perdesaan;Non-Makanan;96799.0
ACEH;2017;September;Perdesaan;Total;442869.0
ACEH;2017;September;Perkotaan;Makanan;347811.0
ACEH;2017;September;Perkotaan;Non-Makanan;132061.0
ACEH;2017;September;Perkotaan;Total;479872.0
ACEH;2017;September;Perkotaan dan Perdesaan;Makanan;346552.0
ACEH;2017;September;Perkotaan dan Perdesaan;Non-Makanan;107572.0
ACEH;2017;September;Perkotaan dan Perdesaan;Total;454124.0
ACEH;2018;Maret;Perdesaan;Makanan;353915.0
ACEH;2018;Maret;Perdesaan;Non-Makanan;100825.0
ACEH;2018;Maret;Perdesaan;Total;454740.0
ACEH;2018;Maret;Perkotaan;Makanan;351777.0
ACEH;2018;Maret;Perkotaan;Non-Makanan;134561.0
ACEH;2018;Maret;Perkotaan;Total;486338.0
ACEH;2018;Maret;Perkotaan dan Perdesaan;Makanan;353291.0
ACEH;2018;Maret;Perkotaan dan Perdesaan;Non-Makanan;111335.0
ACEH;2018;Maret;Perkotaan dan Perdesaan;Total;464626.0
ACEH;2018;September;Perdesaan;Makanan;362463.0
ACEH;2018;September;Perdesaan;Non-Makanan;104778.0
ACEH;2018;September;Perdesaan;Total;467242.0
ACEH;2018;September;Perkotaan;Makanan;360318.0
ACEH;2018;September;Perkotaan;Non-Makanan;136434.0
ACEH;2018;September;Perkotaan;Total;496752.0
ACEH;2018;September;Perkotaan dan Perdesaan;Makanan;361835.0
ACEH;2018;September;Perkotaan dan Perdesaan;Non-Makanan;114830.0
ACEH;2018;September;Perkotaan dan Perdesaan;Total;476665.0
ACEH;2019;Maret;Perdesaan;Makanan;372626.0
ACEH;2019;Maret;Perdesaan;Non-Makanan;106943.0
ACEH;2019;Maret;Perdesaan;Total;479569.0
ACEH;2019;Maret;Perkotaan;Makanan;364040.0
ACEH;2019;Maret;Perkotaan;Non-Makanan;137577.0
ACEH;2019;Maret;Perkotaan;Total;501617.0
ACEH;2019;Maret;Perkotaan dan Perdesaan;Makanan;370093.0
ACEH;2019;Maret;Perkotaan dan Perdesaan;Non-Makanan;116842.0
ACEH;2019;Maret;Perkotaan dan Perdesaan;Total;486935.0
ACEH;2019;September;Perdesaan;Makanan;387367.0
ACEH;2019;September;Perdesaan;Non-Makanan;110248.0
ACEH;2019;September;Perdesaan;Total;497615.0
ACEH;2019;September;Perkotaan;Makanan;377620.0
ACEH;2019;September;Perkotaan;Non-Makanan;140281.0
ACEH;2019;September;Perkotaan;Total;517900.0
ACEH;2019;September;Perkotaan dan Perdesaan;Makanan;384381.0
ACEH;2019;September;Perkotaan dan Perdesaan;Non-Makanan;120033.0
ACEH;2019;September;Perkotaan dan Perdesaan;Total;504414.0
ACEH;2020;Maret;Perdesaan;Makanan;396615.0
ACEH;2020;Maret;Perdesaan;Non-Makanan;116270.0
ACEH;2020;Maret;Perdesaan;Total;512886.0
ACEH;2020;Maret;Perkotaan;Makanan;398026.0
ACEH;2020;Maret;Perkotaan;Non-Makanan;143425.0
ACEH;2020;Maret;Perkotaan;Total;541451.0
ACEH;2020;Maret;Perkotaan dan Perdesaan;Makanan;397032.0
ACEH;2020;Maret;Perkotaan dan Perdesaan;Non-Makanan;125093.0
ACEH;2020;Maret;Perkotaan dan Perdesaan;Total;522125.0
ACEH;2020;September;Perdesaan;Makanan;397816.0
ACEH;2020;September;Perdesaan;Non-Makanan;116847.0
ACEH;2020;September;Perdesaan;Total;514663.0
ACEH;2020;September;Perkotaan;Makanan;399504.0
ACEH;2020;September;Perkotaan;Non-Makanan;144182.0
ACEH;2020;September;Perkotaan;Total;543685.0
ACEH;2020;September;Perkotaan dan Perdesaan;Makanan;398316.0
ACEH;2020;September;Perkotaan dan Perdesaan;Non-Makanan;125892.0
ACEH;2020;September;Perkotaan dan Perdesaan;Total;524208.0
ACEH;2021;Maret;Perdesaan;Makanan;406917.0
ACEH;2021;Maret;Perdesaan;Non-Makanan;122118.0
ACEH;2021;Maret;Perdesaan;Total;529035.0
ACEH;2021;Maret;Perkotaan;Makanan;418047.0
ACEH;2021;Maret;Perkotaan;Non-Makanan;147729.0
ACEH;2021;Maret;Perkotaan;Total;565776.0
ACEH;2021;Maret;Perkotaan dan Perdesaan;Makanan;410420.0
ACEH;2021;Maret;Perkotaan dan Perdesaan;Non-Makanan;130689.0
ACEH;2021;Maret;Perkotaan dan Perdesaan;Total;541109.0
ACEH;2021;September;Perdesaan;Makanan;414738.0
ACEH;2021;September;Perdesaan;Non-Makanan;126262.0
ACEH;2021;September;Perdesaan;Total;541000.0
ACEH;2021;September;Perkotaan;Makanan;426126.0
ACEH;2021;September;Perkotaan;Non-Makanan;151144.0
ACEH;2021;September;Perkotaan;Total;577270.0
ACEH;2021;September;Perkotaan dan Perdesaan;Makanan;418296.0
ACEH;2021;September;Perkotaan dan Perdesaan;Non-Makanan;134643.0
ACEH;2021;September;Perkotaan dan Perdesaan;Total;552939.0
ACEH;2022;Maret;Perdesaan;Makanan;434104.0
ACEH;2022;Maret;Perdesaan;Non-Makanan;131658.0
ACEH;2022;Maret;Perdesaan;Total;565762.0
ACEH;2022;Maret;Perkotaan;Makanan;448528.0
ACEH;2022;Maret;Perkotaan;Non-Makanan;157867.0
ACEH;2022;Maret;Perkotaan;Total;606394.0
ACEH;2022;Maret;Perkotaan dan Perdesaan;Makanan;438658.0
ACEH;2022;Maret;Perkotaan dan Perdesaan;Non-Makanan;140570.0
ACEH;2022;Maret;Perkotaan dan Perdesaan;Total;579228.0
ACEH;2022;September;Perdesaan;Makanan;462138.0
ACEH;2022;September;Perdesaan;Non-Makanan;140763.0
ACEH;2022;September;Perdesaan;Total;602900.0
ACEH;2022;September;Perkotaan;Makanan;481276.0
ACEH;2022;September;Perkotaan;Non-Makanan;164956.0
ACEH;2022;September;Perkotaan;Total;646232.0
ACEH;2022;September;Perkotaan dan Perdesaan;Makanan;468255.0
ACEH;2022;September;Perkotaan dan Perdesaan;Non-Makanan;149038.0
ACEH;2022;September;Perkotaan dan Perdesaan;Total;617293.0
BALI;2013;Maret;Perdesaan;Total;249446.0
BALI;2013;Maret;Perkotaan;Total;287551.0
BALI;2013;September;Perdesaan;Total;261613.0
BALI;2013;September;Perkotaan;Total;298449.0
BALI;2014;Maret;Perdesaan;Total;271646.0
BALI;2014;Maret;Perkotaan;Total;310321.0
BALI;2014;September;Perdesaan;Total;279140.0
BALI;2014;September;Perkotaan;Total;316235.0
BALI;2015;Maret;Perdesaan;Makanan;214350.0
BALI;2015;Maret;Perdesaan;Non-Makanan;89655.0
BALI;2015;Maret;Perdesaan;Total;304005.0
BALI;2015;Maret;Perkotaan;Makanan;226679.0
BALI;2015;Maret;Perkotaan;Non-Makanan;106320.0
BALI;2015;Maret;Perkotaan;Total;332999.0
BALI;2015;Maret;Perkotaan dan Perdesaan;Makanan;221931.0
BALI;2015;Maret;Perkotaan dan Perdesaan;Non-Makanan;99903.0
BALI;2015;Maret;Perkotaan dan Perdesaan;Total;321834.0
BALI;2015;September;Perdesaan;Makanan;222166.0
BALI;2015;September;Perdesaan;Non-Makanan;92052.0
BALI;2015;September;Perdesaan;Total;314218.0
BALI;2015;September;Perkotaan;Makanan;231680.0
BALI;2015;September;Perkotaan;Non-Makanan;109874.0
BALI;2015;September;Perkotaan;Total;341554.0
BALI;2015;September;Perkotaan dan Perdesaan;Makanan;228017.0
BALI;2015;September;Perkotaan dan Perdesaan;Non-Makanan;103011.0
BALI;2015;September;Perkotaan dan Perdesaan;Total;331028.0
BALI;2016;Maret;Perdesaan;Makanan;230108.0
BALI;2016;Maret;Perdesaan;Non-Makanan;92552.0
BALI;2016;Maret;Perdesaan;Total;322660.0
BALI;2016;Maret;Perkotaan;Makanan;237835.0
BALI;2016;Maret;Perkotaan;Non-Makanan;110736.0
BALI;2016;Maret;Perkotaan;Total;348571.0
BALI;2016;Maret;Perkotaan dan Perdesaan;Makanan;234393.0
BALI;2016;Maret;Perkotaan dan Perdesaan;Non-Makanan;104574.0
BALI;2016;Maret;Perkotaan dan Perdesaan;Total;338967.0
BALI;2016;September;Perdesaan;Makanan;233243.0
BALI;2016;September;Perdesaan;Non-Makanan;94790.0
BALI;2016;September;Perdesaan;Total;328033.0
BALI;2016;September;Perkotaan;Makanan;242429.0
BALI;2016;September;Perkotaan;Non-Makanan;114998.0
BALI;2016;September;Perkotaan;Total;357427.0
BALI;2016;September;Perkotaan dan Perdesaan;Makanan;238822.0
BALI;2016;September;Perkotaan dan Perdesaan;Non-Makanan;107576.0
BALI;2016;September;Perkotaan dan Perdesaan;Total;346398.0
BALI;2017;Maret;Perdesaan;Makanan;245927.0
BALI;2017;Maret;Perdesaan;Non-Makanan;99414.0
BALI;2017;Maret;Perdesaan;Total;345342.0
BALI;2017;Maret;Perkotaan;Makanan;252294.0
BALI;2017;Maret;Perkotaan;Non-Makanan;118321.0
BALI;2017;Maret;Perkotaan;Total;370615.0
BALI;2017;Maret;Perkotaan dan Perdesaan;Makanan;249883.0
BALI;2017;Maret;Perkotaan dan Perdesaan;Non-Makanan;111504.0
BALI;2017;Maret;Perkotaan dan Perdesaan;Total;361387.0
BALI;2017;September;Perdesaan;Makanan;251306.0
BALI;2017;September;Perdesaan;Non-Makanan;99519.0
BALI;2017;September;Perdesaan;Total;350826.0
BALI;2017;September;Perkotaan;Makanan;252299.0
BALI;2017;September;Perkotaan;Non-Makanan;118820.0
BALI;2017;September;Perkotaan;Total;371118.0
BALI;2017;September;Perkotaan dan Perdesaan;Makanan;251921.0
BALI;2017;September;Perkotaan dan Perdesaan;Non-Makanan;112143.0
BALI;2017;September;Perkotaan dan Perdesaan;Total;364064.0
BALI;2018;Maret;Perdesaan;Makanan;264685.0
BALI;2018;Maret;Perdesaan;Non-Makanan;108143.0
BALI;2018;Maret;Perdesaan;Total;372828.0
BALI;2018;Maret;Perkotaan;Makanan;263613.0
BALI;2018;Maret;Perkotaan;Non-Makanan;123953.0
BALI;2018;Maret;Perkotaan;Total;387566.0
BALI;2018;Maret;Perkotaan dan Perdesaan;Makanan;263995.0
BALI;2018;Maret;Perkotaan dan Perdesaan;Non-Makanan;118604.0
BALI;2018;Maret;Perkotaan dan Perdesaan;Total;382599.0
BALI;2018;September;Perdesaan;Makanan;267058.0
BALI;2018;September;Perdesaan;Non-Makanan;109674.0
BALI;2018;September;Perdesaan;Total;376733.0
BALI;2018;September;Perkotaan;Makanan;268910.0
BALI;2018;September;Perkotaan;Non-Makanan;125078.0
BALI;2018;September;Perkotaan;Total;393989.0
BALI;2018;September;Perkotaan dan Perdesaan;Makanan;268274.0
BALI;2018;September;Perkotaan dan Perdesaan;Non-Makanan;120176.0
BALI;2018;September;Perkotaan dan Perdesaan;Total;388451.0
BALI;2019;Maret;Perdesaan;Makanan;269879.0
BALI;2019;Maret;Perdesaan;Non-Makanan;113240.0
BALI;2019;Maret;Perdesaan;Total;383118.0
BALI;2019;Maret;Perkotaan;Makanan;278769.0
BALI;2019;Maret;Perkotaan;Non-Makanan;130026.0
BALI;2019;Maret;Perkotaan;Total;408795.0
BALI;2019;Maret;Perkotaan dan Perdesaan;Makanan;275834.0
BALI;2019;Maret;Perkotaan dan Perdesaan;Non-Makanan;124790.0
BALI;2019;Maret;Perkotaan dan Perdesaan;Total;400624.0
BALI;2019;September;Perdesaan;Makanan;271679.0
BALI;2019;September;Perdesaan;Non-Makanan;115867.0
BALI;2019;September;Perdesaan;Total;387546.0
BALI;2019;September;Perkotaan;Makanan;292350.0
BALI;2019;September;Perkotaan;Non-Makanan;131942.0
BALI;2019;September;Perkotaan;Total;424292.0
BALI;2019;September;Perkotaan dan Perdesaan;Makanan;285920.0
BALI;2019;September;Perkotaan dan Perdesaan;Non-Makanan;126986.0
BALI;2019;September;Perkotaan dan Perdesaan;Total;412906.0
BALI;2020;Maret;Perdesaan;Makanan;280900.0
BALI;2020;Maret;Perdesaan;Non-Makanan;120391.0
BALI;2020;Maret;Perdesaan;Total;401291.0
BALI;2020;Maret;Perkotaan;Makanan;307459.0
BALI;2020;Maret;Perkotaan;Non-Makanan;135611.0
BALI;2020;Maret;Perkotaan;Total;443070.0
BALI;2020;Maret;Perkotaan dan Perdesaan;Makanan;298945.0
BALI;2020;Maret;Perkotaan dan Perdesaan;Non-Makanan;130889.0
BALI;2020;Maret;Perkotaan dan Perdesaan;Total;429834.0
BALI;2020;September;Perdesaan;Makanan;284541.0
BALI;2020;September;Perdesaan;Non-Makanan;122774.0
BALI;2020;September;Perdesaan;Total;407316.0
BALI;2020;September;Perkotaan;Makanan;309933.0
BALI;2020;September;Perkotaan;Non-Makanan;141701.0
BALI;2020;September;Perkotaan;Total;451634.0
BALI;2020;September;Perkotaan dan Perdesaan;Makanan;302154.0
BALI;2020;September;Perkotaan dan Perdesaan;Non-Makanan;136013.0
BALI;2020;September;Perkotaan dan Perdesaan;Total;438167.0
BALI;2021;Maret;Perdesaan;Makanan;291311.0
BALI;2021;Maret;Perdesaan;Non-Makanan;126411.0
BALI;2021;Maret;Perdesaan;Total;417722.0
BALI;2021;Maret;Perkotaan;Makanan;321245.0
BALI;2021;Maret;Perkotaan;Non-Makanan;145944.0
BALI;2021;Maret;Perkotaan;Total;467189.0
BALI;2021;Maret;Perkotaan dan Perdesaan;Makanan;312020.0
BALI;2021;Maret;Perkotaan dan Perdesaan;Non-Makanan;140201.0
BALI;2021;Maret;Perkotaan dan Perdesaan;Total;452221.0
BALI;2021;September;Perdesaan;Makanan;302550.0
BALI;2021;September;Perdesaan;Non-Makanan;127328.0
BALI;2021;September;Perdesaan;Total;429877.0
BALI;2021;September;Perkotaan;Makanan;325747.0
BALI;2021;September;Perkotaan;Non-Makanan;148574.0
BALI;2021;September;Perkotaan;Total;474322.0
BALI;2021;September;Perkotaan dan Perdesaan;Makanan;319095.0
BALI;2021;September;Perkotaan dan Perdesaan;Non-Makanan;142437.0
BALI;2021;September;Perkotaan dan Perdesaan;Total;461532.0
BALI;2022;Maret;Perdesaan;Makanan;318169.0
BALI;2022;Maret;Perdesaan;Non-Makanan;131527.0
BALI;2022;Maret;Perdesaan;Total;449697.0
BALI;2022;Maret;Perkotaan;Makanan;346903.0
BALI;2022;Maret;Perkotaan;Non-Makanan;152669.0
BALI;2022;Maret;Perkotaan;Total;499572.0
BALI;2022;Maret;Perkotaan dan Perdesaan;Makanan;338417.0
BALI;2022;Maret;Perkotaan dan Perdesaan;Non-Makanan;146604.0
BALI;2022;Maret;Perkotaan dan Perdesaan;Total;485021.0
BALI;2022;September;Perdesaan;Makanan;334827.0
BALI;2022;September;Perdesaan;Non-Makanan;141203.0
BALI;2022;September;Perdesaan;Total;476031.0
BALI;2022;September;Perkotaan;Makanan;367036.0
BALI;2022;September;Perkotaan;Non-Makanan;163784.0
BALI;2022;September;Perkotaan;Total;530820.0
BALI;2022;September;Perkotaan dan Perdesaan;Makanan;357640.0
BALI;2022;September;Perkotaan dan Perdesaan;Non-Makanan;157398.0
BALI;2022;September;Perkotaan dan Perdesaan;Total;515038.0
BANTEN;2013;Maret;Perdesaan;Total;242331.0
BANTEN;2013;Maret;Perkotaan;Total;273828.0
BANTEN;2013;September;Perdesaan;Total;264632.0
BANTEN;2013;September;Perkotaan;Total;300109.0
BANTEN;2014;Maret;Perdesaan;Total;281925.0
BANTEN;2014;Maret;Perkotaan;Total;315239.0
BANTEN;2014;September;Perdesaan;Total;296241.0
BANTEN;2014;September;Perkotaan;Total;324902.0
BANTEN;2015;Maret;Perdesaan;Makanan;241250.0
BANTEN;2015;Maret;Perdesaan;Non-Makanan;77247.0
BANTEN;2015;Maret;Perdesaan;Total;318497.0
BANTEN;2015;Maret;Perkotaan;Makanan;235211.0
BANTEN;2015;Maret;Perkotaan;Non-Makanan;109643.0
BANTEN;2015;Maret;Perkotaan;Total;344855.0
BANTEN;2015;Maret;Perkotaan dan Perdesaan;Makanan;237129.0
BANTEN;2015;Maret;Perkotaan dan Perdesaan;Non-Makanan;99354.0
BANTEN;2015;Maret;Perkotaan dan Perdesaan;Total;336483.0
BANTEN;2015;September;Perdesaan;Makanan;254860.0
BANTEN;2015;September;Perdesaan;Non-Makanan;81732.0
BANTEN;2015;September;Perdesaan;Total;336592.0
BANTEN;2015;September;Perkotaan;Makanan;248503.0
BANTEN;2015;September;Perkotaan;Non-Makanan;117170.0
BANTEN;2015;September;Perkotaan;Total;365672.0
BANTEN;2015;September;Perkotaan dan Perdesaan;Makanan;250522.0
BANTEN;2015;September;Perkotaan dan Perdesaan;Non-Makanan;105914.0
BANTEN;2015;September;Perkotaan dan Perdesaan;Total;356436.0
BANTEN;2016;Maret;Perdesaan;Makanan;262861.0
BANTEN;2016;Maret;Perdesaan;Non-Makanan;84904.0
BANTEN;2016;Maret;Perdesaan;Total;347765.0
BANTEN;2016;Maret;Perkotaan;Makanan;256536.0
BANTEN;2016;Maret;Perkotaan;Non-Makanan;120516.0
BANTEN;2016;Maret;Perkotaan;Total;377052.0
BANTEN;2016;Maret;Perkotaan dan Perdesaan;Makanan;261057.0
BANTEN;2016;Maret;Perkotaan dan Perdesaan;Non-Makanan;106892.0
BANTEN;2016;Maret;Perkotaan dan Perdesaan;Total;367949.0
BANTEN;2016;September;Perdesaan;Makanan;264755.0
BANTEN;2016;September;Perdesaan;Non-Makanan;86952.0
BANTEN;2016;September;Perdesaan;Total;351708.0
BANTEN;2016;September;Perkotaan;Makanan;261285.0
BANTEN;2016;September;Perkotaan;Non-Makanan;121618.0
BANTEN;2016;September;Perkotaan;Total;382903.0
BANTEN;2016;September;Perkotaan dan Perdesaan;Makanan;262442.0
BANTEN;2016;September;Perkotaan dan Perdesaan;Non-Makanan;110923.0
BANTEN;2016;September;Perkotaan dan Perdesaan;Total;373365.0
BANTEN;2017;Maret;Perdesaan;Makanan;274157.0
BANTEN;2017;Maret;Perdesaan;Non-Makanan;89431.0
BANTEN;2017;Maret;Perdesaan;Total;363588.0
BANTEN;2017;Maret;Perkotaan;Makanan;271750.0
BANTEN;2017;Maret;Perkotaan;Non-Makanan;124857.0
BANTEN;2017;Maret;Perkotaan;Total;396608.0
BANTEN;2017;Maret;Perkotaan dan Perdesaan;Makanan;272551.0
BANTEN;2017;Maret;Perkotaan dan Perdesaan;Non-Makanan;114201.0
BANTEN;2017;Maret;Perkotaan dan Perdesaan;Total;386752.0
BANTEN;2017;September;Perdesaan;Makanan;279609.0
BANTEN;2017;September;Perdesaan;Non-Makanan;93430.0
BANTEN;2017;September;Perdesaan;Total;373039.0
BANTEN;2017;September;Perkotaan;Makanan;292643.0
BANTEN;2017;September;Perkotaan;Non-Makanan;128495.0
BANTEN;2017;September;Perkotaan;Total;421137.0
BANTEN;2017;September;Perkotaan dan Perdesaan;Makanan;288655.0
BANTEN;2017;September;Perkotaan dan Perdesaan;Non-Makanan;118333.0
BANTEN;2017;September;Perkotaan dan Perdesaan;Total;406988.0
BANTEN;2018;Maret;Perdesaan;Makanan;293446.0
BANTEN;2018;Maret;Perdesaan;Non-Makanan;96862.0
BANTEN;2018;Maret;Perdesaan;Total;390309.0
BANTEN;2018;Maret;Perkotaan;Makanan;316089.0
BANTEN;2018;Maret;Perkotaan;Non-Makanan;132429.0
BANTEN;2018;Maret;Perkotaan;Total;448518.0
BANTEN;2018;Maret;Perkotaan dan Perdesaan;Makanan;308915.0
BANTEN;2018;Maret;Perkotaan dan Perdesaan;Non-Makanan;122153.0
BANTEN;2018;Maret;Perkotaan dan Perdesaan;Total;431068.0
BANTEN;2018;September;Perdesaan;Makanan;301349.0
BANTEN;2018;September;Perdesaan;Non-Makanan;104616.0
BANTEN;2018;September;Perdesaan;Total;405965.0
BANTEN;2018;September;Perkotaan;Makanan;331095.0
BANTEN;2018;September;Perkotaan;Non-Makanan;137476.0
BANTEN;2018;September;Perkotaan;Total;468572.0
BANTEN;2018;September;Perkotaan dan Perdesaan;Makanan;322255.0
BANTEN;2018;September;Perkotaan dan Perdesaan;Non-Makanan;127852.0
BANTEN;2018;September;Perkotaan dan Perdesaan;Total;450108.0
BANTEN;2019;Maret;Perdesaan;Makanan;304403.0
BANTEN;2019;Maret;Perdesaan;Non-Makanan;107604.0
BANTEN;2019;Maret;Perdesaan;Total;412007.0
BANTEN;2019;Maret;Perkotaan;Makanan;344073.0
BANTEN;2019;Maret;Perkotaan;Non-Makanan;140545.0
BANTEN;2019;Maret;Perkotaan;Total;484618.0
BANTEN;2019;Maret;Perkotaan dan Perdesaan;Makanan;331601.0
BANTEN;2019;Maret;Perkotaan dan Perdesaan;Non-Makanan;131126.0
BANTEN;2019;Maret;Perkotaan dan Perdesaan;Total;462727.0
BANTEN;2019;September;Perdesaan;Makanan;323479.0
BANTEN;2019;September;Perdesaan;Non-Makanan;110445.0
BANTEN;2019;September;Perdesaan;Total;433925.0
BANTEN;2019;September;Perkotaan;Makanan;358473.0
BANTEN;2019;September;Perkotaan;Non-Makanan;148725.0
BANTEN;2019;September;Perkotaan;Total;507198.0
BANTEN;2019;September;Perkotaan dan Perdesaan;Makanan;347368.0
BANTEN;2019;September;Perkotaan dan Perdesaan;Non-Makanan;137728.0
BANTEN;2019;September;Perkotaan dan Perdesaan;Total;485096.0
BANTEN;2020;Maret;Perdesaan;Makanan;342546.0
BANTEN;2020;Maret;Perdesaan;Non-Makanan;118175.0
BANTEN;2020;Maret;Perdesaan;Total;460721.0
BANTEN;2020;Maret;Perkotaan;Makanan;374474.0
BANTEN;2020;Maret;Perkotaan;Non-Makanan;153303.0
BANTEN;2020;Maret;Perkotaan;Total;527777.0
BANTEN;2020;Maret;Perkotaan dan Perdesaan;Makanan;364725.0
BANTEN;2020;Maret;Perkotaan dan Perdesaan;Non-Makanan;143367.0
BANTEN;2020;Maret;Perkotaan dan Perdesaan;Total;508092.0
BANTEN;2020;September;Perdesaan;Makanan;355550.0
BANTEN;2020;September;Perdesaan;Non-Makanan;118937.0
BANTEN;2020;September;Perdesaan;Total;474487.0
BANTEN;2020;September;Perkotaan;Makanan;376950.0
BANTEN;2020;September;Perkotaan;Non-Makanan;155147.0
BANTEN;2020;September;Perkotaan;Total;532096.0
BANTEN;2020;September;Perkotaan dan Perdesaan;Makanan;370293.0
BANTEN;2020;September;Perkotaan dan Perdesaan;Non-Makanan;144818.0
BANTEN;2020;September;Perkotaan dan Perdesaan;Total;515111.0
BANTEN;2021;Maret;Perdesaan;Makanan;364081.0
BANTEN;2021;Maret;Perdesaan;Non-Makanan;121444.0
BANTEN;2021;Maret;Perdesaan;Total;485525.0
BANTEN;2021;Maret;Perkotaan;Makanan;390893.0
BANTEN;2021;Maret;Perkotaan;Non-Makanan;158218.0
BANTEN;2021;Maret;Perkotaan;Total;549111.0
BANTEN;2021;Maret;Perkotaan dan Perdesaan;Makanan;382584.0
BANTEN;2021;Maret;Perkotaan dan Perdesaan;Non-Makanan;147779.0
BANTEN;2021;Maret;Perkotaan dan Perdesaan;Total;530363.0
BANTEN;2021;September;Perdesaan;Makanan;369466.0
BANTEN;2021;September;Perdesaan;Non-Makanan;127748.0
BANTEN;2021;September;Perdesaan;Total;497213.0
BANTEN;2021;September;Perkotaan;Makanan;405526.0
BANTEN;2021;September;Perkotaan;Non-Makanan;161474.0
BANTEN;2021;September;Perkotaan;Total;567000.0
BANTEN;2021;September;Perkotaan dan Perdesaan;Makanan;395258.0
BANTEN;2021;September;Perkotaan dan Perdesaan;Non-Makanan;152225.0
BANTEN;2021;September;Perkotaan dan Perdesaan;Total;547483.0
BANTEN;2022;Maret;Perdesaan;Makanan;387733.0
BANTEN;2022;Maret;Perdesaan;Non-Makanan;133579.0
BANTEN;2022;Maret;Perdesaan;Total;521311.0
BANTEN;2022;Maret;Perkotaan;Makanan;421343.0
BANTEN;2022;Maret;Perkotaan;Non-Makanan;166426.0
BANTEN;2022;Maret;Perkotaan;Total;587768.0
BANTEN;2022;Maret;Perkotaan dan Perdesaan;Makanan;412182.0
BANTEN;2022;Maret;Perkotaan dan Perdesaan;Non-Makanan;158185.0
BANTEN;2022;Maret;Perkotaan dan Perdesaan;Total;570367.0
BANTEN;2022;September;Perdesaan;Makanan;400849.0
BANTEN;2022;September;Perdesaan;Non-Makanan;144108.0
BANTEN;2022;September;Perdesaan;Total;544957.0
BANTEN;2022;September;Perkotaan;Makanan;444996.0
BANTEN;2022;September;Perkotaan;Non-Makanan;172532.0
BANTEN;2022;September;Perkotaan;Total;617527.0
BANTEN;2022;September;Perkotaan dan Perdesaan;Makanan;433368.0
BANTEN;2022;September;Perkotaan dan Perdesaan;Non-Makanan;165380.0
BANTEN;2022;September;Perkotaan dan Perdesaan;Total;598748.0
BENGKULU;2013;Maret;Perdesaan;Total;281468.0
BENGKULU;2013;Maret;Perkotaan;Total;328972.0
BENGKULU;2013;September;Perdesaan;Total;313265.0
BENGKULU;2013;September;Perkotaan;Total;358294.0
BENGKULU;2014;Maret;Perdesaan;Total;325261.0
BENGKULU;2014;Maret;Perkotaan;Total;362614.0
BENGKULU;2014;September;Perdesaan;Total;346395.0
BENGKULU;2014;September;Perkotaan;Total;378881.0
BENGKULU;2015;Maret;Perdesaan;Makanan;303059.0
BENGKULU;2015;Maret;Perdesaan;Non-Makanan;69112.0
BENGKULU;2015;Maret;Perdesaan;Total;372171.0
BENGKULU;2015;Maret;Perkotaan;Makanan;288387.0
BENGKULU;2015;Maret;Perkotaan;Non-Makanan;109102.0
BENGKULU;2015;Maret;Perkotaan;Total;397489.0
BENGKULU;2015;Maret;Perkotaan dan Perdesaan;Makanan;298505.0
BENGKULU;2015;Maret;Perkotaan dan Perdesaan;Non-Makanan;81523.0
BENGKULU;2015;Maret;Perkotaan dan Perdesaan;Total;380028.0
BENGKULU;2015;September;Perdesaan;Makanan;329667.0
BENGKULU;2015;September;Perdesaan;Non-Makanan;74513.0
BENGKULU;2015;September;Perdesaan;Total;404179.0
BENGKULU;2015;September;Perkotaan;Makanan;313872.0
BENGKULU;2015;September;Perkotaan;Non-Makanan;111770.0
BENGKULU;2015;September;Perkotaan;Total;425642.0
BENGKULU;2015;September;Perkotaan dan Perdesaan;Makanan;324764.0
BENGKULU;2015;September;Perkotaan dan Perdesaan;Non-Makanan;86076.0
BENGKULU;2015;September;Perkotaan dan Perdesaan;Total;410840.0
BENGKULU;2016;Maret;Perdesaan;Makanan;333753.0
BENGKULU;2016;Maret;Perdesaan;Non-Makanan;76110.0
BENGKULU;2016;Maret;Perdesaan;Total;409863.0
BENGKULU;2016;Maret;Perkotaan;Makanan;315710.0
BENGKULU;2016;Maret;Perkotaan;Non-Makanan;114862.0
BENGKULU;2016;Maret;Perkotaan;Total;430572.0
BENGKULU;2016;Maret;Perkotaan dan Perdesaan;Makanan;324851.0
BENGKULU;2016;Maret;Perkotaan dan Perdesaan;Non-Makanan;91576.0
BENGKULU;2016;Maret;Perkotaan dan Perdesaan;Total;416427.0
BENGKULU;2016;September;Perdesaan;Makanan;335624.0
BENGKULU;2016;September;Perdesaan;Non-Makanan;91690.0
BENGKULU;2016;September;Perdesaan;Total;427315.0
BENGKULU;2016;September;Perkotaan;Makanan;335957.0
BENGKULU;2016;September;Perkotaan;Non-Makanan;122478.0
BENGKULU;2016;September;Perkotaan;Total;458435.0
BENGKULU;2016;September;Perkotaan dan Perdesaan;Makanan;335717.0
BENGKULU;2016;September;Perkotaan dan Perdesaan;Non-Makanan;101468.0
BENGKULU;2016;September;Perkotaan dan Perdesaan;Total;437185.0
BENGKULU;2017;Maret;Perdesaan;Makanan;341275.0
BENGKULU;2017;Maret;Perdesaan;Non-Makanan;97067.0
BENGKULU;2017;Maret;Perdesaan;Total;438342.0
BENGKULU;2017;Maret;Perkotaan;Makanan;350441.0
BENGKULU;2017;Maret;Perkotaan;Non-Makanan;127360.0
BENGKULU;2017;Maret;Perkotaan;Total;477801.0
BENGKULU;2017;Maret;Perkotaan dan Perdesaan;Makanan;343868.0
BENGKULU;2017;Maret;Perkotaan dan Perdesaan;Non-Makanan;106779.0
BENGKULU;2017;Maret;Perkotaan dan Perdesaan;Total;450647.0
BENGKULU;2017;September;Perdesaan;Makanan;352385.0
BENGKULU;2017;September;Perdesaan;Non-Makanan;97472.0
BENGKULU;2017;September;Perdesaan;Total;449857.0
BENGKULU;2017;September;Perkotaan;Makanan;361375.0
BENGKULU;2017;September;Perkotaan;Non-Makanan;129101.0
BENGKULU;2017;September;Perkotaan;Total;490475.0
BENGKULU;2017;September;Perkotaan dan Perdesaan;Makanan;355033.0
BENGKULU;2017;September;Perkotaan dan Perdesaan;Non-Makanan;107735.0
BENGKULU;2017;September;Perkotaan dan Perdesaan;Total;462768.0
BENGKULU;2018;Maret;Perdesaan;Makanan;356600.0
BENGKULU;2018;Maret;Perdesaan;Non-Makanan;108824.0
BENGKULU;2018;Maret;Perdesaan;Total;465424.0
BENGKULU;2018;Maret;Perkotaan;Makanan;380731.0
BENGKULU;2018;Maret;Perkotaan;Non-Makanan;136223.0
BENGKULU;2018;Maret;Perkotaan;Total;516954.0
BENGKULU;2018;Maret;Perkotaan dan Perdesaan;Makanan;363700.0
BENGKULU;2018;Maret;Perkotaan dan Perdesaan;Non-Makanan;117725.0
BENGKULU;2018;Maret;Perkotaan dan Perdesaan;Total;481425.0
BENGKULU;2018;September;Perdesaan;Makanan;356972.0
BENGKULU;2018;September;Perdesaan;Non-Makanan;117037.0
BENGKULU;2018;September;Perdesaan;Total;474010.0
BENGKULU;2018;September;Perkotaan;Makanan;388650.0
BENGKULU;2018;September;Perkotaan;Non-Makanan;142003.0
BENGKULU;2018;September;Perkotaan;Total;530655.0
BENGKULU;2018;September;Perkotaan dan Perdesaan;Makanan;366889.0
BENGKULU;2018;September;Perkotaan dan Perdesaan;Non-Makanan;125225.0
BENGKULU;2018;September;Perkotaan dan Perdesaan;Total;492114.0
BENGKULU;2019;Maret;Perdesaan;Makanan;358509.0
BENGKULU;2019;Maret;Perdesaan;Non-Makanan;123409.0
BENGKULU;2019;Maret;Perdesaan;Total;481918.0
BENGKULU;2019;Maret;Perkotaan;Makanan;393835.0
BENGKULU;2019;Maret;Perkotaan;Non-Makanan;144674.0
BENGKULU;2019;Maret;Perkotaan;Total;538508.0
BENGKULU;2019;Maret;Perkotaan dan Perdesaan;Makanan;369211.0
BENGKULU;2019;Maret;Perkotaan dan Perdesaan;Non-Makanan;130449.0
BENGKULU;2019;Maret;Perkotaan dan Perdesaan;Total;499660.0
BENGKULU;2019;September;Perdesaan;Makanan;369733.0
BENGKULU;2019;September;Perdesaan;Non-Makanan;129890.0
BENGKULU;2019;September;Perdesaan;Total;499623.0
BENGKULU;2019;September;Perkotaan;Makanan;422120.0
BENGKULU;2019;September;Perkotaan;Non-Makanan;146663.0
BENGKULU;2019;September;Perkotaan;Total;568783.0
BENGKULU;2019;September;Perkotaan dan Perdesaan;Makanan;384886.0
BENGKULU;2019;September;Perkotaan dan Perdesaan;Non-Makanan;135407.0
BENGKULU;2019;September;Perkotaan dan Perdesaan;Total;520293.0
BENGKULU;2020;Maret;Perdesaan;Makanan;374440.0
BENGKULU;2020;Maret;Perdesaan;Non-Makanan;131570.0
BENGKULU;2020;Maret;Perdesaan;Total;506010.0
BENGKULU;2020;Maret;Perkotaan;Makanan;423966.0
BENGKULU;2020;Maret;Perkotaan;Non-Makanan;149257.0
BENGKULU;2020;Maret;Perkotaan;Total;573222.0
BENGKULU;2020;Maret;Perkotaan dan Perdesaan;Makanan;389613.0
BENGKULU;2020;Maret;Perkotaan dan Perdesaan;Non-Makanan;137419.0
BENGKULU;2020;Maret;Perkotaan dan Perdesaan;Total;527032.0
BENGKULU;2020;September;Perdesaan;Makanan;377325.0
BENGKULU;2020;September;Perdesaan;Non-Makanan;132162.0
BENGKULU;2020;September;Perdesaan;Total;509487.0
BENGKULU;2020;September;Perkotaan;Makanan;426542.0
BENGKULU;2020;September;Perkotaan;Non-Makanan;150379.0
BENGKULU;2020;September;Perkotaan;Total;576921.0
BENGKULU;2020;September;Perkotaan dan Perdesaan;Makanan;392261.0
BENGKULU;2020;September;Perkotaan dan Perdesaan;Non-Makanan;138121.0
BENGKULU;2020;September;Perkotaan dan Perdesaan;Total;530382.0
BENGKULU;2021;Maret;Perdesaan;Makanan;386776.0
BENGKULU;2021;Maret;Perdesaan;Non-Makanan;137716.0
BENGKULU;2021;Maret;Perdesaan;Total;524492.0
BENGKULU;2021;Maret;Perkotaan;Makanan;449159.0
BENGKULU;2021;Maret;Perkotaan;Non-Makanan;155110.0
BENGKULU;2021;Maret;Perkotaan;Total;604269.0
BENGKULU;2021;Maret;Perkotaan dan Perdesaan;Makanan;405468.0
BENGKULU;2021;Maret;Perkotaan dan Perdesaan;Non-Makanan;143466.0
BENGKULU;2021;Maret;Perkotaan dan Perdesaan;Total;548934.0
BENGKULU;2021;September;Perdesaan;Makanan;405341.0
BENGKULU;2021;September;Perdesaan;Non-Makanan;142987.0
BENGKULU;2021;September;Perdesaan;Total;548327.0
BENGKULU;2021;September;Perkotaan;Makanan;462886.0
BENGKULU;2021;September;Perkotaan;Non-Makanan;161688.0
BENGKULU;2021;September;Perkotaan;Total;624573.0
BENGKULU;2021;September;Perkotaan dan Perdesaan;Makanan;423264.0
BENGKULU;2021;September;Perkotaan dan Perdesaan;Non-Makanan;149191.0
BENGKULU;2021;September;Perkotaan dan Perdesaan;Total;572455.0
BENGKULU;2022;Maret;Perdesaan;Makanan;416744.0
BENGKULU;2022;Maret;Perdesaan;Non-Makanan;149208.0
BENGKULU;2022;Maret;Perdesaan;Total;565952.0
BENGKULU;2022;Maret;Perkotaan;Makanan;480128.0
BENGKULU;2022;Maret;Perkotaan;Non-Makanan;167708.0
BENGKULU;2022;Maret;Perkotaan;Total;647836.0
BENGKULU;2022;Maret;Perkotaan dan Perdesaan;Makanan;435393.0
BENGKULU;2022;Maret;Perkotaan dan Perdesaan;Non-Makanan;155362.0
BENGKULU;2022;Maret;Perkotaan dan Perdesaan;Total;590755.0
BENGKULU;2022;September;Perdesaan;Makanan;437286.0
BENGKULU;2022;September;Perdesaan;Non-Makanan;162687.0
BENGKULU;2022;September;Perdesaan;Total;599973.0
BENGKULU;2022;September;Perkotaan;Makanan;508068.0
BENGKULU;2022;September;Perkotaan;Non-Makanan;178155.0
BENGKULU;2022;September;Perkotaan;Total;686223.0
BENGKULU;2022;September;Perkotaan dan Perdesaan;Makanan;457885.0
BENGKULU;2022;September;Perkotaan dan Perdesaan;Non-Makanan;167767.0
BENGKULU;2022;September;Perkotaan dan Perdesaan;Total;625652.0
DI YOGYAKARTA;2013;Maret;Perdesaan;Total;256558.0
DI YOGYAKARTA;2013;Maret;Perkotaan;Total;297391.0
DI YOGYAKARTA;2013;September;Perdesaan;Total;275786.0
DI YOGYAKARTA;2013;September;Perkotaan;Total;317925.0
DI YOGYAKARTA;2014;Maret;Perdesaan;Total;286137.0
DI YOGYAKARTA;2014;Maret;Perkotaan;Total;327273.0
DI YOGYAKARTA;2014;September;Perdesaan;Total;296429.0
DI YOGYAKARTA;2014;September;Perkotaan;Total;333561.0
DI YOGYAKARTA;2015;Maret;Perdesaan;Makanan;236342.0
DI YOGYAKARTA;2015;Maret;Perdesaan;Non-Makanan;75907.0
DI YOGYAKARTA;2015;Maret;Perdesaan;Total;312249.0
DI YOGYAKARTA;2015;Maret;Perkotaan;Makanan;238042.0
DI YOGYAKARTA;2015;Maret;Perkotaan;Non-Makanan;109745.0
DI YOGYAKARTA;2015;Maret;Perkotaan;Total;347787.0
DI YOGYAKARTA;2015;Maret;Perkotaan dan Perdesaan;Makanan;237473.0
DI YOGYAKARTA;2015;Maret;Perkotaan dan Perdesaan;Non-Makanan;98413.0
DI YOGYAKARTA;2015;Maret;Perkotaan dan Perdesaan;Total;335886.0
DI YOGYAKARTA;2015;September;Perdesaan;Makanan;241725.0
DI YOGYAKARTA;2015;September;Perdesaan;Non-Makanan;82662.0
DI YOGYAKARTA;2015;September;Perdesaan;Total;324386.0
DI YOGYAKARTA;2015;September;Perkotaan;Makanan;249320.0
DI YOGYAKARTA;2015;September;Perkotaan;Non-Makanan;110150.0
DI YOGYAKARTA;2015;September;Perkotaan;Total;359470.0
DI YOGYAKARTA;2015;September;Perkotaan dan Perdesaan;Makanan;246776.0
DI YOGYAKARTA;2015;September;Perkotaan dan Perdesaan;Non-Makanan;100945.0
DI YOGYAKARTA;2015;September;Perkotaan dan Perdesaan;Total;347721.0
DI YOGYAKARTA;2016;Maret;Perdesaan;Makanan;246960.0
DI YOGYAKARTA;2016;Maret;Perdesaan;Non-Makanan;84348.0
DI YOGYAKARTA;2016;Maret;Perdesaan;Total;331308.0
DI YOGYAKARTA;2016;Maret;Perkotaan;Makanan;254284.0
DI YOGYAKARTA;2016;Maret;Perkotaan;Non-Makanan;110502.0
DI YOGYAKARTA;2016;Maret;Perkotaan;Total;364786.0
DI YOGYAKARTA;2016;Maret;Perkotaan dan Perdesaan;Makanan;252284.0
DI YOGYAKARTA;2016;Maret;Perkotaan dan Perdesaan;Non-Makanan;101800.0
DI YOGYAKARTA;2016;Maret;Perkotaan dan Perdesaan;Total;354084.0
DI YOGYAKARTA;2016;September;Perdesaan;Makanan;250244.0
DI YOGYAKARTA;2016;September;Perdesaan;Non-Makanan;86986.0
DI YOGYAKARTA;2016;September;Perdesaan;Total;337230.0
DI YOGYAKARTA;2016;September;Perkotaan;Makanan;257677.0
DI YOGYAKARTA;2016;September;Perkotaan;Non-Makanan;112832.0
DI YOGYAKARTA;2016;September;Perkotaan;Total;370510.0
DI YOGYAKARTA;2016;September;Perkotaan dan Perdesaan;Makanan;255304.0
DI YOGYAKARTA;2016;September;Perkotaan dan Perdesaan;Non-Makanan;104865.0
DI YOGYAKARTA;2016;September;Perkotaan dan Perdesaan;Total;360169.0
DI YOGYAKARTA;2017;Maret;Perdesaan;Makanan;260248.0
DI YOGYAKARTA;2017;Maret;Perdesaan;Non-Makanan;87813.0
DI YOGYAKARTA;2017;Maret;Perdesaan;Total;348061.0
DI YOGYAKARTA;2017;Maret;Perkotaan;Makanan;270924.0
DI YOGYAKARTA;2017;Maret;Perkotaan;Non-Makanan;114383.0
DI YOGYAKARTA;2017;Maret;Perkotaan;Total;385308.0
DI YOGYAKARTA;2017;Maret;Perkotaan dan Perdesaan;Makanan;267500.0
DI YOGYAKARTA;2017;Maret;Perkotaan dan Perdesaan;Non-Makanan;106508.0
DI YOGYAKARTA;2017;Maret;Perkotaan dan Perdesaan;Total;374008.0
DI YOGYAKARTA;2017;September;Perdesaan;Makanan;262952.0
DI YOGYAKARTA;2017;September;Perdesaan;Non-Makanan;89909.0
DI YOGYAKARTA;2017;September;Perdesaan;Total;352861.0
DI YOGYAKARTA;2017;September;Perkotaan;Makanan;290650.0
DI YOGYAKARTA;2017;September;Perkotaan;Non-Makanan;122981.0
DI YOGYAKARTA;2017;September;Perkotaan;Total;413631.0
DI YOGYAKARTA;2017;September;Perkotaan dan Perdesaan;Makanan;282639.0
DI YOGYAKARTA;2017;September;Perkotaan dan Perdesaan;Non-Makanan;113632.0
DI YOGYAKARTA;2017;September;Perkotaan dan Perdesaan;Total;396271.0
DI YOGYAKARTA;2018;Maret;Perdesaan;Makanan;270706.0
DI YOGYAKARTA;2018;Maret;Perdesaan;Non-Makanan;95550.0
DI YOGYAKARTA;2018;Maret;Perdesaan;Total;366256.0
DI YOGYAKARTA;2018;Maret;Perkotaan;Makanan;301252.0
DI YOGYAKARTA;2018;Maret;Perkotaan;Non-Makanan;125328.0
DI YOGYAKARTA;2018;Maret;Perkotaan;Total;426580.0
DI YOGYAKARTA;2018;Maret;Perkotaan dan Perdesaan;Makanan;292472.0
DI YOGYAKARTA;2018;Maret;Perkotaan dan Perdesaan;Non-Makanan;117272.0
DI YOGYAKARTA;2018;Maret;Perkotaan dan Perdesaan;Total;409744.0
DI YOGYAKARTA;2018;September;Perdesaan;Makanan;271414.0
DI YOGYAKARTA;2018;September;Perdesaan;Non-Makanan;98191.0
DI YOGYAKARTA;2018;September;Perdesaan;Total;369606.0
DI YOGYAKARTA;2018;September;Perkotaan;Makanan;305494.0
DI YOGYAKARTA;2018;September;Perkotaan;Non-Makanan;126522.0
DI YOGYAKARTA;2018;September;Perkotaan;Total;432018.0
DI YOGYAKARTA;2018;September;Perkotaan dan Perdesaan;Makanan;296077.0
DI YOGYAKARTA;2018;September;Perkotaan dan Perdesaan;Non-Makanan;118822.0
DI YOGYAKARTA;2018;September;Perkotaan dan Perdesaan;Total;414899.0
DI YOGYAKARTA;2019;Maret;Perdesaan;Makanan;279124.0
DI YOGYAKARTA;2019;Maret;Perdesaan;Non-Makanan;99749.0
DI YOGYAKARTA;2019;Maret;Perdesaan;Total;378873.0
DI YOGYAKARTA;2019;Maret;Perkotaan;Makanan;323635.0
DI YOGYAKARTA;2019;Maret;Perkotaan;Non-Makanan;128992.0
DI YOGYAKARTA;2019;Maret;Perkotaan;Total;452628.0
DI YOGYAKARTA;2019;Maret;Perkotaan dan Perdesaan;Makanan;310947.0
DI YOGYAKARTA;2019;Maret;Perkotaan dan Perdesaan;Non-Makanan;121079.0
DI YOGYAKARTA;2019;Maret;Perkotaan dan Perdesaan;Total;432026.0
DI YOGYAKARTA;2019;September;Perdesaan;Makanan;286565.0
DI YOGYAKARTA;2019;September;Perdesaan;Non-Makanan;106183.0
DI YOGYAKARTA;2019;September;Perdesaan;Total;392748.0
DI YOGYAKARTA;2019;September;Perkotaan;Makanan;338723.0
DI YOGYAKARTA;2019;September;Perkotaan;Non-Makanan;133943.0
DI YOGYAKARTA;2019;September;Perkotaan;Total;472666.0
DI YOGYAKARTA;2019;September;Perkotaan dan Perdesaan;Makanan;322999.0
DI YOGYAKARTA;2019;September;Perkotaan dan Perdesaan;Non-Makanan;126486.0
DI YOGYAKARTA;2019;September;Perkotaan dan Perdesaan;Total;449485.0
DI YOGYAKARTA;2020;Maret;Perdesaan;Makanan;296144.0
DI YOGYAKARTA;2020;Maret;Perdesaan;Non-Makanan;107028.0
DI YOGYAKARTA;2020;Maret;Perdesaan;Total;403173.0
DI YOGYAKARTA;2020;Maret;Perkotaan;Makanan;350055.0
DI YOGYAKARTA;2020;Maret;Perkotaan;Non-Makanan;137118.0
DI YOGYAKARTA;2020;Maret;Perkotaan;Total;487173.0
DI YOGYAKARTA;2020;Maret;Perkotaan dan Perdesaan;Makanan;334461.0
DI YOGYAKARTA;2020;Maret;Perkotaan dan Perdesaan;Non-Makanan;129019.0
DI YOGYAKARTA;2020;Maret;Perkotaan dan Perdesaan;Total;463480.0
DI YOGYAKARTA;2020;September;Perdesaan;Makanan;296654.0
DI YOGYAKARTA;2020;September;Perdesaan;Non-Makanan;107382.0
DI YOGYAKARTA;2020;September;Perdesaan;Total;404035.0
DI YOGYAKARTA;2020;September;Perkotaan;Makanan;350253.0
DI YOGYAKARTA;2020;September;Perkotaan;Non-Makanan;138208.0
DI YOGYAKARTA;2020;September;Perkotaan;Total;488461.0
DI YOGYAKARTA;2020;September;Perkotaan dan Perdesaan;Makanan;335262.0
DI YOGYAKARTA;2020;September;Perkotaan dan Perdesaan;Non-Makanan;130166.0
DI YOGYAKARTA;2020;September;Perkotaan dan Perdesaan;Total;465428.0
DI YOGYAKARTA;2021;Maret;Perdesaan;Makanan;304443.0
DI YOGYAKARTA;2021;Maret;Perdesaan;Non-Makanan;109797.0
DI YOGYAKARTA;2021;Maret;Perdesaan;Total;414240.0
DI YOGYAKARTA;2021;Maret;Perkotaan;Makanan;366206.0
DI YOGYAKARTA;2021;Maret;Perkotaan;Non-Makanan;140801.0
DI YOGYAKARTA;2021;Maret;Perkotaan;Total;507007.0
DI YOGYAKARTA;2021;Maret;Perkotaan dan Perdesaan;Makanan;350057.0
DI YOGYAKARTA;2021;Maret;Perkotaan dan Perdesaan;Non-Makanan;132798.0
DI YOGYAKARTA;2021;Maret;Perkotaan dan Perdesaan;Total;482855.0
DI YOGYAKARTA;2021;September;Perdesaan;Makanan;325101.0
DI YOGYAKARTA;2021;September;Perdesaan;Non-Makanan;113311.0
DI YOGYAKARTA;2021;September;Perdesaan;Total;438412.0
DI YOGYAKARTA;2021;September;Perkotaan;Makanan;370047.0
DI YOGYAKARTA;2021;September;Perkotaan;Non-Makanan;147305.0
DI YOGYAKARTA;2021;September;Perkotaan;Total;517353.0
DI YOGYAKARTA;2021;September;Perkotaan dan Perdesaan;Makanan;358285.0
DI YOGYAKARTA;2021;September;Perkotaan dan Perdesaan;Non-Makanan;138620.0
DI YOGYAKARTA;2021;September;Perkotaan dan Perdesaan;Total;496905.0
DI YOGYAKARTA;2022;Maret;Perdesaan;Makanan;338551.0
DI YOGYAKARTA;2022;Maret;Perdesaan;Non-Makanan;117032.0
DI YOGYAKARTA;2022;Maret;Perdesaan;Total;455583.0
DI YOGYAKARTA;2022;Maret;Perkotaan;Makanan;392290.0
DI YOGYAKARTA;2022;Maret;Perkotaan;Non-Makanan;151531.0
DI YOGYAKARTA;2022;Maret;Perkotaan;Total;543821.0
DI YOGYAKARTA;2022;Maret;Perkotaan dan Perdesaan;Makanan;378902.0
DI YOGYAKARTA;2022;Maret;Perkotaan dan Perdesaan;Non-Makanan;142770.0
DI YOGYAKARTA;2022;Maret;Perkotaan dan Perdesaan;Total;521672.0
DI YOGYAKARTA;2022;September;Perdesaan;Makanan;352689.0
DI YOGYAKARTA;2022;September;Perdesaan;Non-Makanan;128078.0
DI YOGYAKARTA;2022;September;Perdesaan;Total;480767.0
DI YOGYAKARTA;2022;September;Perkotaan;Makanan;412821.0
DI YOGYAKARTA;2022;September;Perkotaan;Non-Makanan;161094.0
DI YOGYAKARTA;2022;September;Perkotaan;Total;573915.0
DI YOGYAKARTA;2022;September;Perkotaan dan Perdesaan;Makanan;398363.0
DI YOGYAKARTA;2022;September;Perkotaan dan Perdesaan;Non-Makanan;152979.0
DI YOGYAKARTA;2022;September;Perkotaan dan Perdesaan;Total;551342.0
DKI JAKARTA;2013;Maret;Perkotaan;Total;407437.0
DKI JAKARTA;2013;September;Perdesaan;Total;434322.0
DKI JAKARTA;2013;September;Perkotaan;Total;434322.0
DKI JAKARTA;2014;Maret;Perkotaan;Total;447797.0
DKI JAKARTA;2014;September;Perkotaan;Total;459560.0
DKI JAKARTA;2015;Maret;Perkotaan;Makanan;319595.0
DKI JAKARTA;2015;Maret;Perkotaan;Non-Makanan;167793.0
DKI JAKARTA;2015;Maret;Perkotaan;Total;487388.0
DKI JAKARTA;2015;Maret;Perkotaan dan Perdesaan;Makanan;319595.0
DKI JAKARTA;2015;Maret;Perkotaan dan Perdesaan;Non-Makanan;167793.0
DKI JAKARTA;2015;Maret;Perkotaan dan Perdesaan;Total;487388.0
DKI JAKARTA;2015;September;Perkotaan;Makanan;327678.0
DKI JAKARTA;2015;September;Perkotaan;Non-Makanan;175361.0
DKI JAKARTA;2015;September;Perkotaan;Total;503038.0
DKI JAKARTA;2015;September;Perkotaan dan Perdesaan;Makanan;327678.0
DKI JAKARTA;2015;September;Perkotaan dan Perdesaan;Non-Makanan;175361.0
DKI JAKARTA;2015;September;Perkotaan dan Perdesaan;Total;503039.0
DKI JAKARTA;2016;Maret;Perkotaan;Makanan;329644.0
DKI JAKARTA;2016;Maret;Perkotaan;Non-Makanan;180715.0
DKI JAKARTA;2016;Maret;Perkotaan;Total;510359.0
DKI JAKARTA;2016;Maret;Perkotaan dan Perdesaan;Makanan;329644.0
DKI JAKARTA;2016;Maret;Perkotaan dan Perdesaan;Non-Makanan;180715.0
DKI JAKARTA;2016;Maret;Perkotaan dan Perdesaan;Total;510359.0
DKI JAKARTA;2016;September;Perkotaan;Makanan;334938.0
DKI JAKARTA;2016;September;Perkotaan;Non-Makanan;185752.0
DKI JAKARTA;2016;September;Perkotaan;Total;520690.0
DKI JAKARTA;2016;September;Perkotaan dan Perdesaan;Makanan;334938.0
DKI JAKARTA;2016;September;Perkotaan dan Perdesaan;Non-Makanan;185752.0
DKI JAKARTA;2016;September;Perkotaan dan Perdesaan;Total;520690.0
DKI JAKARTA;2017;Maret;Perkotaan;Makanan;347382.0
DKI JAKARTA;2017;Maret;Perkotaan;Non-Makanan;189163.0
DKI JAKARTA;2017;Maret;Perkotaan;Total;536546.0
DKI JAKARTA;2017;Maret;Perkotaan dan Perdesaan;Makanan;347382.0
DKI JAKARTA;2017;Maret;Perkotaan dan Perdesaan;Non-Makanan;189163.0
DKI JAKARTA;2017;Maret;Perkotaan dan Perdesaan;Total;536545.0
DKI JAKARTA;2017;September;Perkotaan;Makanan;383192.0
DKI JAKARTA;2017;September;Perkotaan;Non-Makanan;195054.0
DKI JAKARTA;2017;September;Perkotaan;Total;578247.0
DKI JAKARTA;2017;September;Perkotaan dan Perdesaan;Makanan;383192.0
DKI JAKARTA;2017;September;Perkotaan dan Perdesaan;Non-Makanan;195054.0
DKI JAKARTA;2017;September;Perkotaan dan Perdesaan;Total;578246.0
DKI JAKARTA;2018;Maret;Perkotaan;Makanan;394158.0
DKI JAKARTA;2018;Maret;Perkotaan;Non-Makanan;198949.0
DKI JAKARTA;2018;Maret;Perkotaan;Total;593108.0
DKI JAKARTA;2018;Maret;Perkotaan dan Perdesaan;Makanan;394158.0
DKI JAKARTA;2018;Maret;Perkotaan dan Perdesaan;Non-Makanan;198949.0
DKI JAKARTA;2018;Maret;Perkotaan dan Perdesaan;Total;593107.0
DKI JAKARTA;2018;September;Perkotaan;Makanan;408790.0
DKI JAKARTA;2018;September;Perkotaan;Non-Makanan;198987.0
DKI JAKARTA;2018;September;Perkotaan;Total;607778.0
DKI JAKARTA;2018;September;Perkotaan dan Perdesaan;Makanan;408790.0
DKI JAKARTA;2018;September;Perkotaan dan Perdesaan;Non-Makanan;198987.0
DKI JAKARTA;2018;September;Perkotaan dan Perdesaan;Total;607778.0
DKI JAKARTA;2019;Maret;Perkotaan;Makanan;429915.0
DKI JAKARTA;2019;Maret;Perkotaan;Non-Makanan;207345.0
DKI JAKARTA;2019;Maret;Perkotaan;Total;637260.0
DKI JAKARTA;2019;Maret;Perkotaan dan Perdesaan;Makanan;429915.0
DKI JAKARTA;2019;Maret;Perkotaan dan Perdesaan;Non-Makanan;207345.0
DKI JAKARTA;2019;Maret;Perkotaan dan Perdesaan;Total;637260.0
DKI JAKARTA;2019;September;Perkotaan;Makanan;451918.0
DKI JAKARTA;2019;September;Perkotaan;Non-Makanan;211437.0
DKI JAKARTA;2019;September;Perkotaan;Total;663355.0
DKI JAKARTA;2019;September;Perkotaan dan Perdesaan;Makanan;451918.0
DKI JAKARTA;2019;September;Perkotaan dan Perdesaan;Non-Makanan;211437.0
DKI JAKARTA;2019;September;Perkotaan dan Perdesaan;Total;663355.0
DKI JAKARTA;2020;Maret;Perkotaan;Makanan;466156.0
DKI JAKARTA;2020;Maret;Perkotaan;Non-Makanan;214245.0
DKI JAKARTA;2020;Maret;Perkotaan;Total;680401.0
DKI JAKARTA;2020;Maret;Perkotaan dan Perdesaan;Makanan;466156.0
DKI JAKARTA;2020;Maret;Perkotaan dan Perdesaan;Non-Makanan;214245.0
DKI JAKARTA;2020;Maret;Perkotaan dan Perdesaan;Total;680401.0
DKI JAKARTA;2020;September;Perkotaan;Makanan;467847.0
DKI JAKARTA;2020;September;Perkotaan;Non-Makanan;215491.0
DKI JAKARTA;2020;September;Perkotaan;Total;683339.0
DKI JAKARTA;2020;September;Perkotaan dan Perdesaan;Makanan;467847.0
DKI JAKARTA;2020;September;Perkotaan dan Perdesaan;Non-Makanan;215491.0
DKI JAKARTA;2020;September;Perkotaan dan Perdesaan;Total;683338.0
DKI JAKARTA;2021;Maret;Perkotaan;Makanan;479332.0
DKI JAKARTA;2021;Maret;Perkotaan;Non-Makanan;218306.0
DKI JAKARTA;2021;Maret;Perkotaan;Total;697638.0
DKI JAKARTA;2021;Maret;Perkotaan dan Perdesaan;Makanan;479332.0
DKI JAKARTA;2021;Maret;Perkotaan dan Perdesaan;Non-Makanan;218306.0
DKI JAKARTA;2021;Maret;Perkotaan dan Perdesaan;Total;697638.0
DKI JAKARTA;2021;September;Perkotaan;Makanan;490918.0
DKI JAKARTA;2021;September;Perkotaan;Non-Makanan;224134.0
DKI JAKARTA;2021;September;Perkotaan;Total;715052.0
DKI JAKARTA;2021;September;Perkotaan dan Perdesaan;Makanan;490918.0
DKI JAKARTA;2021;September;Perkotaan dan Perdesaan;Non-Makanan;224134.0
DKI JAKARTA;2021;September;Perkotaan dan Perdesaan;Total;715052.0
DKI JAKARTA;2022;Maret;Perkotaan;Makanan;508239.0
DKI JAKARTA;2022;Maret;Perkotaan;Non-Makanan;230716.0
DKI JAKARTA;2022;Maret;Perkotaan;Total;738955.0
DKI JAKARTA;2022;Maret;Perkotaan dan Perdesaan;Makanan;508239.0
DKI JAKARTA;2022;Maret;Perkotaan dan Perdesaan;Non-Makanan;230716.0
DKI JAKARTA;2022;Maret;Perkotaan dan Perdesaan;Total;738955.0
DKI JAKARTA;2022;September;Perkotaan;Makanan;534819.0
DKI JAKARTA;2022;September;Perkotaan;Non-Makanan;238551.0
DKI JAKARTA;2022;September;Perkotaan;Total;773370.0
DKI JAKARTA;2022;September;Perkotaan dan Perdesaan;Makanan;534819.0
DKI JAKARTA;2022;September;Perkotaan dan Perdesaan;Non-Makanan;238551.0
DKI JAKARTA;2022;September;Perkotaan dan Perdesaan;Total;773370.0
GORONTALO;2013;Maret;Perdesaan;Total;219827.0
GORONTALO;2013;Maret;Perkotaan;Total;224622.0
GORONTALO;2013;September;Perdesaan;Total;232048.0
GORONTALO;2013;September;Perkotaan;Total;237600.0
GORONTALO;2014;Maret;Perdesaan;Total;241936.0
GORONTALO;2014;Maret;Perkotaan;Total;246633.0
GORONTALO;2014;September;Perdesaan;Total;246290.0
GORONTALO;2014;September;Perkotaan;Total;250157.0
GORONTALO;2015;Maret;Perdesaan;Makanan;207980.0
GORONTALO;2015;Maret;Perdesaan;Non-Makanan;55866.0
GORONTALO;2015;Maret;Perdesaan;Total;263846.0
GORONTALO;2015;Maret;Perkotaan;Makanan;191995.0
GORONTALO;2015;Maret;Perkotaan;Non-Makanan;71293.0
GORONTALO;2015;Maret;Perkotaan;Total;263288.0
GORONTALO;2015;Maret;Perkotaan dan Perdesaan;Makanan;202433.0
GORONTALO;2015;Maret;Perkotaan dan Perdesaan;Non-Makanan;61220.0
GORONTALO;2015;Maret;Perkotaan dan Perdesaan;Total;263653.0
GORONTALO;2015;September;Perdesaan;Makanan;216687.0
GORONTALO;2015;September;Perdesaan;Non-Makanan;58476.0
GORONTALO;2015;September;Perdesaan;Total;275163.0
GORONTALO;2015;September;Perkotaan;Makanan;201515.0
GORONTALO;2015;September;Perkotaan;Non-Makanan;73066.0
GORONTALO;2015;September;Perkotaan;Total;274581.0
GORONTALO;2015;September;Perkotaan dan Perdesaan;Makanan;211422.0
GORONTALO;2015;September;Perkotaan dan Perdesaan;Non-Makanan;63539.0
GORONTALO;2015;September;Perkotaan dan Perdesaan;Total;274961.0
GORONTALO;2016;Maret;Perdesaan;Makanan;224958.0
GORONTALO;2016;Maret;Perdesaan;Non-Makanan;59232.0
GORONTALO;2016;Maret;Perdesaan;Total;284190.0
GORONTALO;2016;Maret;Perkotaan;Makanan;209232.0
GORONTALO;2016;Maret;Perkotaan;Non-Makanan;75076.0
GORONTALO;2016;Maret;Perkotaan;Total;284308.0
GORONTALO;2016;Maret;Perkotaan dan Perdesaan;Makanan;219469.0
GORONTALO;2016;Maret;Perkotaan dan Perdesaan;Non-Makanan;64764.0
GORONTALO;2016;Maret;Perkotaan dan Perdesaan;Total;284233.0
GORONTALO;2016;September;Perdesaan;Makanan;226546.0
GORONTALO;2016;September;Perdesaan;Non-Makanan;59453.0
GORONTALO;2016;September;Perdesaan;Total;285999.0
GORONTALO;2016;September;Perkotaan;Makanan;211756.0
GORONTALO;2016;September;Perkotaan;Non-Makanan;75400.0
GORONTALO;2016;September;Perkotaan;Total;287156.0
GORONTALO;2016;September;Perkotaan dan Perdesaan;Makanan;221772.0
GORONTALO;2016;September;Perkotaan dan Perdesaan;Non-Makanan;65196.0
GORONTALO;2016;September;Perkotaan dan Perdesaan;Total;286968.0
GORONTALO;2017;Maret;Perdesaan;Makanan;233542.0
GORONTALO;2017;Maret;Perdesaan;Non-Makanan;61514.0
GORONTALO;2017;Maret;Perdesaan;Total;295057.0
GORONTALO;2017;Maret;Perkotaan;Makanan;221124.0
GORONTALO;2017;Maret;Perkotaan;Non-Makanan;77368.0
GORONTALO;2017;Maret;Perkotaan;Total;298492.0
GORONTALO;2017;Maret;Perkotaan dan Perdesaan;Makanan;229465.0
GORONTALO;2017;Maret;Perkotaan dan Perdesaan;Non-Makanan;67265.0
GORONTALO;2017;Maret;Perkotaan dan Perdesaan;Total;296730.0
GORONTALO;2017;September;Perdesaan;Makanan;242180.0
GORONTALO;2017;September;Perdesaan;Non-Makanan;62173.0
GORONTALO;2017;September;Perdesaan;Total;304353.0
GORONTALO;2017;September;Perkotaan;Makanan;233999.0
GORONTALO;2017;September;Perkotaan;Non-Makanan;78933.0
GORONTALO;2017;September;Perkotaan;Total;312931.0
GORONTALO;2017;September;Perkotaan dan Perdesaan;Makanan;239329.0
GORONTALO;2017;September;Perkotaan dan Perdesaan;Non-Makanan;68377.0
GORONTALO;2017;September;Perkotaan dan Perdesaan;Total;307706.0
GORONTALO;2018;Maret;Perdesaan;Makanan;249937.0
GORONTALO;2018;Maret;Perdesaan;Non-Makanan;64790.0
GORONTALO;2018;Maret;Perdesaan;Total;314727.0
GORONTALO;2018;Maret;Perkotaan;Makanan;237890.0
GORONTALO;2018;Maret;Perkotaan;Non-Makanan;80305.0
GORONTALO;2018;Maret;Perkotaan;Total;318195.0
GORONTALO;2018;Maret;Perkotaan dan Perdesaan;Makanan;245508.0
GORONTALO;2018;Maret;Perkotaan dan Perdesaan;Non-Makanan;70788.0
GORONTALO;2018;Maret;Perkotaan dan Perdesaan;Total;316296.0
GORONTALO;2018;September;Perdesaan;Makanan;255886.0
GORONTALO;2018;September;Perdesaan;Non-Makanan;67246.0
GORONTALO;2018;September;Perdesaan;Total;323133.0
GORONTALO;2018;September;Perkotaan;Makanan;246148.0
GORONTALO;2018;September;Perkotaan;Non-Makanan;81220.0
GORONTALO;2018;September;Perkotaan;Total;327369.0
GORONTALO;2018;September;Perkotaan dan Perdesaan;Makanan;252117.0
GORONTALO;2018;September;Perkotaan dan Perdesaan;Non-Makanan;73011.0
GORONTALO;2018;September;Perkotaan dan Perdesaan;Total;325129.0
GORONTALO;2019;Maret;Perdesaan;Makanan;259698.0
GORONTALO;2019;Maret;Perdesaan;Non-Makanan;68899.0
GORONTALO;2019;Maret;Perdesaan;Total;328597.0
GORONTALO;2019;Maret;Perkotaan;Makanan;255870.0
GORONTALO;2019;Maret;Perkotaan;Non-Makanan;83130.0
GORONTALO;2019;Maret;Perkotaan;Total;339000.0
GORONTALO;2019;Maret;Perkotaan dan Perdesaan;Makanan;258158.0
GORONTALO;2019;Maret;Perkotaan dan Perdesaan;Non-Makanan;74912.0
GORONTALO;2019;Maret;Perkotaan dan Perdesaan;Total;333070.0
GORONTALO;2019;September;Perdesaan;Makanan;279108.0
GORONTALO;2019;September;Perdesaan;Non-Makanan;72832.0
GORONTALO;2019;September;Perdesaan;Total;351940.0
GORONTALO;2019;September;Perkotaan;Makanan;261635.0
GORONTALO;2019;September;Perkotaan;Non-Makanan;91439.0
GORONTALO;2019;September;Perkotaan;Total;353074.0
GORONTALO;2019;September;Perkotaan dan Perdesaan;Makanan;272431.0
GORONTALO;2019;September;Perkotaan dan Perdesaan;Non-Makanan;80678.0
GORONTALO;2019;September;Perkotaan dan Perdesaan;Total;353109.0
GORONTALO;2020;Maret;Perdesaan;Makanan;292558.0
GORONTALO;2020;Maret;Perdesaan;Non-Makanan;74253.0
GORONTALO;2020;Maret;Perdesaan;Total;366811.0
GORONTALO;2020;Maret;Perkotaan;Makanan;279230.0
GORONTALO;2020;Maret;Perkotaan;Non-Makanan;91971.0
GORONTALO;2020;Maret;Perkotaan;Total;371201.0
GORONTALO;2020;Maret;Perkotaan dan Perdesaan;Makanan;287272.0
GORONTALO;2020;Maret;Perkotaan dan Perdesaan;Non-Makanan;81718.0
GORONTALO;2020;Maret;Perkotaan dan Perdesaan;Total;368990.0
GORONTALO;2020;September;Perdesaan;Makanan;298431.0
GORONTALO;2020;September;Perdesaan;Non-Makanan;75481.0
GORONTALO;2020;September;Perdesaan;Total;373911.0
GORONTALO;2020;September;Perkotaan;Makanan;281726.0
GORONTALO;2020;September;Perkotaan;Non-Makanan;94014.0
GORONTALO;2020;September;Perkotaan;Total;375740.0
GORONTALO;2020;September;Perkotaan dan Perdesaan;Makanan;291402.0
GORONTALO;2020;September;Perkotaan dan Perdesaan;Non-Makanan;83441.0
GORONTALO;2020;September;Perkotaan dan Perdesaan;Total;374843.0
GORONTALO;2021;Maret;Perdesaan;Makanan;310257.0
GORONTALO;2021;Maret;Perdesaan;Non-Makanan;78352.0
GORONTALO;2021;Maret;Perdesaan;Total;388609.0
GORONTALO;2021;Maret;Perkotaan;Makanan;292463.0
GORONTALO;2021;Maret;Perkotaan;Non-Makanan;97496.0
GORONTALO;2021;Maret;Perkotaan;Total;389959.0
GORONTALO;2021;Maret;Perkotaan dan Perdesaan;Makanan;303108.0
GORONTALO;2021;Maret;Perkotaan dan Perdesaan;Non-Makanan;86719.0
GORONTALO;2021;Maret;Perkotaan dan Perdesaan;Total;389827.0
GORONTALO;2021;September;Perdesaan;Makanan;315316.0
GORONTALO;2021;September;Perdesaan;Non-Makanan;83491.0
GORONTALO;2021;September;Perdesaan;Total;398806.0
GORONTALO;2021;September;Perkotaan;Makanan;298372.0
GORONTALO;2021;September;Perkotaan;Non-Makanan;102847.0
GORONTALO;2021;September;Perkotaan;Total;401219.0
GORONTALO;2021;September;Perkotaan dan Perdesaan;Makanan;308586.0
GORONTALO;2021;September;Perkotaan dan Perdesaan;Non-Makanan;91919.0
GORONTALO;2021;September;Perkotaan dan Perdesaan;Total;400505.0
GORONTALO;2022;Maret;Perdesaan;Makanan;324541.0
GORONTALO;2022;Maret;Perdesaan;Non-Makanan;85647.0
GORONTALO;2022;Maret;Perdesaan;Total;410188.0
GORONTALO;2022;Maret;Perkotaan;Makanan;307264.0
GORONTALO;2022;Maret;Perkotaan;Non-Makanan;106015.0
GORONTALO;2022;Maret;Perkotaan;Total;413279.0
GORONTALO;2022;Maret;Perkotaan dan Perdesaan;Makanan;317319.0
GORONTALO;2022;Maret;Perkotaan dan Perdesaan;Non-Makanan;94588.0
GORONTALO;2022;Maret;Perkotaan dan Perdesaan;Total;411907.0
GORONTALO;2022;September;Perdesaan;Makanan;342791.0
GORONTALO;2022;September;Perdesaan;Non-Makanan;89278.0
GORONTALO;2022;September;Perdesaan;Total;432069.0
GORONTALO;2022;September;Perkotaan;Makanan;321061.0
GORONTALO;2022;September;Perkotaan;Non-Makanan;115590.0
GORONTALO;2022;September;Perkotaan;Total;436651.0
GORONTALO;2022;September;Perkotaan dan Perdesaan;Makanan;333794.0
GORONTALO;2022;September;Perkotaan dan Perdesaan;Non-Makanan;101167.0
GORONTALO;2022;September;Perkotaan dan Perdesaan;Total;434961.0
INDONESIA;2013;Maret;Perdesaan;Total;253273.0
INDONESIA;2013;Maret;Perkotaan;Total;289042.0
INDONESIA;2013;September;Perdesaan;Total;275779.0
INDONESIA;2013;September;Perkotaan;Total;275779.0
INDONESIA;2014;Maret;Perdesaan;Total;286097.0
INDONESIA;2014;Maret;Perkotaan;Total;318514.0
INDONESIA;2014;September;Perdesaan;Total;296681.0
INDONESIA;2014;September;Perkotaan;Total;326853.0
INDONESIA;2015;Maret;Perdesaan;Makanan;245357.0
INDONESIA;2015;Maret;Perdesaan;Non-Makanan;72524.0
INDONESIA;2015;Maret;Perdesaan;Total;317881.0
INDONESIA;2015;Maret;Perkotaan;Makanan;238278.0
INDONESIA;2015;Maret;Perkotaan;Non-Makanan;104263.0
INDONESIA;2015;Maret;Perkotaan;Total;342541.0
INDONESIA;2015;Maret;Perkotaan dan Perdesaan;Makanan;242241.0
INDONESIA;2015;Maret;Perkotaan dan Perdesaan;Non-Makanan;88535.0
INDONESIA;2015;Maret;Perkotaan dan Perdesaan;Total;330776.0
INDONESIA;2015;September;Perdesaan;Makanan;256120.0
INDONESIA;2015;September;Perdesaan;Non-Makanan;76914.0
INDONESIA;2015;September;Perdesaan;Total;333034.0
INDONESIA;2015;September;Perkotaan;Makanan;247840.0
INDONESIA;2015;September;Perkotaan;Non-Makanan;108538.0
INDONESIA;2015;September;Perkotaan;Total;356378.0
INDONESIA;2015;September;Perkotaan dan Perdesaan;Makanan;251943.0
INDONESIA;2015;September;Perkotaan dan Perdesaan;Non-Makanan;92866.0
INDONESIA;2015;September;Perkotaan dan Perdesaan;Total;344809.0
INDONESIA;2016;Maret;Perdesaan;Makanan;266132.0
INDONESIA;2016;Maret;Perdesaan;Non-Makanan;77514.0
INDONESIA;2016;Maret;Perdesaan;Total;343647.0
INDONESIA;2016;Maret;Perkotaan;Makanan;255181.0
INDONESIA;2016;Maret;Perkotaan;Non-Makanan;109346.0
INDONESIA;2016;Maret;Perkotaan;Total;364527.0
INDONESIA;2016;Maret;Perkotaan dan Perdesaan;Makanan;260469.0
INDONESIA;2016;Maret;Perkotaan dan Perdesaan;Non-Makanan;93917.0
INDONESIA;2016;Maret;Perkotaan dan Perdesaan;Total;354386.0
INDONESIA;2016;September;Perdesaan;Makanan;270038.0
INDONESIA;2016;September;Perdesaan;Non-Makanan;80382.0
INDONESIA;2016;September;Perdesaan;Total;350420.0
INDONESIA;2016;September;Perkotaan;Makanan;259886.0
INDONESIA;2016;September;Perkotaan;Non-Makanan;112228.0
INDONESIA;2016;September;Perkotaan;Total;372114.0
INDONESIA;2016;September;Perkotaan dan Perdesaan;Makanan;264941.0
INDONESIA;2016;September;Perkotaan dan Perdesaan;Non-Makanan;97050.0
INDONESIA;2016;September;Perkotaan dan Perdesaan;Total;361991.0
INDONESIA;2017;Maret;Perdesaan;Makanan;278277.0
INDONESIA;2017;Maret;Perdesaan;Non-Makanan;83218.0
INDONESIA;2017;Maret;Perdesaan;Total;361496.0
INDONESIA;2017;Maret;Perkotaan;Makanan;270856.0
INDONESIA;2017;Maret;Perkotaan;Non-Makanan;114765.0
INDONESIA;2017;Maret;Perkotaan;Total;385621.0
INDONESIA;2017;Maret;Perkotaan dan Perdesaan;Makanan;274544.0
INDONESIA;2017;Maret;Perkotaan dan Perdesaan;Non-Makanan;99933.0
INDONESIA;2017;Maret;Perkotaan dan Perdesaan;Total;374477.0
INDONESIA;2017;September;Perdesaan;Makanan;284740.0
INDONESIA;2017;September;Perdesaan;Non-Makanan;86169.0
INDONESIA;2017;September;Perdesaan;Total;370910.0
INDONESIA;2017;September;Perkotaan;Makanan;283220.0
INDONESIA;2017;September;Perkotaan;Non-Makanan;117775.0
INDONESIA;2017;September;Perkotaan;Total;400995.0
INDONESIA;2017;September;Perkotaan dan Perdesaan;Makanan;283964.0
INDONESIA;2017;September;Perkotaan dan Perdesaan;Non-Makanan;103196.0
INDONESIA;2017;September;Perkotaan dan Perdesaan;Total;387160.0
INDONESIA;2018;Maret;Perdesaan;Makanan;294302.0
INDONESIA;2018;Maret;Perdesaan;Non-Makanan;89606.0
INDONESIA;2018;Maret;Perdesaan;Total;383908.0
INDONESIA;2018;Maret;Perkotaan;Makanan;295272.0
INDONESIA;2018;Maret;Perkotaan;Non-Makanan;120342.0
INDONESIA;2018;Maret;Perkotaan;Total;415614.0
INDONESIA;2018;Maret;Perkotaan dan Perdesaan;Makanan;294806.0
INDONESIA;2018;Maret;Perkotaan dan Perdesaan;Non-Makanan;106414.0
INDONESIA;2018;Maret;Perkotaan dan Perdesaan;Total;401220.0
INDONESIA;2018;September;Perdesaan;Makanan;299883.0
INDONESIA;2018;September;Perdesaan;Non-Makanan;92270.0
INDONESIA;2018;September;Perdesaan;Total;392154.0
INDONESIA;2018;September;Perkotaan;Makanan;303909.0
INDONESIA;2018;September;Perkotaan;Non-Makanan;121860.0
INDONESIA;2018;September;Perkotaan;Total;425770.0
INDONESIA;2018;September;Perkotaan dan Perdesaan;Makanan;302022.0
INDONESIA;2018;September;Perkotaan dan Perdesaan;Non-Makanan;108647.0
INDONESIA;2018;September;Perkotaan dan Perdesaan;Total;410669.0
INDONESIA;2019;Maret;Perdesaan;Makanan;309287.0
INDONESIA;2019;Maret;Perdesaan;Non-Makanan;95111.0
INDONESIA;2019;Maret;Perdesaan;Total;404398.0
INDONESIA;2019;Maret;Perkotaan;Makanan;316687.0
INDONESIA;2019;Maret;Perkotaan;Non-Makanan;125375.0
INDONESIA;2019;Maret;Perkotaan;Total;442063.0
INDONESIA;2019;Maret;Perkotaan dan Perdesaan;Makanan;313232.0
INDONESIA;2019;Maret;Perkotaan dan Perdesaan;Non-Makanan;112018.0
INDONESIA;2019;Maret;Perkotaan dan Perdesaan;Total;425250.0
INDONESIA;2019;September;Perdesaan;Makanan;320019.0
INDONESIA;2019;September;Perdesaan;Non-Makanan;98495.0
INDONESIA;2019;September;Perdesaan;Total;418515.0
INDONESIA;2019;September;Perkotaan;Makanan;329220.0
INDONESIA;2019;September;Perkotaan;Non-Makanan;129160.0
INDONESIA;2019;September;Perkotaan;Total;458380.0
INDONESIA;2019;September;Perkotaan dan Perdesaan;Makanan;324911.0
INDONESIA;2019;September;Perkotaan dan Perdesaan;Non-Makanan;115627.0
INDONESIA;2019;September;Perkotaan dan Perdesaan;Total;440538.0
INDONESIA;2020;Maret;Perdesaan;Makanan;331492.0
INDONESIA;2020;Maret;Perdesaan;Non-Makanan;101788.0
INDONESIA;2020;Maret;Perdesaan;Total;433281.0
INDONESIA;2020;Maret;Perkotaan;Makanan;339519.0
INDONESIA;2020;Maret;Perkotaan;Non-Makanan;132303.0
INDONESIA;2020;Maret;Perkotaan;Total;471822.0
INDONESIA;2020;Maret;Perkotaan dan Perdesaan;Makanan;335793.0
INDONESIA;2020;Maret;Perkotaan dan Perdesaan;Non-Makanan;118859.0
INDONESIA;2020;Maret;Perkotaan dan Perdesaan;Total;454652.0
INDONESIA;2020;September;Perdesaan;Makanan;335042.0
INDONESIA;2020;September;Perdesaan;Non-Makanan;102860.0
INDONESIA;2020;September;Perdesaan;Total;437902.0
INDONESIA;2020;September;Perkotaan;Makanan;342356.0
INDONESIA;2020;September;Perkotaan;Non-Makanan;133121.0
INDONESIA;2020;September;Perkotaan;Total;475477.0
INDONESIA;2020;September;Perkotaan dan Perdesaan;Makanan;339003.0
INDONESIA;2020;September;Perkotaan dan Perdesaan;Non-Makanan;119943.0
INDONESIA;2020;September;Perkotaan dan Perdesaan;Total;458946.0
INDONESIA;2021;Maret;Perdesaan;Makanan;344277.0
INDONESIA;2021;Maret;Perdesaan;Non-Makanan;105908.0
INDONESIA;2021;Maret;Perdesaan;Total;450185.0
INDONESIA;2021;Maret;Perkotaan;Makanan;353767.0
INDONESIA;2021;Maret;Perkotaan;Non-Makanan;136081.0
INDONESIA;2021;Maret;Perkotaan;Total;489848.0
INDONESIA;2021;Maret;Perkotaan dan Perdesaan;Makanan;349474.0
INDONESIA;2021;Maret;Perkotaan dan Perdesaan;Non-Makanan;123051.0
INDONESIA;2021;Maret;Perkotaan dan Perdesaan;Total;472525.0
INDONESIA;2021;September;Perdesaan;Makanan;355299.0
INDONESIA;2021;September;Perdesaan;Non-Makanan;109175.0
INDONESIA;2021;September;Perdesaan;Total;464474.0
INDONESIA;2021;September;Perkotaan;Makanan;363836.0
INDONESIA;2021;September;Perkotaan;Non-Makanan;138894.0
INDONESIA;2021;September;Perkotaan;Total;502730.0
INDONESIA;2021;September;Perkotaan dan Perdesaan;Makanan;360007.0
INDONESIA;2021;September;Perkotaan dan Perdesaan;Non-Makanan;126161.0
INDONESIA;2021;September;Perkotaan dan Perdesaan;Total;486168.0
INDONESIA;2022;Maret;Perdesaan;Makanan;370096.0
INDONESIA;2022;Maret;Perdesaan;Non-Makanan;114113.0
INDONESIA;2022;Maret;Perdesaan;Total;484209.0
INDONESIA;2022;Maret;Perkotaan;Makanan;377958.0
INDONESIA;2022;Maret;Perkotaan;Non-Makanan;143536.0
INDONESIA;2022;Maret;Perkotaan;Total;521494.0
INDONESIA;2022;Maret;Perkotaan dan Perdesaan;Makanan;374454.0
INDONESIA;2022;Maret;Perkotaan dan Perdesaan;Non-Makanan;131014.0
INDONESIA;2022;Maret;Perkotaan dan Perdesaan;Total;505468.0
INDONESIA;2022;September;Perdesaan;Makanan;391093.0
INDONESIA;2022;September;Perdesaan;Non-Makanan;122077.0
INDONESIA;2022;September;Perdesaan;Total;513170.0
INDONESIA;2022;September;Perkotaan;Makanan;401969.0
INDONESIA;2022;September;Perkotaan;Non-Makanan;150380.0
INDONESIA;2022;September;Perkotaan;Total;552349.0
INDONESIA;2022;September;Perkotaan dan Perdesaan;Makanan;397125.0
INDONESIA;2022;September;Perkotaan dan Perdesaan;Non-Makanan;138422.0
INDONESIA;2022;September;Perkotaan dan Perdesaan;Total;535547.0
JAMBI;2013;Maret;Perdesaan;Total;258408.0
JAMBI;2013;Maret;Perkotaan;Total;337930.0
JAMBI;2013;September;Perdesaan;Total;280660.0
JAMBI;2013;September;Perkotaan;Total;369835.0
JAMBI;2014;Maret;Perdesaan;Total;291534.0
JAMBI;2014;Maret;Perkotaan;Total;379183.0
JAMBI;2014;September;Perdesaan;Total;302162.0
JAMBI;2014;September;Perkotaan;Total;390931.0
JAMBI;2015;Maret;Perdesaan;Makanan;247652.0
JAMBI;2015;Maret;Perdesaan;Non-Makanan;69186.0
JAMBI;2015;Maret;Perdesaan;Total;316838.0
JAMBI;2015;Maret;Perkotaan;Makanan;297507.0
JAMBI;2015;Maret;Perkotaan;Non-Makanan;108566.0
JAMBI;2015;Maret;Perkotaan;Total;406074.0
JAMBI;2015;Maret;Perkotaan dan Perdesaan;Makanan;262791.0
JAMBI;2015;Maret;Perkotaan dan Perdesaan;Non-Makanan;81144.0
JAMBI;2015;Maret;Perkotaan dan Perdesaan;Total;343935.0
JAMBI;2015;September;Perdesaan;Makanan;258946.0
JAMBI;2015;September;Perdesaan;Non-Makanan;70949.0
JAMBI;2015;September;Perdesaan;Total;329895.0
JAMBI;2015;September;Perkotaan;Makanan;308379.0
JAMBI;2015;September;Perkotaan;Non-Makanan;115476.0
JAMBI;2015;September;Perkotaan;Total;423855.0
JAMBI;2015;September;Perkotaan dan Perdesaan;Makanan;273957.0
JAMBI;2015;September;Perkotaan dan Perdesaan;Non-Makanan;84470.0
JAMBI;2015;September;Perkotaan dan Perdesaan;Total;358427.0
JAMBI;2016;Maret;Perdesaan;Makanan;270888.0
JAMBI;2016;Maret;Perdesaan;Non-Makanan;71249.0
JAMBI;2016;Maret;Perdesaan;Total;342137.0
JAMBI;2016;Maret;Perkotaan;Makanan;319954.0
JAMBI;2016;Maret;Perkotaan;Non-Makanan;118646.0
JAMBI;2016;Maret;Perkotaan;Total;438600.0
JAMBI;2016;Maret;Perkotaan dan Perdesaan;Makanan;284973.0
JAMBI;2016;Maret;Perkotaan dan Perdesaan;Non-Makanan;86903.0
JAMBI;2016;Maret;Perkotaan dan Perdesaan;Total;371876.0
JAMBI;2016;September;Perdesaan;Makanan;277173.0
JAMBI;2016;September;Perdesaan;Non-Makanan;72563.0
JAMBI;2016;September;Perdesaan;Total;349735.0
JAMBI;2016;September;Perkotaan;Makanan;328157.0
JAMBI;2016;September;Perkotaan;Non-Makanan;120458.0
JAMBI;2016;September;Perkotaan;Total;448615.0
JAMBI;2016;September;Perkotaan dan Perdesaan;Makanan;292122.0
JAMBI;2016;September;Perkotaan dan Perdesaan;Non-Makanan;87525.0
JAMBI;2016;September;Perkotaan dan Perdesaan;Total;379647.0
JAMBI;2017;Maret;Perdesaan;Makanan;287877.0
JAMBI;2017;Maret;Perdesaan;Non-Makanan;72641.0
JAMBI;2017;Maret;Perdesaan;Total;360519.0
JAMBI;2017;Maret;Perkotaan;Makanan;336354.0
JAMBI;2017;Maret;Perkotaan;Non-Makanan;121463.0
JAMBI;2017;Maret;Perkotaan;Total;457818.0
JAMBI;2017;Maret;Perkotaan dan Perdesaan;Makanan;301576.0
JAMBI;2017;Maret;Perkotaan dan Perdesaan;Non-Makanan;88019.0
JAMBI;2017;Maret;Perkotaan dan Perdesaan;Total;389595.0
JAMBI;2017;September;Perdesaan;Makanan;291651.0
JAMBI;2017;September;Perdesaan;Non-Makanan;74385.0
JAMBI;2017;September;Perdesaan;Total;366036.0
JAMBI;2017;September;Perkotaan;Makanan;341605.0
JAMBI;2017;September;Perkotaan;Non-Makanan;123627.0
JAMBI;2017;September;Perkotaan;Total;465233.0
JAMBI;2017;September;Perkotaan dan Perdesaan;Makanan;306360.0
JAMBI;2017;September;Perkotaan dan Perdesaan;Non-Makanan;90001.0
JAMBI;2017;September;Perkotaan dan Perdesaan;Total;396361.0
JAMBI;2018;Maret;Perdesaan;Makanan;312113.0
JAMBI;2018;Maret;Perdesaan;Non-Makanan;86388.0
JAMBI;2018;Maret;Perdesaan;Total;398501.0
JAMBI;2018;Maret;Perkotaan;Makanan;358637.0
JAMBI;2018;Maret;Perkotaan;Non-Makanan;129154.0
JAMBI;2018;Maret;Perkotaan;Total;487791.0
JAMBI;2018;Maret;Perkotaan dan Perdesaan;Makanan;326180.0
JAMBI;2018;Maret;Perkotaan dan Perdesaan;Non-Makanan;100071.0
JAMBI;2018;Maret;Perkotaan dan Perdesaan;Total;426251.0
JAMBI;2018;September;Perdesaan;Makanan;314945.0
JAMBI;2018;September;Perdesaan;Non-Makanan;86819.0
JAMBI;2018;September;Perdesaan;Total;401765.0
JAMBI;2018;September;Perkotaan;Makanan;363152.0
JAMBI;2018;September;Perkotaan;Non-Makanan;129210.0
JAMBI;2018;September;Perkotaan;Total;492364.0
JAMBI;2018;September;Perkotaan dan Perdesaan;Makanan;329934.0
JAMBI;2018;September;Perkotaan dan Perdesaan;Non-Makanan;100501.0
JAMBI;2018;September;Perkotaan dan Perdesaan;Total;430435.0
JAMBI;2019;Maret;Perdesaan;Makanan;327181.0
JAMBI;2019;Maret;Perdesaan;Non-Makanan;91640.0
JAMBI;2019;Maret;Perdesaan;Total;418821.0
JAMBI;2019;Maret;Perkotaan;Makanan;379659.0
JAMBI;2019;Maret;Perkotaan;Non-Makanan;131996.0
JAMBI;2019;Maret;Perkotaan;Total;511654.0
JAMBI;2019;Maret;Perkotaan dan Perdesaan;Makanan;343783.0
JAMBI;2019;Maret;Perkotaan dan Perdesaan;Non-Makanan;104725.0
JAMBI;2019;Maret;Perkotaan dan Perdesaan;Total;448508.0
JAMBI;2019;September;Perdesaan;Makanan;341445.0
JAMBI;2019;September;Perdesaan;Non-Makanan;96542.0
JAMBI;2019;September;Perdesaan;Total;437987.0
JAMBI;2019;September;Perkotaan;Makanan;389321.0
JAMBI;2019;September;Perkotaan;Non-Makanan;135322.0
JAMBI;2019;September;Perkotaan;Total;524643.0
JAMBI;2019;September;Perkotaan dan Perdesaan;Makanan;355585.0
JAMBI;2019;September;Perkotaan dan Perdesaan;Non-Makanan;108973.0
JAMBI;2019;September;Perkotaan dan Perdesaan;Total;464558.0
JAMBI;2020;Maret;Perdesaan;Makanan;349384.0
JAMBI;2020;Maret;Perdesaan;Non-Makanan;104118.0
JAMBI;2020;Maret;Perdesaan;Total;453502.0
JAMBI;2020;Maret;Perkotaan;Makanan;409968.0
JAMBI;2020;Maret;Perkotaan;Non-Makanan;139066.0
JAMBI;2020;Maret;Perkotaan;Total;549033.0
JAMBI;2020;Maret;Perkotaan dan Perdesaan;Makanan;368137.0
JAMBI;2020;Maret;Perkotaan dan Perdesaan;Non-Makanan;115405.0
JAMBI;2020;Maret;Perkotaan dan Perdesaan;Total;483542.0
JAMBI;2020;September;Perdesaan;Makanan;350313.0
JAMBI;2020;September;Perdesaan;Non-Makanan;104441.0
JAMBI;2020;September;Perdesaan;Total;454754.0
JAMBI;2020;September;Perkotaan;Makanan;412391.0
JAMBI;2020;September;Perkotaan;Non-Makanan;140106.0
JAMBI;2020;September;Perkotaan;Total;552498.0
JAMBI;2020;September;Perkotaan dan Perdesaan;Makanan;369835.0
JAMBI;2020;September;Perkotaan dan Perdesaan;Non-Makanan;116085.0
JAMBI;2020;September;Perkotaan dan Perdesaan;Total;485920.0
JAMBI;2021;Maret;Perdesaan;Makanan;362221.0
JAMBI;2021;Maret;Perdesaan;Non-Makanan;108537.0
JAMBI;2021;Maret;Perdesaan;Total;470758.0
JAMBI;2021;Maret;Perkotaan;Makanan;437220.0
JAMBI;2021;Maret;Perkotaan;Non-Makanan;146528.0
JAMBI;2021;Maret;Perkotaan;Total;583748.0
JAMBI;2021;Maret;Perkotaan dan Perdesaan;Makanan;385360.0
JAMBI;2021;Maret;Perkotaan dan Perdesaan;Non-Makanan;120995.0
JAMBI;2021;Maret;Perkotaan dan Perdesaan;Total;506355.0
JAMBI;2021;September;Perdesaan;Makanan;364150.0
JAMBI;2021;September;Perdesaan;Non-Makanan;114856.0
JAMBI;2021;September;Perdesaan;Total;479006.0
JAMBI;2021;September;Perkotaan;Makanan;448893.0
JAMBI;2021;September;Perkotaan;Non-Makanan;149285.0
JAMBI;2021;September;Perkotaan;Total;598178.0
JAMBI;2021;September;Perkotaan dan Perdesaan;Makanan;391656.0
JAMBI;2021;September;Perkotaan dan Perdesaan;Non-Makanan;126067.0
JAMBI;2021;September;Perkotaan dan Perdesaan;Total;517723.0
JAMBI;2022;Maret;Perdesaan;Makanan;380967.0
JAMBI;2022;Maret;Perdesaan;Non-Makanan;122845.0
JAMBI;2022;Maret;Perdesaan;Total;503811.0
JAMBI;2022;Maret;Perkotaan;Makanan;478149.0
JAMBI;2022;Maret;Perkotaan;Non-Makanan;157559.0
JAMBI;2022;Maret;Perkotaan;Total;635708.0
JAMBI;2022;Maret;Perkotaan dan Perdesaan;Makanan;411537.0
JAMBI;2022;Maret;Perkotaan dan Perdesaan;Non-Makanan;134333.0
JAMBI;2022;Maret;Perkotaan dan Perdesaan;Total;545870.0
JAMBI;2022;September;Perdesaan;Makanan;410425.0
JAMBI;2022;September;Perdesaan;Non-Makanan;130842.0
JAMBI;2022;September;Perdesaan;Total;541267.0
JAMBI;2022;September;Perkotaan;Makanan;517739.0
JAMBI;2022;September;Perkotaan;Non-Makanan;166816.0
JAMBI;2022;September;Perkotaan;Total;684555.0
JAMBI;2022;September;Perkotaan dan Perdesaan;Makanan;443292.0
JAMBI;2022;September;Perkotaan dan Perdesaan;Non-Makanan;142658.0
JAMBI;2022;September;Perkotaan dan Perdesaan;Total;585950.0
JAWA BARAT;2013;Maret;Perdesaan;Total;240945.0
JAWA BARAT;2013;Maret;Perkotaan;Total;258538.0
JAWA BARAT;2013;September;Perdesaan;Total;268251.0
JAWA BARAT;2013;September;Perkotaan;Total;281189.0
JAWA BARAT;2014;Maret;Perdesaan;Total;277645.0
JAWA BARAT;2014;Maret;Perkotaan;Total;288742.0
JAWA BARAT;2014;September;Perdesaan;Total;285076.0
JAWA BARAT;2014;September;Perkotaan;Total;294700.0
JAWA BARAT;2015;Maret;Perdesaan;Makanan;231259.0
JAWA BARAT;2015;Maret;Perdesaan;Non-Makanan;74358.0
JAWA BARAT;2015;Maret;Perdesaan;Total;305618.0
JAWA BARAT;2015;Maret;Perkotaan;Makanan;213479.0
JAWA BARAT;2015;Maret;Perkotaan;Non-Makanan;94009.0
JAWA BARAT;2015;Maret;Perkotaan;Total;307487.0
JAWA BARAT;2015;Maret;Perkotaan dan Perdesaan;Makanan;219290.0
JAWA BARAT;2015;Maret;Perkotaan dan Perdesaan;Non-Makanan;87586.0
JAWA BARAT;2015;Maret;Perkotaan dan Perdesaan;Total;306876.0
JAWA BARAT;2015;September;Perdesaan;Makanan;241132.0
JAWA BARAT;2015;September;Perdesaan;Non-Makanan;78096.0
JAWA BARAT;2015;September;Perdesaan;Total;319228.0
JAWA BARAT;2015;September;Perkotaan;Makanan;223843.0
JAWA BARAT;2015;September;Perkotaan;Non-Makanan;94454.0
JAWA BARAT;2015;September;Perkotaan;Total;318297.0
JAWA BARAT;2015;September;Perkotaan dan Perdesaan;Makanan;229494.0
JAWA BARAT;2015;September;Perkotaan dan Perdesaan;Non-Makanan;89107.0
JAWA BARAT;2015;September;Perkotaan dan Perdesaan;Total;318601.0
JAWA BARAT;2016;Maret;Perdesaan;Makanan;246605.0
JAWA BARAT;2016;Maret;Perdesaan;Non-Makanan;78332.0
JAWA BARAT;2016;Maret;Perdesaan;Total;324937.0
JAWA BARAT;2016;Maret;Perkotaan;Makanan;228191.0
JAWA BARAT;2016;Maret;Perkotaan;Non-Makanan;96826.0
JAWA BARAT;2016;Maret;Perkotaan;Total;325017.0
JAWA BARAT;2016;Maret;Perkotaan dan Perdesaan;Makanan;234108.0
JAWA BARAT;2016;Maret;Perkotaan dan Perdesaan;Non-Makanan;90884.0
JAWA BARAT;2016;Maret;Perkotaan dan Perdesaan;Total;324992.0
JAWA BARAT;2016;September;Perdesaan;Makanan;250274.0
JAWA BARAT;2016;September;Perdesaan;Non-Makanan;80963.0
JAWA BARAT;2016;September;Perdesaan;Total;331237.0
JAWA BARAT;2016;September;Perkotaan;Makanan;233953.0
JAWA BARAT;2016;September;Perkotaan;Non-Makanan;98192.0
JAWA BARAT;2016;September;Perkotaan;Total;332145.0
JAWA BARAT;2016;September;Perkotaan dan Perdesaan;Makanan;238945.0
JAWA BARAT;2016;September;Perkotaan dan Perdesaan;Non-Makanan;93174.0
JAWA BARAT;2016;September;Perkotaan dan Perdesaan;Total;332119.0
JAWA BARAT;2017;Maret;Perdesaan;Makanan;257238.0
JAWA BARAT;2017;Maret;Perdesaan;Non-Makanan;84444.0
JAWA BARAT;2017;Maret;Perdesaan;Total;341682.0
JAWA BARAT;2017;Maret;Perkotaan;Makanan;244750.0
JAWA BARAT;2017;Maret;Perkotaan;Non-Makanan;100400.0
JAWA BARAT;2017;Maret;Perkotaan;Total;345151.0
JAWA BARAT;2017;Maret;Perkotaan dan Perdesaan;Makanan;248505.0
JAWA BARAT;2017;Maret;Perkotaan dan Perdesaan;Non-Makanan;95922.0
JAWA BARAT;2017;Maret;Perkotaan dan Perdesaan;Total;344427.0
JAWA BARAT;2017;September;Perdesaan;Makanan;265183.0
JAWA BARAT;2017;September;Perdesaan;Non-Makanan;87921.0
JAWA BARAT;2017;September;Perdesaan;Total;353103.0
JAWA BARAT;2017;September;Perkotaan;Makanan;250654.0
JAWA BARAT;2017;September;Perkotaan;Non-Makanan;104212.0
JAWA BARAT;2017;September;Perkotaan;Total;354866.0
JAWA BARAT;2017;September;Perkotaan dan Perdesaan;Makanan;254799.0
JAWA BARAT;2017;September;Perkotaan dan Perdesaan;Non-Makanan;99879.0
JAWA BARAT;2017;September;Perkotaan dan Perdesaan;Total;354678.0
JAWA BARAT;2018;Maret;Perdesaan;Makanan;274016.0
JAWA BARAT;2018;Maret;Perdesaan;Non-Makanan;90136.0
JAWA BARAT;2018;Maret;Perdesaan;Total;364151.0
JAWA BARAT;2018;Maret;Perkotaan;Makanan;263583.0
JAWA BARAT;2018;Maret;Perkotaan;Non-Makanan;105097.0
JAWA BARAT;2018;Maret;Perkotaan;Total;368680.0
JAWA BARAT;2018;Maret;Perkotaan dan Perdesaan;Makanan;266531.0
JAWA BARAT;2018;Maret;Perkotaan dan Perdesaan;Non-Makanan;101223.0
JAWA BARAT;2018;Maret;Perkotaan dan Perdesaan;Total;367754.0
JAWA BARAT;2018;September;Perdesaan;Makanan;276660.0
JAWA BARAT;2018;September;Perdesaan;Non-Makanan;91144.0
JAWA BARAT;2018;September;Perdesaan;Total;367805.0
JAWA BARAT;2018;September;Perkotaan;Makanan;266339.0
JAWA BARAT;2018;September;Perkotaan;Non-Makanan;105920.0
JAWA BARAT;2018;September;Perkotaan;Total;372260.0
JAWA BARAT;2018;September;Perkotaan dan Perdesaan;Makanan;269064.0
JAWA BARAT;2018;September;Perkotaan dan Perdesaan;Non-Makanan;102311.0
JAWA BARAT;2018;September;Perkotaan dan Perdesaan;Total;371376.0
JAWA BARAT;2019;Maret;Perdesaan;Makanan;284171.0
JAWA BARAT;2019;Maret;Perdesaan;Non-Makanan;92689.0
JAWA BARAT;2019;Maret;Perdesaan;Total;376860.0
JAWA BARAT;2019;Maret;Perkotaan;Makanan;280844.0
JAWA BARAT;2019;Maret;Perkotaan;Non-Makanan;108134.0
JAWA BARAT;2019;Maret;Perkotaan;Total;388979.0
JAWA BARAT;2019;Maret;Perkotaan dan Perdesaan;Makanan;281693.0
JAWA BARAT;2019;Maret;Perkotaan dan Perdesaan;Non-Makanan;104505.0
JAWA BARAT;2019;Maret;Perkotaan dan Perdesaan;Total;386198.0
JAWA BARAT;2019;September;Perdesaan;Makanan;295872.0
JAWA BARAT;2019;September;Perdesaan;Non-Makanan;95137.0
JAWA BARAT;2019;September;Perdesaan;Total;391009.0
JAWA BARAT;2019;September;Perkotaan;Makanan;291607.0
JAWA BARAT;2019;September;Perkotaan;Non-Makanan;110647.0
JAWA BARAT;2019;September;Perkotaan;Total;402254.0
JAWA BARAT;2019;September;Perkotaan dan Perdesaan;Makanan;292718.0
JAWA BARAT;2019;September;Perkotaan dan Perdesaan;Non-Makanan;107014.0
JAWA BARAT;2019;September;Perkotaan dan Perdesaan;Total;399732.0
JAWA BARAT;2020;Maret;Perdesaan;Makanan;307253.0
JAWA BARAT;2020;Maret;Perdesaan;Non-Makanan;96838.0
JAWA BARAT;2020;Maret;Perdesaan;Total;404091.0
JAWA BARAT;2020;Maret;Perkotaan;Makanan;299959.0
JAWA BARAT;2020;Maret;Perkotaan;Non-Makanan;112943.0
JAWA BARAT;2020;Maret;Perkotaan;Total;412902.0
JAWA BARAT;2020;Maret;Perkotaan dan Perdesaan;Makanan;301806.0
JAWA BARAT;2020;Maret;Perkotaan dan Perdesaan;Non-Makanan;109182.0
JAWA BARAT;2020;Maret;Perkotaan dan Perdesaan;Total;410988.0
JAWA BARAT;2020;September;Perdesaan;Makanan;312563.0
JAWA BARAT;2020;September;Perdesaan;Non-Makanan;98778.0
JAWA BARAT;2020;September;Perdesaan;Total;411342.0
JAWA BARAT;2020;September;Perkotaan;Makanan;303465.0
JAWA BARAT;2020;September;Perkotaan;Non-Makanan;113234.0
JAWA BARAT;2020;September;Perkotaan;Total;416699.0
JAWA BARAT;2020;September;Perkotaan dan Perdesaan;Makanan;305687.0
JAWA BARAT;2020;September;Perkotaan dan Perdesaan;Non-Makanan;109994.0
JAWA BARAT;2020;September;Perkotaan dan Perdesaan;Total;415681.0
JAWA BARAT;2021;Maret;Perdesaan;Makanan;319590.0
JAWA BARAT;2021;Maret;Perdesaan;Non-Makanan;102167.0
JAWA BARAT;2021;Maret;Perdesaan;Total;421757.0
JAWA BARAT;2021;Maret;Perkotaan;Makanan;313015.0
JAWA BARAT;2021;Maret;Perkotaan;Non-Makanan;115817.0
JAWA BARAT;2021;Maret;Perkotaan;Total;428832.0
JAWA BARAT;2021;Maret;Perkotaan dan Perdesaan;Makanan;314572.0
JAWA BARAT;2021;Maret;Perkotaan dan Perdesaan;Non-Makanan;112830.0
JAWA BARAT;2021;Maret;Perkotaan dan Perdesaan;Total;427402.0
JAWA BARAT;2021;September;Perdesaan;Makanan;330150.0
JAWA BARAT;2021;September;Perdesaan;Non-Makanan;102892.0
JAWA BARAT;2021;September;Perdesaan;Total;433041.0
JAWA BARAT;2021;September;Perkotaan;Makanan;321499.0
JAWA BARAT;2021;September;Perkotaan;Non-Makanan;117143.0
JAWA BARAT;2021;September;Perkotaan;Total;438642.0
JAWA BARAT;2021;September;Perkotaan dan Perdesaan;Makanan;323525.0
JAWA BARAT;2021;September;Perkotaan dan Perdesaan;Non-Makanan;114079.0
JAWA BARAT;2021;September;Perkotaan dan Perdesaan;Total;437604.0
JAWA BARAT;2022;Maret;Perdesaan;Makanan;343615.0
JAWA BARAT;2022;Maret;Perdesaan;Non-Makanan;107690.0
JAWA BARAT;2022;Maret;Perdesaan;Total;451305.0
JAWA BARAT;2022;Maret;Perkotaan;Makanan;331420.0
JAWA BARAT;2022;Maret;Perkotaan;Non-Makanan;121232.0
JAWA BARAT;2022;Maret;Perkotaan;Total;452653.0
JAWA BARAT;2022;Maret;Perkotaan dan Perdesaan;Makanan;334224.0
JAWA BARAT;2022;Maret;Perkotaan dan Perdesaan;Non-Makanan;118356.0
JAWA BARAT;2022;Maret;Perkotaan dan Perdesaan;Total;452580.0
JAWA BARAT;2022;September;Perdesaan;Makanan;361697.0
JAWA BARAT;2022;September;Perdesaan;Non-Makanan;116273.0
JAWA BARAT;2022;September;Perdesaan;Total;477969.0
JAWA BARAT;2022;September;Perkotaan;Makanan;353253.0
JAWA BARAT;2022;September;Perkotaan;Non-Makanan;127531.0
JAWA BARAT;2022;September;Perkotaan;Total;480785.0
JAWA BARAT;2022;September;Perkotaan dan Perdesaan;Makanan;355172.0
JAWA BARAT;2022;September;Perkotaan dan Perdesaan;Non-Makanan;125178.0
JAWA BARAT;2022;September;Perkotaan dan Perdesaan;Total;480350.0
JAWA TENGAH;2013;Maret;Perdesaan;Total;235202.0
JAWA TENGAH;2013;Maret;Perkotaan;Total;254800.0
JAWA TENGAH;2013;September;Perdesaan;Total;256368.0
JAWA TENGAH;2013;September;Perkotaan;Total;268397.0
JAWA TENGAH;2014;Maret;Perdesaan;Total;267991.0
JAWA TENGAH;2014;Maret;Perkotaan;Total;279036.0
JAWA TENGAH;2014;September;Perdesaan;Total;277802.0
JAWA TENGAH;2014;September;Perkotaan;Total;286014.0
JAWA TENGAH;2015;Maret;Perdesaan;Makanan;221840.0
JAWA TENGAH;2015;Maret;Perdesaan;Non-Makanan;75025.0
JAWA TENGAH;2015;Maret;Perdesaan;Total;296864.0
JAWA TENGAH;2015;Maret;Perkotaan;Makanan;210932.0
JAWA TENGAH;2015;Maret;Perkotaan;Non-Makanan;88079.0
JAWA TENGAH;2015;Maret;Perkotaan;Total;299011.0
JAWA TENGAH;2015;Maret;Perkotaan dan Perdesaan;Makanan;216823.0
JAWA TENGAH;2015;Maret;Perkotaan dan Perdesaan;Non-Makanan;81028.0
JAWA TENGAH;2015;Maret;Perkotaan dan Perdesaan;Total;297851.0
JAWA TENGAH;2015;September;Perdesaan;Makanan;232942.0
JAWA TENGAH;2015;September;Perdesaan;Non-Makanan;77352.0
JAWA TENGAH;2015;September;Perdesaan;Total;310295.0
JAWA TENGAH;2015;September;Perkotaan;Makanan;218935.0
JAWA TENGAH;2015;September;Perkotaan;Non-Makanan;89228.0
JAWA TENGAH;2015;September;Perkotaan;Total;308163.0
JAWA TENGAH;2015;September;Perkotaan dan Perdesaan;Makanan;226501.0
JAWA TENGAH;2015;September;Perkotaan dan Perdesaan;Non-Makanan;82814.0
JAWA TENGAH;2015;September;Perkotaan dan Perdesaan;Total;309315.0
JAWA TENGAH;2016;Maret;Perdesaan;Makanan;237901.0
JAWA TENGAH;2016;Maret;Perdesaan;Non-Makanan;81287.0
JAWA TENGAH;2016;Maret;Perdesaan;Total;319188.0
JAWA TENGAH;2016;Maret;Perkotaan;Makanan;224987.0
JAWA TENGAH;2016;Maret;Perkotaan;Non-Makanan;90282.0
JAWA TENGAH;2016;Maret;Perkotaan;Total;315269.0
JAWA TENGAH;2016;Maret;Perkotaan dan Perdesaan;Makanan;231673.0
JAWA TENGAH;2016;Maret;Perkotaan dan Perdesaan;Non-Makanan;85675.0
JAWA TENGAH;2016;Maret;Perkotaan dan Perdesaan;Total;317348.0
JAWA TENGAH;2016;September;Perdesaan;Makanan;241079.0
JAWA TENGAH;2016;September;Perdesaan;Non-Makanan;81410.0
JAWA TENGAH;2016;September;Perdesaan;Total;322489.0
JAWA TENGAH;2016;September;Perkotaan;Makanan;231212.0
JAWA TENGAH;2016;September;Perkotaan;Non-Makanan;91586.0
JAWA TENGAH;2016;September;Perkotaan;Total;322799.0
JAWA TENGAH;2016;September;Perkotaan dan Perdesaan;Makanan;236403.0
JAWA TENGAH;2016;September;Perkotaan dan Perdesaan;Non-Makanan;86345.0
JAWA TENGAH;2016;September;Perkotaan dan Perdesaan;Total;322748.0
JAWA TENGAH;2017;Maret;Perdesaan;Makanan;248154.0
JAWA TENGAH;2017;Maret;Perdesaan;Non-Makanan;83518.0
JAWA TENGAH;2017;Maret;Perdesaan;Total;331673.0
JAWA TENGAH;2017;Maret;Perkotaan;Makanan;240655.0
JAWA TENGAH;2017;Maret;Perkotaan;Non-Makanan;93866.0
JAWA TENGAH;2017;Maret;Perkotaan;Total;334522.0
JAWA TENGAH;2017;Maret;Perkotaan dan Perdesaan;Makanan;244606.0
JAWA TENGAH;2017;Maret;Perkotaan dan Perdesaan;Non-Makanan;88618.0
JAWA TENGAH;2017;Maret;Perkotaan dan Perdesaan;Total;333224.0
JAWA TENGAH;2017;September;Perdesaan;Makanan;252711.0
JAWA TENGAH;2017;September;Perdesaan;Non-Makanan;84946.0
JAWA TENGAH;2017;September;Perdesaan;Total;337657.0
JAWA TENGAH;2017;September;Perkotaan;Makanan;244264.0
JAWA TENGAH;2017;September;Perkotaan;Non-Makanan;95428.0
JAWA TENGAH;2017;September;Perkotaan;Total;339692.0
JAWA TENGAH;2017;September;Perkotaan dan Perdesaan;Makanan;248612.0
JAWA TENGAH;2017;September;Perkotaan dan Perdesaan;Non-Makanan;90203.0
JAWA TENGAH;2017;September;Perkotaan dan Perdesaan;Total;338815.0
JAWA TENGAH;2018;Maret;Perdesaan;Makanan;259564.0
JAWA TENGAH;2018;Maret;Perdesaan;Non-Makanan;88642.0
JAWA TENGAH;2018;Maret;Perdesaan;Total;348206.0
JAWA TENGAH;2018;Maret;Perkotaan;Makanan;254959.0
JAWA TENGAH;2018;Maret;Perkotaan;Non-Makanan;98281.0
JAWA TENGAH;2018;Maret;Perkotaan;Total;353240.0
JAWA TENGAH;2018;Maret;Perkotaan dan Perdesaan;Makanan;257293.0
JAWA TENGAH;2018;Maret;Perkotaan dan Perdesaan;Non-Makanan;93582.0
JAWA TENGAH;2018;Maret;Perkotaan dan Perdesaan;Total;350875.0
JAWA TENGAH;2018;September;Perdesaan;Makanan;265809.0
JAWA TENGAH;2018;September;Perdesaan;Non-Makanan;89496.0
JAWA TENGAH;2018;September;Perdesaan;Total;355306.0
JAWA TENGAH;2018;September;Perkotaan;Makanan;259615.0
JAWA TENGAH;2018;September;Perkotaan;Non-Makanan;99910.0
JAWA TENGAH;2018;September;Perkotaan;Total;359526.0
JAWA TENGAH;2018;September;Perkotaan dan Perdesaan;Makanan;262772.0
JAWA TENGAH;2018;September;Perkotaan dan Perdesaan;Non-Makanan;94827.0
JAWA TENGAH;2018;September;Perkotaan dan Perdesaan;Total;357599.0
JAWA TENGAH;2019;Maret;Perdesaan;Makanan;273501.0
JAWA TENGAH;2019;Maret;Perdesaan;Non-Makanan;92106.0
JAWA TENGAH;2019;Maret;Perdesaan;Total;365607.0
JAWA TENGAH;2019;Maret;Perkotaan;Makanan;270631.0
JAWA TENGAH;2019;Maret;Perkotaan;Non-Makanan;102252.0
JAWA TENGAH;2019;Maret;Perkotaan;Total;372882.0
JAWA TENGAH;2019;Maret;Perkotaan dan Perdesaan;Makanan;272080.0
JAWA TENGAH;2019;Maret;Perkotaan dan Perdesaan;Non-Makanan;97305.0
JAWA TENGAH;2019;Maret;Perkotaan dan Perdesaan;Total;369385.0
JAWA TENGAH;2019;September;Perdesaan;Makanan;282349.0
JAWA TENGAH;2019;September;Perdesaan;Non-Makanan;93750.0
JAWA TENGAH;2019;September;Perdesaan;Total;376099.0
JAWA TENGAH;2019;September;Perkotaan;Makanan;284099.0
JAWA TENGAH;2019;September;Perkotaan;Non-Makanan;103546.0
JAWA TENGAH;2019;September;Perkotaan;Total;387646.0
JAWA TENGAH;2019;September;Perkotaan dan Perdesaan;Makanan;283217.0
JAWA TENGAH;2019;September;Perkotaan dan Perdesaan;Non-Makanan;98776.0
JAWA TENGAH;2019;September;Perkotaan dan Perdesaan;Total;381993.0
JAWA TENGAH;2020;Maret;Perdesaan;Makanan;292760.0
JAWA TENGAH;2020;Maret;Perdesaan;Non-Makanan;96035.0
JAWA TENGAH;2020;Maret;Perdesaan;Total;388796.0
JAWA TENGAH;2020;Maret;Perkotaan;Makanan;295446.0
JAWA TENGAH;2020;Maret;Perkotaan;Non-Makanan;106325.0
JAWA TENGAH;2020;Maret;Perkotaan;Total;401771.0
JAWA TENGAH;2020;Maret;Perkotaan dan Perdesaan;Makanan;294095.0
JAWA TENGAH;2020;Maret;Perkotaan dan Perdesaan;Non-Makanan;101313.0
JAWA TENGAH;2020;Maret;Perkotaan dan Perdesaan;Total;395408.0
JAWA TENGAH;2020;September;Perdesaan;Makanan;295899.0
JAWA TENGAH;2020;September;Perdesaan;Non-Makanan;96317.0
JAWA TENGAH;2020;September;Perdesaan;Total;392216.0
JAWA TENGAH;2020;September;Perkotaan;Makanan;297510.0
JAWA TENGAH;2020;September;Perkotaan;Non-Makanan;106941.0
JAWA TENGAH;2020;September;Perkotaan;Total;404451.0
JAWA TENGAH;2020;September;Perkotaan dan Perdesaan;Makanan;296697.0
JAWA TENGAH;2020;September;Perkotaan dan Perdesaan;Non-Makanan;101781.0
JAWA TENGAH;2020;September;Perkotaan dan Perdesaan;Total;398478.0
JAWA TENGAH;2021;Maret;Perdesaan;Makanan;302894.0
JAWA TENGAH;2021;Maret;Perdesaan;Non-Makanan;98245.0
JAWA TENGAH;2021;Maret;Perdesaan;Total;401139.0
JAWA TENGAH;2021;Maret;Perkotaan;Makanan;307367.0
JAWA TENGAH;2021;Maret;Perkotaan;Non-Makanan;109458.0
JAWA TENGAH;2021;Maret;Perkotaan;Total;416825.0
JAWA TENGAH;2021;Maret;Perkotaan dan Perdesaan;Makanan;305149.0
JAWA TENGAH;2021;Maret;Perkotaan dan Perdesaan;Non-Makanan;104044.0
JAWA TENGAH;2021;Maret;Perkotaan dan Perdesaan;Total;409193.0
JAWA TENGAH;2021;September;Perdesaan;Makanan;318487.0
JAWA TENGAH;2021;September;Perdesaan;Non-Makanan;100578.0
JAWA TENGAH;2021;September;Perdesaan;Total;419064.0
JAWA TENGAH;2021;September;Perkotaan;Makanan;316590.0
JAWA TENGAH;2021;September;Perkotaan;Non-Makanan;110509.0
JAWA TENGAH;2021;September;Perkotaan;Total;427099.0
JAWA TENGAH;2021;September;Perkotaan dan Perdesaan;Makanan;317519.0
JAWA TENGAH;2021;September;Perkotaan dan Perdesaan;Non-Makanan;105745.0
JAWA TENGAH;2021;September;Perkotaan dan Perdesaan;Total;423264.0
JAWA TENGAH;2022;Maret;Perdesaan;Makanan;330526.0
JAWA TENGAH;2022;Maret;Perdesaan;Non-Makanan;104259.0
JAWA TENGAH;2022;Maret;Perdesaan;Total;434785.0
JAWA TENGAH;2022;Maret;Perkotaan;Makanan;328539.0
JAWA TENGAH;2022;Maret;Perkotaan;Non-Makanan;113940.0
JAWA TENGAH;2022;Maret;Perkotaan;Total;442479.0
JAWA TENGAH;2022;Maret;Perkotaan dan Perdesaan;Makanan;329511.0
JAWA TENGAH;2022;Maret;Perkotaan dan Perdesaan;Non-Makanan;109322.0
JAWA TENGAH;2022;Maret;Perkotaan dan Perdesaan;Total;438833.0
JAWA TENGAH;2022;September;Perdesaan;Makanan;348420.0
JAWA TENGAH;2022;September;Perdesaan;Non-Makanan;111294.0
JAWA TENGAH;2022;September;Perdesaan;Total;459714.0
JAWA TENGAH;2022;September;Perkotaan;Makanan;350614.0
JAWA TENGAH;2022;September;Perkotaan;Non-Makanan;119009.0
JAWA TENGAH;2022;September;Perkotaan;Total;469623.0
JAWA TENGAH;2022;September;Perkotaan dan Perdesaan;Makanan;349523.0
JAWA TENGAH;2022;September;Perkotaan dan Perdesaan;Non-Makanan;115356.0
JAWA TENGAH;2022;September;Perkotaan dan Perdesaan;Total;464879.0
JAWA TIMUR;2013;Maret;Perdesaan;Total;250530.0
JAWA TIMUR;2013;Maret;Perkotaan;Total;265203.0
JAWA TIMUR;2013;September;Perdesaan;Total;269294.0
JAWA TIMUR;2013;September;Perkotaan;Total;278653.0
JAWA TIMUR;2014;Maret;Perdesaan;Total;278429.0
JAWA TIMUR;2014;Maret;Perkotaan;Total;287582.0
JAWA TIMUR;2014;September;Perdesaan;Total;286798.0
JAWA TIMUR;2014;September;Perkotaan;Total;293391.0
JAWA TIMUR;2015;Maret;Perdesaan;Makanan;230565.0
JAWA TIMUR;2015;Maret;Perdesaan;Non-Makanan;74839.0
JAWA TIMUR;2015;Maret;Perdesaan;Total;305404.0
JAWA TIMUR;2015;Maret;Perkotaan;Makanan;216139.0
JAWA TIMUR;2015;Maret;Perkotaan;Non-Makanan;88779.0
JAWA TIMUR;2015;Maret;Perkotaan;Total;304918.0
JAWA TIMUR;2015;Maret;Perkotaan dan Perdesaan;Makanan;223641.0
JAWA TIMUR;2015;Maret;Perkotaan dan Perdesaan;Non-Makanan;81530.0
JAWA TIMUR;2015;Maret;Perkotaan dan Perdesaan;Total;305171.0
JAWA TIMUR;2015;September;Perdesaan;Makanan;240911.0
JAWA TIMUR;2015;September;Perdesaan;Non-Makanan;77532.0
JAWA TIMUR;2015;September;Perdesaan;Total;318443.0
JAWA TIMUR;2015;September;Perkotaan;Makanan;222168.0
JAWA TIMUR;2015;September;Perkotaan;Non-Makanan;92152.0
JAWA TIMUR;2015;September;Perkotaan;Total;314320.0
JAWA TIMUR;2015;September;Perkotaan dan Perdesaan;Makanan;231914.0
JAWA TIMUR;2015;September;Perkotaan dan Perdesaan;Non-Makanan;84549.0
JAWA TIMUR;2015;September;Perkotaan dan Perdesaan;Total;316463.0
JAWA TIMUR;2016;Maret;Perdesaan;Makanan;243840.0
JAWA TIMUR;2016;Maret;Perdesaan;Non-Makanan;79939.0
JAWA TIMUR;2016;Maret;Perdesaan;Total;323779.0
JAWA TIMUR;2016;Maret;Perkotaan;Makanan;225900.0
JAWA TIMUR;2016;Maret;Perkotaan;Non-Makanan;93762.0
JAWA TIMUR;2016;Maret;Perkotaan;Total;319662.0
JAWA TIMUR;2016;Maret;Perkotaan dan Perdesaan;Makanan;236455.0
JAWA TIMUR;2016;Maret;Perkotaan dan Perdesaan;Non-Makanan;85307.0
JAWA TIMUR;2016;Maret;Perkotaan dan Perdesaan;Total;321762.0
JAWA TIMUR;2016;September;Perdesaan;Makanan;246687.0
JAWA TIMUR;2016;September;Perdesaan;Non-Makanan;82159.0
JAWA TIMUR;2016;September;Perdesaan;Total;328846.0
JAWA TIMUR;2016;September;Perkotaan;Makanan;233472.0
JAWA TIMUR;2016;September;Perkotaan;Non-Makanan;95769.0
JAWA TIMUR;2016;September;Perkotaan;Total;329241.0
JAWA TIMUR;2016;September;Perkotaan dan Perdesaan;Makanan;240180.0
JAWA TIMUR;2016;September;Perkotaan dan Perdesaan;Non-Makanan;88992.0
JAWA TIMUR;2016;September;Perkotaan dan Perdesaan;Total;329172.0
JAWA TIMUR;2017;Maret;Perdesaan;Makanan;255319.0
JAWA TIMUR;2017;Maret;Perdesaan;Non-Makanan;84218.0
JAWA TIMUR;2017;Maret;Perdesaan;Total;339537.0
JAWA TIMUR;2017;Maret;Perkotaan;Makanan;246077.0
JAWA TIMUR;2017;Maret;Perkotaan;Non-Makanan;98086.0
JAWA TIMUR;2017;Maret;Perkotaan;Total;344164.0
JAWA TIMUR;2017;Maret;Perkotaan dan Perdesaan;Makanan;250804.0
JAWA TIMUR;2017;Maret;Perkotaan dan Perdesaan;Non-Makanan;91287.0
JAWA TIMUR;2017;Maret;Perkotaan dan Perdesaan;Total;342091.0
JAWA TIMUR;2017;September;Perdesaan;Makanan;260752.0
JAWA TIMUR;2017;September;Perdesaan;Non-Makanan;87245.0
JAWA TIMUR;2017;September;Perdesaan;Total;347997.0
JAWA TIMUR;2017;September;Perkotaan;Makanan;272645.0
JAWA TIMUR;2017;September;Perkotaan;Non-Makanan;99941.0
JAWA TIMUR;2017;September;Perkotaan;Total;372585.0
JAWA TIMUR;2017;September;Perkotaan dan Perdesaan;Makanan;266469.0
JAWA TIMUR;2017;September;Perkotaan dan Perdesaan;Non-Makanan;93833.0
JAWA TIMUR;2017;September;Perkotaan dan Perdesaan;Total;360302.0
JAWA TIMUR;2018;Maret;Perdesaan;Makanan;272436.0
JAWA TIMUR;2018;Maret;Perdesaan;Non-Makanan;89057.0
JAWA TIMUR;2018;Maret;Perdesaan;Total;361493.0
JAWA TIMUR;2018;Maret;Perkotaan;Makanan;282265.0
JAWA TIMUR;2018;Maret;Perkotaan;Non-Makanan;102744.0
JAWA TIMUR;2018;Maret;Perkotaan;Total;385009.0
JAWA TIMUR;2018;Maret;Perkotaan dan Perdesaan;Makanan;277349.0
JAWA TIMUR;2018;Maret;Perkotaan dan Perdesaan;Non-Makanan;96225.0
JAWA TIMUR;2018;Maret;Perkotaan dan Perdesaan;Total;373574.0
JAWA TIMUR;2018;September;Perdesaan;Makanan;279054.0
JAWA TIMUR;2018;September;Perdesaan;Non-Makanan;89738.0
JAWA TIMUR;2018;September;Perdesaan;Total;368793.0
JAWA TIMUR;2018;September;Perkotaan;Makanan;296061.0
JAWA TIMUR;2018;September;Perkotaan;Non-Makanan;103272.0
JAWA TIMUR;2018;September;Perkotaan;Total;399334.0
JAWA TIMUR;2018;September;Perkotaan dan Perdesaan;Makanan;287852.0
JAWA TIMUR;2018;September;Perkotaan dan Perdesaan;Non-Makanan;96897.0
JAWA TIMUR;2018;September;Perkotaan dan Perdesaan;Total;384750.0
JAWA TIMUR;2019;Maret;Perdesaan;Makanan;290587.0
JAWA TIMUR;2019;Maret;Perdesaan;Non-Makanan;91740.0
JAWA TIMUR;2019;Maret;Perdesaan;Total;382327.0
JAWA TIMUR;2019;Maret;Perkotaan;Makanan;305759.0
JAWA TIMUR;2019;Maret;Perkotaan;Non-Makanan;105971.0
JAWA TIMUR;2019;Maret;Perkotaan;Total;411731.0
JAWA TIMUR;2019;Maret;Perkotaan dan Perdesaan;Makanan;298341.0
JAWA TIMUR;2019;Maret;Perkotaan dan Perdesaan;Non-Makanan;99346.0
JAWA TIMUR;2019;Maret;Perkotaan dan Perdesaan;Total;397687.0
JAWA TIMUR;2019;September;Perdesaan;Makanan;294266.0
JAWA TIMUR;2019;September;Perdesaan;Non-Makanan;93809.0
JAWA TIMUR;2019;September;Perdesaan;Total;388075.0
JAWA TIMUR;2019;September;Perkotaan;Makanan;310555.0
JAWA TIMUR;2019;September;Perkotaan;Non-Makanan;108014.0
JAWA TIMUR;2019;September;Perkotaan;Total;418570.0
JAWA TIMUR;2019;September;Perkotaan dan Perdesaan;Makanan;302757.0
JAWA TIMUR;2019;September;Perkotaan dan Perdesaan;Non-Makanan;101415.0
JAWA TIMUR;2019;September;Perkotaan dan Perdesaan;Total;404172.0
JAWA TIMUR;2020;Maret;Perdesaan;Makanan;306255.0
JAWA TIMUR;2020;Maret;Perdesaan;Non-Makanan;96247.0
JAWA TIMUR;2020;Maret;Perdesaan;Total;402503.0
JAWA TIMUR;2020;Maret;Perkotaan;Makanan;317234.0
JAWA TIMUR;2020;Maret;Perkotaan;Non-Makanan;110942.0
JAWA TIMUR;2020;Maret;Perkotaan;Total;428175.0
JAWA TIMUR;2020;Maret;Perkotaan dan Perdesaan;Makanan;311891.0
JAWA TIMUR;2020;Maret;Perkotaan dan Perdesaan;Non-Makanan;104110.0
JAWA TIMUR;2020;Maret;Perkotaan dan Perdesaan;Total;416001.0
JAWA TIMUR;2020;September;Perdesaan;Makanan;309418.0
JAWA TIMUR;2020;September;Perdesaan;Non-Makanan;96788.0
JAWA TIMUR;2020;September;Perdesaan;Total;406206.0
JAWA TIMUR;2020;September;Perkotaan;Makanan;317483.0
JAWA TIMUR;2020;September;Perkotaan;Non-Makanan;111109.0
JAWA TIMUR;2020;September;Perkotaan;Total;428593.0
JAWA TIMUR;2020;September;Perkotaan dan Perdesaan;Makanan;313653.0
JAWA TIMUR;2020;September;Perkotaan dan Perdesaan;Non-Makanan;104574.0
JAWA TIMUR;2020;September;Perkotaan dan Perdesaan;Total;418227.0
JAWA TIMUR;2021;Maret;Perdesaan;Makanan;316010.0
JAWA TIMUR;2021;Maret;Perdesaan;Non-Makanan;98419.0
JAWA TIMUR;2021;Maret;Perdesaan;Total;414429.0
JAWA TIMUR;2021;Maret;Perkotaan;Makanan;328596.0
JAWA TIMUR;2021;Maret;Perkotaan;Non-Makanan;113113.0
JAWA TIMUR;2021;Maret;Perkotaan;Total;441709.0
JAWA TIMUR;2021;Maret;Perkotaan dan Perdesaan;Makanan;322671.0
JAWA TIMUR;2021;Maret;Perkotaan dan Perdesaan;Non-Makanan;106462.0
JAWA TIMUR;2021;Maret;Perkotaan dan Perdesaan;Total;429133.0
JAWA TIMUR;2021;September;Perdesaan;Makanan;327215.0
JAWA TIMUR;2021;September;Perdesaan;Non-Makanan;101242.0
JAWA TIMUR;2021;September;Perdesaan;Total;428457.0
JAWA TIMUR;2021;September;Perkotaan;Makanan;344429.0
JAWA TIMUR;2021;September;Perkotaan;Non-Makanan;115011.0
JAWA TIMUR;2021;September;Perkotaan;Total;459440.0
JAWA TIMUR;2021;September;Perkotaan dan Perdesaan;Makanan;336315.0
JAWA TIMUR;2021;September;Perkotaan dan Perdesaan;Non-Makanan;108825.0
JAWA TIMUR;2021;September;Perkotaan dan Perdesaan;Total;445140.0
JAWA TIMUR;2022;Maret;Perdesaan;Makanan;341452.0
JAWA TIMUR;2022;Maret;Perdesaan;Non-Makanan;104924.0
JAWA TIMUR;2022;Maret;Perdesaan;Total;446375.0
JAWA TIMUR;2022;Maret;Perkotaan;Makanan;354405.0
JAWA TIMUR;2022;Maret;Perkotaan;Non-Makanan;118612.0
JAWA TIMUR;2022;Maret;Perkotaan;Total;473017.0
JAWA TIMUR;2022;Maret;Perkotaan dan Perdesaan;Makanan;348399.0
JAWA TIMUR;2022;Maret;Perkotaan dan Perdesaan;Non-Makanan;112510.0
JAWA TIMUR;2022;Maret;Perkotaan dan Perdesaan;Total;460909.0
JAWA TIMUR;2022;September;Perdesaan;Makanan;361913.0
JAWA TIMUR;2022;September;Perdesaan;Non-Makanan;111568.0
JAWA TIMUR;2022;September;Perdesaan;Total;473481.0
JAWA TIMUR;2022;September;Perkotaan;Makanan;374630.0
JAWA TIMUR;2022;September;Perkotaan;Non-Makanan;125139.0
JAWA TIMUR;2022;September;Perkotaan;Total;499769.0
JAWA TIMUR;2022;September;Perkotaan dan Perdesaan;Makanan;368771.0
JAWA TIMUR;2022;September;Perkotaan dan Perdesaan;Non-Makanan;119136.0
JAWA TIMUR;2022;September;Perkotaan dan Perdesaan;Total;487907.0
KALIMANTAN BARAT;2013;Maret;Perdesaan;Total;242321.0
KALIMANTAN BARAT;2013;Maret;Perkotaan;Total;263058.0
KALIMANTAN BARAT;2013;September;Perdesaan;Total;265898.0
KALIMANTAN BARAT;2013;September;Perkotaan;Total;280423.0
KALIMANTAN BARAT;2014;Maret;Perdesaan;Total;279049.0
KALIMANTAN BARAT;2014;Maret;Perkotaan;Total;291533.0
KALIMANTAN BARAT;2014;September;Perdesaan;Total;294044.0
KALIMANTAN BARAT;2014;September;Perkotaan;Total;307789.0
KALIMANTAN BARAT;2015;Maret;Perdesaan;Makanan;257337.0
KALIMANTAN BARAT;2015;Maret;Perdesaan;Non-Makanan;61456.0
KALIMANTAN BARAT;2015;Maret;Perdesaan;Total;318792.0
KALIMANTAN BARAT;2015;Maret;Perkotaan;Makanan;250029.0
KALIMANTAN BARAT;2015;Maret;Perkotaan;Non-Makanan;84546.0
KALIMANTAN BARAT;2015;Maret;Perkotaan;Total;334575.0
KALIMANTAN BARAT;2015;Maret;Perkotaan dan Perdesaan;Makanan;255104.0
KALIMANTAN BARAT;2015;Maret;Perkotaan dan Perdesaan;Non-Makanan;68511.0
KALIMANTAN BARAT;2015;Maret;Perkotaan dan Perdesaan;Total;323615.0
KALIMANTAN BARAT;2015;September;Perdesaan;Makanan;271176.0
KALIMANTAN BARAT;2015;September;Perdesaan;Non-Makanan;66112.0
KALIMANTAN BARAT;2015;September;Perdesaan;Total;337288.0
KALIMANTAN BARAT;2015;September;Perkotaan;Makanan;259948.0
KALIMANTAN BARAT;2015;September;Perkotaan;Non-Makanan;87567.0
KALIMANTAN BARAT;2015;September;Perkotaan;Total;347516.0
KALIMANTAN BARAT;2015;September;Perkotaan dan Perdesaan;Makanan;267745.0
KALIMANTAN BARAT;2015;September;Perkotaan dan Perdesaan;Non-Makanan;72668.0
KALIMANTAN BARAT;2015;September;Perkotaan dan Perdesaan;Total;340413.0
KALIMANTAN BARAT;2016;Maret;Perdesaan;Makanan;277422.0
KALIMANTAN BARAT;2016;Maret;Perdesaan;Non-Makanan;68058.0
KALIMANTAN BARAT;2016;Maret;Perdesaan;Total;345480.0
KALIMANTAN BARAT;2016;Maret;Perkotaan;Makanan;265291.0
KALIMANTAN BARAT;2016;Maret;Perkotaan;Non-Makanan;87852.0
KALIMANTAN BARAT;2016;Maret;Perkotaan;Total;353143.0
KALIMANTAN BARAT;2016;Maret;Perkotaan dan Perdesaan;Makanan;275121.0
KALIMANTAN BARAT;2016;Maret;Perkotaan dan Perdesaan;Non-Makanan;72760.0
KALIMANTAN BARAT;2016;Maret;Perkotaan dan Perdesaan;Total;347881.0
KALIMANTAN BARAT;2016;September;Perdesaan;Makanan;289535.0
KALIMANTAN BARAT;2016;September;Perdesaan;Non-Makanan;71406.0
KALIMANTAN BARAT;2016;September;Perdesaan;Total;360940.0
KALIMANTAN BARAT;2016;September;Perkotaan;Makanan;275590.0
KALIMANTAN BARAT;2016;September;Perkotaan;Non-Makanan;90887.0
KALIMANTAN BARAT;2016;September;Perkotaan;Total;366477.0
KALIMANTAN BARAT;2016;September;Perkotaan dan Perdesaan;Makanan;285537.0
KALIMANTAN BARAT;2016;September;Perkotaan dan Perdesaan;Non-Makanan;77489.0
KALIMANTAN BARAT;2016;September;Perkotaan dan Perdesaan;Total;363026.0
KALIMANTAN BARAT;2017;Maret;Perdesaan;Makanan;302069.0
KALIMANTAN BARAT;2017;Maret;Perdesaan;Non-Makanan;73552.0
KALIMANTAN BARAT;2017;Maret;Perdesaan;Total;375621.0
KALIMANTAN BARAT;2017;Maret;Perkotaan;Makanan;286049.0
KALIMANTAN BARAT;2017;Maret;Perkotaan;Non-Makanan;93137.0
KALIMANTAN BARAT;2017;Maret;Perkotaan;Total;379187.0
KALIMANTAN BARAT;2017;Maret;Perkotaan dan Perdesaan;Makanan;297455.0
KALIMANTAN BARAT;2017;Maret;Perkotaan dan Perdesaan;Non-Makanan;79764.0
KALIMANTAN BARAT;2017;Maret;Perkotaan dan Perdesaan;Total;377219.0
KALIMANTAN BARAT;2017;September;Perdesaan;Makanan;315188.0
KALIMANTAN BARAT;2017;September;Perdesaan;Non-Makanan;79124.0
KALIMANTAN BARAT;2017;September;Perdesaan;Total;394313.0
KALIMANTAN BARAT;2017;September;Perkotaan;Makanan;305430.0
KALIMANTAN BARAT;2017;September;Perkotaan;Non-Makanan;96157.0
KALIMANTAN BARAT;2017;September;Perkotaan;Total;401588.0
KALIMANTAN BARAT;2017;September;Perkotaan dan Perdesaan;Makanan;312222.0
KALIMANTAN BARAT;2017;September;Perkotaan dan Perdesaan;Non-Makanan;84620.0
KALIMANTAN BARAT;2017;September;Perkotaan dan Perdesaan;Total;396842.0
KALIMANTAN BARAT;2018;Maret;Perdesaan;Makanan;320747.0
KALIMANTAN BARAT;2018;Maret;Perdesaan;Non-Makanan;81602.0
KALIMANTAN BARAT;2018;Maret;Perdesaan;Total;402349.0
KALIMANTAN BARAT;2018;Maret;Perkotaan;Makanan;323125.0
KALIMANTAN BARAT;2018;Maret;Perkotaan;Non-Makanan;100003.0
KALIMANTAN BARAT;2018;Maret;Perkotaan;Total;423128.0
KALIMANTAN BARAT;2018;Maret;Perkotaan dan Perdesaan;Makanan;321481.0
KALIMANTAN BARAT;2018;Maret;Perkotaan dan Perdesaan;Non-Makanan;87805.0
KALIMANTAN BARAT;2018;Maret;Perkotaan dan Perdesaan;Total;409286.0
KALIMANTAN BARAT;2018;September;Perdesaan;Makanan;326706.0
KALIMANTAN BARAT;2018;September;Perdesaan;Non-Makanan;87098.0
KALIMANTAN BARAT;2018;September;Perdesaan;Total;413806.0
KALIMANTAN BARAT;2018;September;Perkotaan;Makanan;331134.0
KALIMANTAN BARAT;2018;September;Perkotaan;Non-Makanan;103335.0
KALIMANTAN BARAT;2018;September;Perkotaan;Total;434470.0
KALIMANTAN BARAT;2018;September;Perkotaan dan Perdesaan;Makanan;328114.0
KALIMANTAN BARAT;2018;September;Perkotaan dan Perdesaan;Non-Makanan;92716.0
KALIMANTAN BARAT;2018;September;Perkotaan dan Perdesaan;Total;420831.0
KALIMANTAN BARAT;2019;Maret;Perdesaan;Makanan;337213.0
KALIMANTAN BARAT;2019;Maret;Perdesaan;Non-Makanan;92007.0
KALIMANTAN BARAT;2019;Maret;Perdesaan;Total;429220.0
KALIMANTAN BARAT;2019;Maret;Perkotaan;Makanan;348116.0
KALIMANTAN BARAT;2019;Maret;Perkotaan;Non-Makanan;108409.0
KALIMANTAN BARAT;2019;Maret;Perkotaan;Total;456525.0
KALIMANTAN BARAT;2019;Maret;Perkotaan dan Perdesaan;Makanan;340782.0
KALIMANTAN BARAT;2019;Maret;Perkotaan dan Perdesaan;Non-Makanan;97773.0
KALIMANTAN BARAT;2019;Maret;Perkotaan dan Perdesaan;Total;438555.0
KALIMANTAN BARAT;2019;September;Perdesaan;Makanan;345098.0
KALIMANTAN BARAT;2019;September;Perdesaan;Non-Makanan;95986.0
KALIMANTAN BARAT;2019;September;Perdesaan;Total;441084.0
KALIMANTAN BARAT;2019;September;Perkotaan;Makanan;366155.0
KALIMANTAN BARAT;2019;September;Perkotaan;Non-Makanan;110999.0
KALIMANTAN BARAT;2019;September;Perkotaan;Total;477154.0
KALIMANTAN BARAT;2019;September;Perkotaan dan Perdesaan;Makanan;351667.0
KALIMANTAN BARAT;2019;September;Perkotaan dan Perdesaan;Non-Makanan;101232.0
KALIMANTAN BARAT;2019;September;Perkotaan dan Perdesaan;Total;452899.0
KALIMANTAN BARAT;2020;Maret;Perdesaan;Makanan;351955.0
KALIMANTAN BARAT;2020;Maret;Perdesaan;Non-Makanan;104237.0
KALIMANTAN BARAT;2020;Maret;Perdesaan;Total;456192.0
KALIMANTAN BARAT;2020;Maret;Perkotaan;Makanan;379108.0
KALIMANTAN BARAT;2020;Maret;Perkotaan;Non-Makanan;121023.0
KALIMANTAN BARAT;2020;Maret;Perkotaan;Total;500131.0
KALIMANTAN BARAT;2020;Maret;Perkotaan dan Perdesaan;Makanan;361075.0
KALIMANTAN BARAT;2020;Maret;Perkotaan dan Perdesaan;Non-Makanan;110125.0
KALIMANTAN BARAT;2020;Maret;Perkotaan dan Perdesaan;Total;471200.0
KALIMANTAN BARAT;2020;September;Perdesaan;Makanan;353089.0
KALIMANTAN BARAT;2020;September;Perdesaan;Non-Makanan;105435.0
KALIMANTAN BARAT;2020;September;Perdesaan;Total;458524.0
KALIMANTAN BARAT;2020;September;Perkotaan;Makanan;382408.0
KALIMANTAN BARAT;2020;September;Perkotaan;Non-Makanan;122037.0
KALIMANTAN BARAT;2020;September;Perkotaan;Total;504445.0
KALIMANTAN BARAT;2020;September;Perkotaan dan Perdesaan;Makanan;362874.0
KALIMANTAN BARAT;2020;September;Perkotaan dan Perdesaan;Non-Makanan;111385.0
KALIMANTAN BARAT;2020;September;Perkotaan dan Perdesaan;Total;474259.0
KALIMANTAN BARAT;2021;Maret;Perdesaan;Makanan;360819.0
KALIMANTAN BARAT;2021;Maret;Perdesaan;Non-Makanan;106543.0
KALIMANTAN BARAT;2021;Maret;Perdesaan;Total;467362.0
KALIMANTAN BARAT;2021;Maret;Perkotaan;Makanan;388798.0
KALIMANTAN BARAT;2021;Maret;Perkotaan;Non-Makanan;124543.0
KALIMANTAN BARAT;2021;Maret;Perkotaan;Total;513341.0
KALIMANTAN BARAT;2021;Maret;Perkotaan dan Perdesaan;Makanan;370423.0
KALIMANTAN BARAT;2021;Maret;Perkotaan dan Perdesaan;Non-Makanan;113031.0
KALIMANTAN BARAT;2021;Maret;Perkotaan dan Perdesaan;Total;483454.0
KALIMANTAN BARAT;2021;September;Perdesaan;Makanan;377369.0
KALIMANTAN BARAT;2021;September;Perdesaan;Non-Makanan;109174.0
KALIMANTAN BARAT;2021;September;Perdesaan;Total;486544.0
KALIMANTAN BARAT;2021;September;Perkotaan;Makanan;407296.0
KALIMANTAN BARAT;2021;September;Perkotaan;Non-Makanan;133177.0
KALIMANTAN BARAT;2021;September;Perkotaan;Total;540474.0
KALIMANTAN BARAT;2021;September;Perkotaan dan Perdesaan;Makanan;387342.0
KALIMANTAN BARAT;2021;September;Perkotaan dan Perdesaan;Non-Makanan;117885.0
KALIMANTAN BARAT;2021;September;Perkotaan dan Perdesaan;Total;505227.0
KALIMANTAN BARAT;2022;Maret;Perdesaan;Makanan;387226.0
KALIMANTAN BARAT;2022;Maret;Perdesaan;Non-Makanan;112823.0
KALIMANTAN BARAT;2022;Maret;Perdesaan;Total;500049.0
KALIMANTAN BARAT;2022;Maret;Perkotaan;Makanan;418006.0
KALIMANTAN BARAT;2022;Maret;Perkotaan;Non-Makanan;140781.0
KALIMANTAN BARAT;2022;Maret;Perkotaan;Total;558787.0
KALIMANTAN BARAT;2022;Maret;Perkotaan dan Perdesaan;Makanan;397561.0
KALIMANTAN BARAT;2022;Maret;Perkotaan dan Perdesaan;Non-Makanan;123099.0
KALIMANTAN BARAT;2022;Maret;Perkotaan dan Perdesaan;Total;520660.0
KALIMANTAN BARAT;2022;September;Perdesaan;Makanan;407998.0
KALIMANTAN BARAT;2022;September;Perdesaan;Non-Makanan;121058.0
KALIMANTAN BARAT;2022;September;Perdesaan;Total;529055.0
KALIMANTAN BARAT;2022;September;Perkotaan;Makanan;445660.0
KALIMANTAN BARAT;2022;September;Perkotaan;Non-Makanan;146772.0
KALIMANTAN BARAT;2022;September;Perkotaan;Total;592432.0
KALIMANTAN BARAT;2022;September;Perkotaan dan Perdesaan;Makanan;421139.0
KALIMANTAN BARAT;2022;September;Perkotaan dan Perdesaan;Non-Makanan;130528.0
KALIMANTAN BARAT;2022;September;Perkotaan dan Perdesaan;Total;551667.0
KALIMANTAN SELATAN;2013;Maret;Perdesaan;Total;272614.0
KALIMANTAN SELATAN;2013;Maret;Perkotaan;Total;298518.0
KALIMANTAN SELATAN;2013;September;Perdesaan;Total;290576.0
KALIMANTAN SELATAN;2013;September;Perkotaan;Total;313691.0
KALIMANTAN SELATAN;2014;Maret;Perdesaan;Total;298656.0
KALIMANTAN SELATAN;2014;Maret;Perkotaan;Total;322006.0
KALIMANTAN SELATAN;2014;September;Perdesaan;Total;313954.0
KALIMANTAN SELATAN;2014;September;Perkotaan;Total;336782.0
KALIMANTAN SELATAN;2015;Maret;Perdesaan;Makanan;255023.0
KALIMANTAN SELATAN;2015;Maret;Perdesaan;Non-Makanan;76943.0
KALIMANTAN SELATAN;2015;Maret;Perdesaan;Total;331966.0
KALIMANTAN SELATAN;2015;Maret;Perkotaan;Makanan;229677.0
KALIMANTAN SELATAN;2015;Maret;Perkotaan;Non-Makanan;124426.0
KALIMANTAN SELATAN;2015;Maret;Perkotaan;Total;354103.0
KALIMANTAN SELATAN;2015;Maret;Perkotaan dan Perdesaan;Makanan;244281.0
KALIMANTAN SELATAN;2015;Maret;Perkotaan dan Perdesaan;Non-Makanan;97068.0
KALIMANTAN SELATAN;2015;Maret;Perkotaan dan Perdesaan;Total;341349.0
KALIMANTAN SELATAN;2015;September;Perdesaan;Makanan;271860.0
KALIMANTAN SELATAN;2015;September;Perdesaan;Non-Makanan;81112.0
KALIMANTAN SELATAN;2015;September;Perdesaan;Total;352972.0
KALIMANTAN SELATAN;2015;September;Perkotaan;Makanan;235422.0
KALIMANTAN SELATAN;2015;September;Perkotaan;Non-Makanan;136370.0
KALIMANTAN SELATAN;2015;September;Perkotaan;Total;371793.0
KALIMANTAN SELATAN;2015;September;Perkotaan dan Perdesaan;Makanan;256417.0
KALIMANTAN SELATAN;2015;September;Perkotaan dan Perdesaan;Non-Makanan;104532.0
KALIMANTAN SELATAN;2015;September;Perkotaan dan Perdesaan;Total;360949.0
KALIMANTAN SELATAN;2016;Maret;Perdesaan;Makanan;286982.0
KALIMANTAN SELATAN;2016;Maret;Perdesaan;Non-Makanan;83630.0
KALIMANTAN SELATAN;2016;Maret;Perdesaan;Total;370612.0
KALIMANTAN SELATAN;2016;Maret;Perkotaan;Makanan;248602.0
KALIMANTAN SELATAN;2016;Maret;Perkotaan;Non-Makanan;137860.0
KALIMANTAN SELATAN;2016;Maret;Perkotaan;Total;386462.0
KALIMANTAN SELATAN;2016;Maret;Perkotaan dan Perdesaan;Makanan;270862.0
KALIMANTAN SELATAN;2016;Maret;Perkotaan dan Perdesaan;Non-Makanan;106618.0
KALIMANTAN SELATAN;2016;Maret;Perkotaan dan Perdesaan;Total;377480.0
KALIMANTAN SELATAN;2016;September;Perdesaan;Makanan;294159.0
KALIMANTAN SELATAN;2016;September;Perdesaan;Non-Makanan;86488.0
KALIMANTAN SELATAN;2016;September;Perdesaan;Total;380647.0
KALIMANTAN SELATAN;2016;September;Perkotaan;Makanan;257170.0
KALIMANTAN SELATAN;2016;September;Perkotaan;Non-Makanan;141992.0
KALIMANTAN SELATAN;2016;September;Perkotaan;Total;399162.0
KALIMANTAN SELATAN;2016;September;Perkotaan dan Perdesaan;Makanan;278536.0
KALIMANTAN SELATAN;2016;September;Perkotaan dan Perdesaan;Non-Makanan;110736.0
KALIMANTAN SELATAN;2016;September;Perkotaan dan Perdesaan;Total;389272.0
KALIMANTAN SELATAN;2017;Maret;Perdesaan;Makanan;302037.0
KALIMANTAN SELATAN;2017;Maret;Perdesaan;Non-Makanan;91060.0
KALIMANTAN SELATAN;2017;Maret;Perdesaan;Total;393097.0
KALIMANTAN SELATAN;2017;Maret;Perkotaan;Makanan;268327.0
KALIMANTAN SELATAN;2017;Maret;Perkotaan;Non-Makanan;144125.0
KALIMANTAN SELATAN;2017;Maret;Perkotaan;Total;412452.0
KALIMANTAN SELATAN;2017;Maret;Perkotaan dan Perdesaan;Makanan;287959.0
KALIMANTAN SELATAN;2017;Maret;Perkotaan dan Perdesaan;Non-Makanan;114464.0
KALIMANTAN SELATAN;2017;Maret;Perkotaan dan Perdesaan;Total;402423.0
KALIMANTAN SELATAN;2017;September;Perdesaan;Makanan;309046.0
KALIMANTAN SELATAN;2017;September;Perdesaan;Non-Makanan;98337.0
KALIMANTAN SELATAN;2017;September;Perdesaan;Total;407382.0
KALIMANTAN SELATAN;2017;September;Perkotaan;Makanan;282483.0
KALIMANTAN SELATAN;2017;September;Perkotaan;Non-Makanan;152307.0
KALIMANTAN SELATAN;2017;September;Perkotaan;Total;434791.0
KALIMANTAN SELATAN;2017;September;Perkotaan dan Perdesaan;Makanan;297743.0
KALIMANTAN SELATAN;2017;September;Perkotaan dan Perdesaan;Non-Makanan;122231.0
KALIMANTAN SELATAN;2017;September;Perkotaan dan Perdesaan;Total;419974.0
KALIMANTAN SELATAN;2018;Maret;Perdesaan;Makanan;313712.0
KALIMANTAN SELATAN;2018;Maret;Perdesaan;Non-Makanan;100783.0
KALIMANTAN SELATAN;2018;Maret;Perdesaan;Total;414494.0
KALIMANTAN SELATAN;2018;Maret;Perkotaan;Makanan;288601.0
KALIMANTAN SELATAN;2018;Maret;Perkotaan;Non-Makanan;152617.0
KALIMANTAN SELATAN;2018;Maret;Perkotaan;Total;441218.0
KALIMANTAN SELATAN;2018;Maret;Perkotaan dan Perdesaan;Makanan;302854.0
KALIMANTAN SELATAN;2018;Maret;Perkotaan dan Perdesaan;Non-Makanan;124920.0
KALIMANTAN SELATAN;2018;Maret;Perkotaan dan Perdesaan;Total;427774.0
KALIMANTAN SELATAN;2018;September;Perdesaan;Makanan;323191.0
KALIMANTAN SELATAN;2018;September;Perdesaan;Non-Makanan;101478.0
KALIMANTAN SELATAN;2018;September;Perdesaan;Total;424670.0
KALIMANTAN SELATAN;2018;September;Perkotaan;Makanan;294677.0
KALIMANTAN SELATAN;2018;September;Perkotaan;Non-Makanan;153198.0
KALIMANTAN SELATAN;2018;September;Perkotaan;Total;447876.0
KALIMANTAN SELATAN;2018;September;Perkotaan dan Perdesaan;Makanan;310496.0
KALIMANTAN SELATAN;2018;September;Perkotaan dan Perdesaan;Non-Makanan;125666.0
KALIMANTAN SELATAN;2018;September;Perkotaan dan Perdesaan;Total;436162.0
KALIMANTAN SELATAN;2019;Maret;Perdesaan;Makanan;335341.0
KALIMANTAN SELATAN;2019;Maret;Perdesaan;Non-Makanan;108587.0
KALIMANTAN SELATAN;2019;Maret;Perdesaan;Total;443928.0
KALIMANTAN SELATAN;2019;Maret;Perkotaan;Makanan;312945.0
KALIMANTAN SELATAN;2019;Maret;Perkotaan;Non-Makanan;157348.0
KALIMANTAN SELATAN;2019;Maret;Perkotaan;Total;470293.0
KALIMANTAN SELATAN;2019;Maret;Perkotaan dan Perdesaan;Makanan;325590.0
KALIMANTAN SELATAN;2019;Maret;Perkotaan dan Perdesaan;Non-Makanan;131631.0
KALIMANTAN SELATAN;2019;Maret;Perkotaan dan Perdesaan;Total;457221.0
KALIMANTAN SELATAN;2019;September;Perdesaan;Makanan;354054.0
KALIMANTAN SELATAN;2019;September;Perdesaan;Non-Makanan;116394.0
KALIMANTAN SELATAN;2019;September;Perdesaan;Total;470447.0
KALIMANTAN SELATAN;2019;September;Perkotaan;Makanan;322321.0
KALIMANTAN SELATAN;2019;September;Perkotaan;Non-Makanan;161445.0
KALIMANTAN SELATAN;2019;September;Perkotaan;Total;483766.0
KALIMANTAN SELATAN;2019;September;Perkotaan dan Perdesaan;Makanan;340430.0
KALIMANTAN SELATAN;2019;September;Perkotaan dan Perdesaan;Non-Makanan;137693.0
KALIMANTAN SELATAN;2019;September;Perkotaan dan Perdesaan;Total;478123.0
KALIMANTAN SELATAN;2020;Maret;Perdesaan;Makanan;370662.0
KALIMANTAN SELATAN;2020;Maret;Perdesaan;Non-Makanan;119592.0
KALIMANTAN SELATAN;2020;Maret;Perdesaan;Total;490254.0
KALIMANTAN SELATAN;2020;Maret;Perkotaan;Makanan;337851.0
KALIMANTAN SELATAN;2020;Maret;Perkotaan;Non-Makanan;165897.0
KALIMANTAN SELATAN;2020;Maret;Perkotaan;Total;503748.0
KALIMANTAN SELATAN;2020;Maret;Perkotaan dan Perdesaan;Makanan;355813.0
KALIMANTAN SELATAN;2020;Maret;Perkotaan dan Perdesaan;Non-Makanan;141449.0
KALIMANTAN SELATAN;2020;Maret;Perkotaan dan Perdesaan;Total;497262.0
KALIMANTAN SELATAN;2020;September;Perdesaan;Makanan;374563.0
KALIMANTAN SELATAN;2020;September;Perdesaan;Non-Makanan;121152.0
KALIMANTAN SELATAN;2020;September;Perdesaan;Total;495715.0
KALIMANTAN SELATAN;2020;September;Perkotaan;Makanan;341730.0
KALIMANTAN SELATAN;2020;September;Perkotaan;Non-Makanan;167122.0
KALIMANTAN SELATAN;2020;September;Perkotaan;Total;508852.0
KALIMANTAN SELATAN;2020;September;Perkotaan dan Perdesaan;Makanan;360394.0
KALIMANTAN SELATAN;2020;September;Perkotaan dan Perdesaan;Non-Makanan;143292.0
KALIMANTAN SELATAN;2020;September;Perkotaan dan Perdesaan;Total;503686.0
KALIMANTAN SELATAN;2021;Maret;Perdesaan;Makanan;384188.0
KALIMANTAN SELATAN;2021;Maret;Perdesaan;Non-Makanan;126184.0
KALIMANTAN SELATAN;2021;Maret;Perdesaan;Total;510372.0
KALIMANTAN SELATAN;2021;Maret;Perkotaan;Makanan;356053.0
KALIMANTAN SELATAN;2021;Maret;Perkotaan;Non-Makanan;171187.0
KALIMANTAN SELATAN;2021;Maret;Perkotaan;Total;527240.0
KALIMANTAN SELATAN;2021;Maret;Perkotaan dan Perdesaan;Makanan;371204.0
KALIMANTAN SELATAN;2021;Maret;Perkotaan dan Perdesaan;Non-Makanan;147946.0
KALIMANTAN SELATAN;2021;Maret;Perkotaan dan Perdesaan;Total;519150.0
KALIMANTAN SELATAN;2021;September;Perdesaan;Makanan;389770.0
KALIMANTAN SELATAN;2021;September;Perdesaan;Non-Makanan;127523.0
KALIMANTAN SELATAN;2021;September;Perdesaan;Total;517293.0
KALIMANTAN SELATAN;2021;September;Perkotaan;Makanan;362027.0
KALIMANTAN SELATAN;2021;September;Perkotaan;Non-Makanan;174014.0
KALIMANTAN SELATAN;2021;September;Perkotaan;Total;536041.0
KALIMANTAN SELATAN;2021;September;Perkotaan dan Perdesaan;Makanan;376894.0
KALIMANTAN SELATAN;2021;September;Perkotaan dan Perdesaan;Non-Makanan;150151.0
KALIMANTAN SELATAN;2021;September;Perkotaan dan Perdesaan;Total;527045.0
KALIMANTAN SELATAN;2022;Maret;Perdesaan;Makanan;411135.0
KALIMANTAN SELATAN;2022;Maret;Perdesaan;Non-Makanan;133660.0
KALIMANTAN SELATAN;2022;Maret;Perdesaan;Total;544795.0
KALIMANTAN SELATAN;2022;Maret;Perkotaan;Makanan;379337.0
KALIMANTAN SELATAN;2022;Maret;Perkotaan;Non-Makanan;180716.0
KALIMANTAN SELATAN;2022;Maret;Perkotaan;Total;560053.0
KALIMANTAN SELATAN;2022;Maret;Perkotaan dan Perdesaan;Makanan;396308.0
KALIMANTAN SELATAN;2022;Maret;Perkotaan dan Perdesaan;Non-Makanan;156765.0
KALIMANTAN SELATAN;2022;Maret;Perkotaan dan Perdesaan;Total;553073.0
KALIMANTAN SELATAN;2022;September;Perdesaan;Makanan;431084.0
KALIMANTAN SELATAN;2022;September;Perdesaan;Non-Makanan;141833.0
KALIMANTAN SELATAN;2022;September;Perdesaan;Total;572917.0
KALIMANTAN SELATAN;2022;September;Perkotaan;Makanan;399109.0
KALIMANTAN SELATAN;2022;September;Perkotaan;Non-Makanan;189362.0
KALIMANTAN SELATAN;2022;September;Perkotaan;Total;588472.0
KALIMANTAN SELATAN;2022;September;Perkotaan dan Perdesaan;Makanan;415976.0
KALIMANTAN SELATAN;2022;September;Perkotaan dan Perdesaan;Non-Makanan;165254.0
KALIMANTAN SELATAN;2022;September;Perkotaan dan Perdesaan;Total;581230.0
KALIMANTAN TENGAH;2013;Maret;Perdesaan;Total;298172.0
KALIMANTAN TENGAH;2013;Maret;Perkotaan;Total;287333.0
KALIMANTAN TENGAH;2013;September;Perdesaan;Total;311647.0
KALIMANTAN TENGAH;2013;September;Perkotaan;Total;299970.0
KALIMANTAN TENGAH;2014;Maret;Perdesaan;Total;323556.0
KALIMANTAN TENGAH;2014;Maret;Perkotaan;Total;307382.0
KALIMANTAN TENGAH;2014;September;Perdesaan;Total;338130.0
KALIMANTAN TENGAH;2014;September;Perkotaan;Total;316683.0
KALIMANTAN TENGAH;2015;Maret;Perdesaan;Makanan;296856.0
KALIMANTAN TENGAH;2015;Maret;Perdesaan;Non-Makanan;63814.0
KALIMANTAN TENGAH;2015;Maret;Perdesaan;Total;360670.0
KALIMANTAN TENGAH;2015;Maret;Perkotaan;Makanan;251976.0
KALIMANTAN TENGAH;2015;Maret;Perkotaan;Non-Makanan;76698.0
KALIMANTAN TENGAH;2015;Maret;Perkotaan;Total;328674.0
KALIMANTAN TENGAH;2015;Maret;Perkotaan dan Perdesaan;Makanan;281506.0
KALIMANTAN TENGAH;2015;Maret;Perkotaan dan Perdesaan;Non-Makanan;68220.0
KALIMANTAN TENGAH;2015;Maret;Perkotaan dan Perdesaan;Total;349726.0
KALIMANTAN TENGAH;2015;September;Perdesaan;Makanan;306475.0
KALIMANTAN TENGAH;2015;September;Perdesaan;Non-Makanan;68463.0
KALIMANTAN TENGAH;2015;September;Perdesaan;Total;374938.0
KALIMANTAN TENGAH;2015;September;Perkotaan;Makanan;256020.0
KALIMANTAN TENGAH;2015;September;Perkotaan;Non-Makanan;83219.0
KALIMANTAN TENGAH;2015;September;Perkotaan;Total;339239.0
KALIMANTAN TENGAH;2015;September;Perkotaan dan Perdesaan;Makanan;289219.0
KALIMANTAN TENGAH;2015;September;Perkotaan dan Perdesaan;Non-Makanan;73510.0
KALIMANTAN TENGAH;2015;September;Perkotaan dan Perdesaan;Total;362729.0
KALIMANTAN TENGAH;2016;Maret;Perdesaan;Makanan;316546.0
KALIMANTAN TENGAH;2016;Maret;Perdesaan;Non-Makanan;70656.0
KALIMANTAN TENGAH;2016;Maret;Perdesaan;Total;387202.0
KALIMANTAN TENGAH;2016;Maret;Perkotaan;Makanan;264149.0
KALIMANTAN TENGAH;2016;Maret;Perkotaan;Non-Makanan;84105.0
KALIMANTAN TENGAH;2016;Maret;Perkotaan;Total;348254.0
KALIMANTAN TENGAH;2016;Maret;Perkotaan dan Perdesaan;Makanan;299485.0
KALIMANTAN TENGAH;2016;Maret;Perkotaan dan Perdesaan;Non-Makanan;73999.0
KALIMANTAN TENGAH;2016;Maret;Perkotaan dan Perdesaan;Total;373484.0
KALIMANTAN TENGAH;2016;September;Perdesaan;Makanan;320315.0
KALIMANTAN TENGAH;2016;September;Perdesaan;Non-Makanan;72228.0
KALIMANTAN TENGAH;2016;September;Perdesaan;Total;392543.0
KALIMANTAN TENGAH;2016;September;Perkotaan;Makanan;271490.0
KALIMANTAN TENGAH;2016;September;Perkotaan;Non-Makanan;85734.0
KALIMANTAN TENGAH;2016;September;Perkotaan;Total;357224.0
KALIMANTAN TENGAH;2016;September;Perkotaan dan Perdesaan;Makanan;303541.0
KALIMANTAN TENGAH;2016;September;Perkotaan dan Perdesaan;Non-Makanan;76983.0
KALIMANTAN TENGAH;2016;September;Perkotaan dan Perdesaan;Total;380524.0
KALIMANTAN TENGAH;2017;Maret;Perdesaan;Makanan;338235.0
KALIMANTAN TENGAH;2017;Maret;Perdesaan;Non-Makanan;75766.0
KALIMANTAN TENGAH;2017;Maret;Perdesaan;Total;414002.0
KALIMANTAN TENGAH;2017;Maret;Perkotaan;Makanan;283201.0
KALIMANTAN TENGAH;2017;Maret;Perkotaan;Non-Makanan;90018.0
KALIMANTAN TENGAH;2017;Maret;Perkotaan;Total;373219.0
KALIMANTAN TENGAH;2017;Maret;Perkotaan dan Perdesaan;Makanan;320636.0
KALIMANTAN TENGAH;2017;Maret;Perkotaan dan Perdesaan;Non-Makanan;80900.0
KALIMANTAN TENGAH;2017;Maret;Perkotaan dan Perdesaan;Total;401536.0
KALIMANTAN TENGAH;2017;September;Perdesaan;Makanan;342574.0
KALIMANTAN TENGAH;2017;September;Perdesaan;Non-Makanan;76287.0
KALIMANTAN TENGAH;2017;September;Perdesaan;Total;418861.0
KALIMANTAN TENGAH;2017;September;Perkotaan;Makanan;286272.0
KALIMANTAN TENGAH;2017;September;Perkotaan;Non-Makanan;92039.0
KALIMANTAN TENGAH;2017;September;Perkotaan;Total;378311.0
KALIMANTAN TENGAH;2017;September;Perkotaan dan Perdesaan;Makanan;325133.0
KALIMANTAN TENGAH;2017;September;Perkotaan dan Perdesaan;Non-Makanan;81703.0
KALIMANTAN TENGAH;2017;September;Perkotaan dan Perdesaan;Total;406836.0
KALIMANTAN TENGAH;2018;Maret;Perdesaan;Makanan;347960.0
KALIMANTAN TENGAH;2018;Maret;Perdesaan;Non-Makanan;78636.0
KALIMANTAN TENGAH;2018;Maret;Perdesaan;Total;426596.0
KALIMANTAN TENGAH;2018;Maret;Perkotaan;Makanan;290898.0
KALIMANTAN TENGAH;2018;Maret;Perkotaan;Non-Makanan;96241.0
KALIMANTAN TENGAH;2018;Maret;Perkotaan;Total;387139.0
KALIMANTAN TENGAH;2018;Maret;Perkotaan dan Perdesaan;Makanan;328127.0
KALIMANTAN TENGAH;2018;Maret;Perkotaan dan Perdesaan;Non-Makanan;85401.0
KALIMANTAN TENGAH;2018;Maret;Perkotaan dan Perdesaan;Total;413528.0
KALIMANTAN TENGAH;2018;September;Perdesaan;Makanan;356962.0
KALIMANTAN TENGAH;2018;September;Perdesaan;Non-Makanan;83686.0
KALIMANTAN TENGAH;2018;September;Perdesaan;Total;440649.0
KALIMANTAN TENGAH;2018;September;Perkotaan;Makanan;305217.0
KALIMANTAN TENGAH;2018;September;Perkotaan;Non-Makanan;98329.0
KALIMANTAN TENGAH;2018;September;Perkotaan;Total;403547.0
KALIMANTAN TENGAH;2018;September;Perkotaan dan Perdesaan;Makanan;338032.0
KALIMANTAN TENGAH;2018;September;Perkotaan dan Perdesaan;Non-Makanan;89461.0
KALIMANTAN TENGAH;2018;September;Perkotaan dan Perdesaan;Total;427494.0
KALIMANTAN TENGAH;2019;Maret;Perdesaan;Makanan;363433.0
KALIMANTAN TENGAH;2019;Maret;Perdesaan;Non-Makanan;85750.0
KALIMANTAN TENGAH;2019;Maret;Perdesaan;Total;449184.0
KALIMANTAN TENGAH;2019;Maret;Perkotaan;Makanan;317184.0
KALIMANTAN TENGAH;2019;Maret;Perkotaan;Non-Makanan;100845.0
KALIMANTAN TENGAH;2019;Maret;Perkotaan;Total;418029.0
KALIMANTAN TENGAH;2019;Maret;Perkotaan dan Perdesaan;Makanan;346454.0
KALIMANTAN TENGAH;2019;Maret;Perkotaan dan Perdesaan;Non-Makanan;91794.0
KALIMANTAN TENGAH;2019;Maret;Perkotaan dan Perdesaan;Total;438248.0
KALIMANTAN TENGAH;2019;September;Perdesaan;Makanan;376076.0
KALIMANTAN TENGAH;2019;September;Perdesaan;Non-Makanan;88855.0
KALIMANTAN TENGAH;2019;September;Perdesaan;Total;464931.0
KALIMANTAN TENGAH;2019;September;Perkotaan;Makanan;337107.0
KALIMANTAN TENGAH;2019;September;Perkotaan;Non-Makanan;106567.0
KALIMANTAN TENGAH;2019;September;Perkotaan;Total;443674.0
KALIMANTAN TENGAH;2019;September;Perkotaan dan Perdesaan;Makanan;361419.0
KALIMANTAN TENGAH;2019;September;Perkotaan dan Perdesaan;Non-Makanan;95993.0
KALIMANTAN TENGAH;2019;September;Perkotaan dan Perdesaan;Total;457412.0
KALIMANTAN TENGAH;2020;Maret;Perdesaan;Makanan;397192.0
KALIMANTAN TENGAH;2020;Maret;Perdesaan;Non-Makanan;95411.0
KALIMANTAN TENGAH;2020;Maret;Perdesaan;Total;492603.0
KALIMANTAN TENGAH;2020;Maret;Perkotaan;Makanan;358205.0
KALIMANTAN TENGAH;2020;Maret;Perkotaan;Non-Makanan;113479.0
KALIMANTAN TENGAH;2020;Maret;Perkotaan;Total;471684.0
KALIMANTAN TENGAH;2020;Maret;Perkotaan dan Perdesaan;Makanan;382954.0
KALIMANTAN TENGAH;2020;Maret;Perkotaan dan Perdesaan;Non-Makanan;102680.0
KALIMANTAN TENGAH;2020;Maret;Perkotaan dan Perdesaan;Total;485634.0
KALIMANTAN TENGAH;2020;September;Perdesaan;Makanan;402086.0
KALIMANTAN TENGAH;2020;September;Perdesaan;Non-Makanan;96873.0
KALIMANTAN TENGAH;2020;September;Perdesaan;Total;498959.0
KALIMANTAN TENGAH;2020;September;Perkotaan;Makanan;362579.0
KALIMANTAN TENGAH;2020;September;Perkotaan;Non-Makanan;116294.0
KALIMANTAN TENGAH;2020;September;Perkotaan;Total;478873.0
KALIMANTAN TENGAH;2020;September;Perkotaan dan Perdesaan;Makanan;387865.0
KALIMANTAN TENGAH;2020;September;Perkotaan dan Perdesaan;Non-Makanan;104754.0
KALIMANTAN TENGAH;2020;September;Perkotaan dan Perdesaan;Total;492619.0
KALIMANTAN TENGAH;2021;Maret;Perdesaan;Makanan;412878.0
KALIMANTAN TENGAH;2021;Maret;Perdesaan;Non-Makanan;101865.0
KALIMANTAN TENGAH;2021;Maret;Perdesaan;Total;514743.0
KALIMANTAN TENGAH;2021;Maret;Perkotaan;Makanan;371472.0
KALIMANTAN TENGAH;2021;Maret;Perkotaan;Non-Makanan;122681.0
KALIMANTAN TENGAH;2021;Maret;Perkotaan;Total;494153.0
KALIMANTAN TENGAH;2021;Maret;Perkotaan dan Perdesaan;Makanan;396514.0
KALIMANTAN TENGAH;2021;Maret;Perkotaan dan Perdesaan;Non-Makanan;110468.0
KALIMANTAN TENGAH;2021;Maret;Perkotaan dan Perdesaan;Total;506982.0
KALIMANTAN TENGAH;2021;September;Perdesaan;Makanan;429419.0
KALIMANTAN TENGAH;2021;September;Perdesaan;Non-Makanan;107716.0
KALIMANTAN TENGAH;2021;September;Perdesaan;Total;537135.0
KALIMANTAN TENGAH;2021;September;Perkotaan;Makanan;374314.0
KALIMANTAN TENGAH;2021;September;Perkotaan;Non-Makanan;125240.0
KALIMANTAN TENGAH;2021;September;Perkotaan;Total;499553.0
KALIMANTAN TENGAH;2021;September;Perkotaan dan Perdesaan;Makanan;407871.0
KALIMANTAN TENGAH;2021;September;Perkotaan dan Perdesaan;Non-Makanan;115008.0
KALIMANTAN TENGAH;2021;September;Perkotaan dan Perdesaan;Total;522879.0
KALIMANTAN TENGAH;2022;Maret;Perdesaan;Makanan;451136.0
KALIMANTAN TENGAH;2022;Maret;Perdesaan;Non-Makanan;114225.0
KALIMANTAN TENGAH;2022;Maret;Perdesaan;Total;565361.0
KALIMANTAN TENGAH;2022;Maret;Perkotaan;Makanan;392777.0
KALIMANTAN TENGAH;2022;Maret;Perkotaan;Non-Makanan;132451.0
KALIMANTAN TENGAH;2022;Maret;Perkotaan;Total;525228.0
KALIMANTAN TENGAH;2022;Maret;Perkotaan dan Perdesaan;Makanan;426914.0
KALIMANTAN TENGAH;2022;Maret;Perkotaan dan Perdesaan;Non-Makanan;121903.0
KALIMANTAN TENGAH;2022;Maret;Perkotaan dan Perdesaan;Total;548817.0
KALIMANTAN TENGAH;2022;September;Perdesaan;Makanan;478269.0
KALIMANTAN TENGAH;2022;September;Perdesaan;Non-Makanan;124756.0
KALIMANTAN TENGAH;2022;September;Perdesaan;Total;603025.0
KALIMANTAN TENGAH;2022;September;Perkotaan;Makanan;416222.0
KALIMANTAN TENGAH;2022;September;Perkotaan;Non-Makanan;140978.0
KALIMANTAN TENGAH;2022;September;Perkotaan;Total;557200.0
KALIMANTAN TENGAH;2022;September;Perkotaan dan Perdesaan;Makanan;453342.0
KALIMANTAN TENGAH;2022;September;Perkotaan dan Perdesaan;Non-Makanan;131597.0
KALIMANTAN TENGAH;2022;September;Perkotaan dan Perdesaan;Total;584939.0
KALIMANTAN TIMUR;2013;Maret;Perdesaan;Total;349935.0
KALIMANTAN TIMUR;2013;Maret;Perkotaan;Total;401132.0
KALIMANTAN TIMUR;2013;September;Perdesaan;Total;389784.0
KALIMANTAN TIMUR;2013;September;Perkotaan;Total;435313.0
KALIMANTAN TIMUR;2014;Maret;Perdesaan;Total;404554.0
KALIMANTAN TIMUR;2014;Maret;Perkotaan;Total;448220.0
KALIMANTAN TIMUR;2014;September;Perdesaan;Total;420427.0
KALIMANTAN TIMUR;2014;September;Perkotaan;Total;459004.0
KALIMANTAN TIMUR;2015;Maret;Perdesaan;Makanan;333612.0
KALIMANTAN TIMUR;2015;Maret;Perdesaan;Non-Makanan;119387.0
KALIMANTAN TIMUR;2015;Maret;Perdesaan;Total;452999.0
KALIMANTAN TIMUR;2015;Maret;Perkotaan;Makanan;337970.0
KALIMANTAN TIMUR;2015;Maret;Perkotaan;Non-Makanan;147917.0
KALIMANTAN TIMUR;2015;Maret;Perkotaan;Total;485887.0
KALIMANTAN TIMUR;2015;Maret;Perkotaan dan Perdesaan;Makanan;336356.0
KALIMANTAN TIMUR;2015;Maret;Perkotaan dan Perdesaan;Non-Makanan;137353.0
KALIMANTAN TIMUR;2015;Maret;Perkotaan dan Perdesaan;Total;473709.0
KALIMANTAN TIMUR;2015;September;Perdesaan;Makanan;348598.0
KALIMANTAN TIMUR;2015;September;Perdesaan;Non-Makanan;128016.0
KALIMANTAN TIMUR;2015;September;Perdesaan;Total;476614.0
KALIMANTAN TIMUR;2015;September;Perkotaan;Makanan;348480.0
KALIMANTAN TIMUR;2015;September;Perkotaan;Non-Makanan;156071.0
KALIMANTAN TIMUR;2015;September;Perkotaan;Total;504551.0
KALIMANTAN TIMUR;2015;September;Perkotaan dan Perdesaan;Makanan;348524.0
KALIMANTAN TIMUR;2015;September;Perkotaan dan Perdesaan;Non-Makanan;145683.0
KALIMANTAN TIMUR;2015;September;Perkotaan dan Perdesaan;Total;494207.0
KALIMANTAN TIMUR;2016;Maret;Perdesaan;Makanan;364879.0
KALIMANTAN TIMUR;2016;Maret;Perdesaan;Non-Makanan;131096.0
KALIMANTAN TIMUR;2016;Maret;Perdesaan;Total;495975.0
KALIMANTAN TIMUR;2016;Maret;Perkotaan;Makanan;359194.0
KALIMANTAN TIMUR;2016;Maret;Perkotaan;Non-Makanan;160459.0
KALIMANTAN TIMUR;2016;Maret;Perkotaan;Total;519653.0
KALIMANTAN TIMUR;2016;Maret;Perkotaan dan Perdesaan;Makanan;363918.0
KALIMANTAN TIMUR;2016;Maret;Perkotaan dan Perdesaan;Non-Makanan;147287.0
KALIMANTAN TIMUR;2016;Maret;Perkotaan dan Perdesaan;Total;511205.0
KALIMANTAN TIMUR;2016;September;Perdesaan;Makanan;375619.0
KALIMANTAN TIMUR;2016;September;Perdesaan;Non-Makanan;134422.0
KALIMANTAN TIMUR;2016;September;Perdesaan;Total;510041.0
KALIMANTAN TIMUR;2016;September;Perkotaan;Makanan;370609.0
KALIMANTAN TIMUR;2016;September;Perkotaan;Non-Makanan;164529.0
KALIMANTAN TIMUR;2016;September;Perkotaan;Total;535137.0
KALIMANTAN TIMUR;2016;September;Perkotaan dan Perdesaan;Makanan;372417.0
KALIMANTAN TIMUR;2016;September;Perkotaan dan Perdesaan;Non-Makanan;154269.0
KALIMANTAN TIMUR;2016;September;Perkotaan dan Perdesaan;Total;526686.0
KALIMANTAN TIMUR;2017;Maret;Perdesaan;Makanan;391851.0
KALIMANTAN TIMUR;2017;Maret;Perdesaan;Non-Makanan;140868.0
KALIMANTAN TIMUR;2017;Maret;Perdesaan;Total;532719.0
KALIMANTAN TIMUR;2017;Maret;Perkotaan;Makanan;387723.0
KALIMANTAN TIMUR;2017;Maret;Perkotaan;Non-Makanan;168156.0
KALIMANTAN TIMUR;2017;Maret;Perkotaan;Total;555880.0
KALIMANTAN TIMUR;2017;Maret;Perkotaan dan Perdesaan;Makanan;389151.0
KALIMANTAN TIMUR;2017;Maret;Perkotaan dan Perdesaan;Non-Makanan;158943.0
KALIMANTAN TIMUR;2017;Maret;Perkotaan dan Perdesaan;Total;548094.0
KALIMANTAN TIMUR;2017;September;Perdesaan;Makanan;410491.0
KALIMANTAN TIMUR;2017;September;Perdesaan;Non-Makanan;144007.0
KALIMANTAN TIMUR;2017;September;Perdesaan;Total;554497.0
KALIMANTAN TIMUR;2017;September;Perkotaan;Makanan;391088.0
KALIMANTAN TIMUR;2017;September;Perkotaan;Non-Makanan;173713.0
KALIMANTAN TIMUR;2017;September;Perkotaan;Total;564801.0
KALIMANTAN TIMUR;2017;September;Perkotaan dan Perdesaan;Makanan;398030.0
KALIMANTAN TIMUR;2017;September;Perkotaan dan Perdesaan;Non-Makanan;163838.0
KALIMANTAN TIMUR;2017;September;Perkotaan dan Perdesaan;Total;561868.0
KALIMANTAN TIMUR;2018;Maret;Perdesaan;Makanan;424731.0
KALIMANTAN TIMUR;2018;Maret;Perdesaan;Non-Makanan;145280.0
KALIMANTAN TIMUR;2018;Maret;Perdesaan;Total;570012.0
KALIMANTAN TIMUR;2018;Maret;Perkotaan;Makanan;394601.0
KALIMANTAN TIMUR;2018;Maret;Perkotaan;Non-Makanan;181664.0
KALIMANTAN TIMUR;2018;Maret;Perkotaan;Total;576265.0
KALIMANTAN TIMUR;2018;Maret;Perkotaan dan Perdesaan;Makanan;405108.0
KALIMANTAN TIMUR;2018;Maret;Perkotaan dan Perdesaan;Non-Makanan;169596.0
KALIMANTAN TIMUR;2018;Maret;Perkotaan dan Perdesaan;Total;574704.0
KALIMANTAN TIMUR;2018;September;Perdesaan;Makanan;435063.0
KALIMANTAN TIMUR;2018;September;Perdesaan;Non-Makanan;154524.0
KALIMANTAN TIMUR;2018;September;Perdesaan;Total;589588.0
KALIMANTAN TIMUR;2018;September;Perkotaan;Makanan;411445.0
KALIMANTAN TIMUR;2018;September;Perkotaan;Non-Makanan;190174.0
KALIMANTAN TIMUR;2018;September;Perkotaan;Total;601619.0
KALIMANTAN TIMUR;2018;September;Perkotaan dan Perdesaan;Makanan;419549.0
KALIMANTAN TIMUR;2018;September;Perkotaan dan Perdesaan;Non-Makanan;178650.0
KALIMANTAN TIMUR;2018;September;Perkotaan dan Perdesaan;Total;598200.0
KALIMANTAN TIMUR;2019;Maret;Perdesaan;Makanan;441376.0
KALIMANTAN TIMUR;2019;Maret;Perdesaan;Non-Makanan;156075.0
KALIMANTAN TIMUR;2019;Maret;Perdesaan;Total;597451.0
KALIMANTAN TIMUR;2019;Maret;Perkotaan;Makanan;422701.0
KALIMANTAN TIMUR;2019;Maret;Perkotaan;Non-Makanan;191520.0
KALIMANTAN TIMUR;2019;Maret;Perkotaan;Total;614221.0
KALIMANTAN TIMUR;2019;Maret;Perkotaan dan Perdesaan;Makanan;429165.0
KALIMANTAN TIMUR;2019;Maret;Perkotaan dan Perdesaan;Non-Makanan;179991.0
KALIMANTAN TIMUR;2019;Maret;Perkotaan dan Perdesaan;Total;609156.0
KALIMANTAN TIMUR;2019;September;Perdesaan;Makanan;465407.0
KALIMANTAN TIMUR;2019;September;Perdesaan;Non-Makanan;162946.0
KALIMANTAN TIMUR;2019;September;Perdesaan;Total;628354.0
KALIMANTAN TIMUR;2019;September;Perkotaan;Makanan;437601.0
KALIMANTAN TIMUR;2019;September;Perkotaan;Non-Makanan;205447.0
KALIMANTAN TIMUR;2019;September;Perkotaan;Total;643047.0
KALIMANTAN TIMUR;2019;September;Perkotaan dan Perdesaan;Makanan;446840.0
KALIMANTAN TIMUR;2019;September;Perkotaan dan Perdesaan;Non-Makanan;191850.0
KALIMANTAN TIMUR;2019;September;Perkotaan dan Perdesaan;Total;638690.0
KALIMANTAN TIMUR;2020;Maret;Perdesaan;Makanan;483135.0
KALIMANTAN TIMUR;2020;Maret;Perdesaan;Non-Makanan;169485.0
KALIMANTAN TIMUR;2020;Maret;Perdesaan;Total;652620.0
KALIMANTAN TIMUR;2020;Maret;Perkotaan;Makanan;453545.0
KALIMANTAN TIMUR;2020;Maret;Perkotaan;Non-Makanan;212425.0
KALIMANTAN TIMUR;2020;Maret;Perkotaan;Total;665970.0
KALIMANTAN TIMUR;2020;Maret;Perkotaan dan Perdesaan;Makanan;463823.0
KALIMANTAN TIMUR;2020;Maret;Perkotaan dan Perdesaan;Non-Makanan;198479.0
KALIMANTAN TIMUR;2020;Maret;Perkotaan dan Perdesaan;Total;662302.0
KALIMANTAN TIMUR;2020;September;Perdesaan;Makanan;486520.0
KALIMANTAN TIMUR;2020;September;Perdesaan;Non-Makanan;169549.0
KALIMANTAN TIMUR;2020;September;Perdesaan;Total;656069.0
KALIMANTAN TIMUR;2020;September;Perkotaan;Makanan;462661.0
KALIMANTAN TIMUR;2020;September;Perkotaan;Non-Makanan;212738.0
KALIMANTAN TIMUR;2020;September;Perkotaan;Total;675399.0
KALIMANTAN TIMUR;2020;September;Perkotaan dan Perdesaan;Makanan;470589.0
KALIMANTAN TIMUR;2020;September;Perkotaan dan Perdesaan;Non-Makanan;199033.0
KALIMANTAN TIMUR;2020;September;Perkotaan dan Perdesaan;Total;669622.0
KALIMANTAN TIMUR;2021;Maret;Perdesaan;Makanan;498601.0
KALIMANTAN TIMUR;2021;Maret;Perdesaan;Non-Makanan;175035.0
KALIMANTAN TIMUR;2021;Maret;Perdesaan;Total;673636.0
KALIMANTAN TIMUR;2021;Maret;Perkotaan;Makanan;479168.0
KALIMANTAN TIMUR;2021;Maret;Perkotaan;Non-Makanan;216656.0
KALIMANTAN TIMUR;2021;Maret;Perkotaan;Total;695824.0
KALIMANTAN TIMUR;2021;Maret;Perkotaan dan Perdesaan;Makanan;485445.0
KALIMANTAN TIMUR;2021;Maret;Perkotaan dan Perdesaan;Non-Makanan;203590.0
KALIMANTAN TIMUR;2021;Maret;Perkotaan dan Perdesaan;Total;689035.0
KALIMANTAN TIMUR;2021;September;Perdesaan;Makanan;509282.0
KALIMANTAN TIMUR;2021;September;Perdesaan;Non-Makanan;183628.0
KALIMANTAN TIMUR;2021;September;Perdesaan;Total;692910.0
KALIMANTAN TIMUR;2021;September;Perkotaan;Makanan;488748.0
KALIMANTAN TIMUR;2021;September;Perkotaan;Non-Makanan;218138.0
KALIMANTAN TIMUR;2021;September;Perkotaan;Total;706886.0
KALIMANTAN TIMUR;2021;September;Perkotaan dan Perdesaan;Makanan;495785.0
KALIMANTAN TIMUR;2021;September;Perkotaan dan Perdesaan;Non-Makanan;207438.0
KALIMANTAN TIMUR;2021;September;Perkotaan dan Perdesaan;Total;703223.0
KALIMANTAN TIMUR;2022;Maret;Perdesaan;Makanan;526674.0
KALIMANTAN TIMUR;2022;Maret;Perdesaan;Non-Makanan;191875.0
KALIMANTAN TIMUR;2022;Maret;Perdesaan;Total;718550.0
KALIMANTAN TIMUR;2022;Maret;Perkotaan;Makanan;507661.0
KALIMANTAN TIMUR;2022;Maret;Perkotaan;Non-Makanan;224534.0
KALIMANTAN TIMUR;2022;Maret;Perkotaan;Total;732195.0
KALIMANTAN TIMUR;2022;Maret;Perkotaan dan Perdesaan;Makanan;513874.0
KALIMANTAN TIMUR;2022;Maret;Perkotaan dan Perdesaan;Non-Makanan;214334.0
KALIMANTAN TIMUR;2022;Maret;Perkotaan dan Perdesaan;Total;728208.0
KALIMANTAN TIMUR;2022;September;Perdesaan;Makanan;556626.0
KALIMANTAN TIMUR;2022;September;Perdesaan;Non-Makanan;201939.0
KALIMANTAN TIMUR;2022;September;Perdesaan;Total;758565.0
KALIMANTAN TIMUR;2022;September;Perkotaan;Makanan;541868.0
KALIMANTAN TIMUR;2022;September;Perkotaan;Non-Makanan;230245.0
KALIMANTAN TIMUR;2022;September;Perkotaan;Total;772112.0
KALIMANTAN TIMUR;2022;September;Perkotaan dan Perdesaan;Makanan;546669.0
KALIMANTAN TIMUR;2022;September;Perkotaan dan Perdesaan;Non-Makanan;221451.0
KALIMANTAN TIMUR;2022;September;Perkotaan dan Perdesaan;Total;768120.0
KALIMANTAN UTARA;2015;Maret;Perdesaan;Makanan;339904.0
KALIMANTAN UTARA;2015;Maret;Perdesaan;Non-Makanan;118587.0
KALIMANTAN UTARA;2015;Maret;Perdesaan;Total;458490.0
KALIMANTAN UTARA;2015;Maret;Perkotaan;Makanan;342729.0
KALIMANTAN UTARA;2015;Maret;Perkotaan;Non-Makanan;146400.0
KALIMANTAN UTARA;2015;Maret;Perkotaan;Total;489129.0
KALIMANTAN UTARA;2015;Maret;Perkotaan dan Perdesaan;Makanan;341484.0
KALIMANTAN UTARA;2015;Maret;Perkotaan dan Perdesaan;Non-Makanan;134137.0
KALIMANTAN UTARA;2015;Maret;Perkotaan dan Perdesaan;Total;475621.0
KALIMANTAN UTARA;2015;September;Perdesaan;Makanan;351534.0
KALIMANTAN UTARA;2015;September;Perdesaan;Non-Makanan;126110.0
KALIMANTAN UTARA;2015;September;Perdesaan;Total;477645.0
KALIMANTAN UTARA;2015;September;Perkotaan;Makanan;355117.0
KALIMANTAN UTARA;2015;September;Perkotaan;Non-Makanan;150144.0
KALIMANTAN UTARA;2015;September;Perkotaan;Total;505262.0
KALIMANTAN UTARA;2015;September;Perkotaan dan Perdesaan;Makanan;353538.0
KALIMANTAN UTARA;2015;September;Perkotaan dan Perdesaan;Non-Makanan;139548.0
KALIMANTAN UTARA;2015;September;Perkotaan dan Perdesaan;Total;493086.0
KALIMANTAN UTARA;2016;Maret;Perdesaan;Makanan;372825.0
KALIMANTAN UTARA;2016;Maret;Perdesaan;Non-Makanan;127155.0
KALIMANTAN UTARA;2016;Maret;Perdesaan;Total;499980.0
KALIMANTAN UTARA;2016;Maret;Perkotaan;Makanan;367378.0
KALIMANTAN UTARA;2016;Maret;Perkotaan;Non-Makanan;156536.0
KALIMANTAN UTARA;2016;Maret;Perkotaan;Total;523914.0
KALIMANTAN UTARA;2016;Maret;Perkotaan dan Perdesaan;Makanan;367944.0
KALIMANTAN UTARA;2016;Maret;Perkotaan dan Perdesaan;Non-Makanan;145670.0
KALIMANTAN UTARA;2016;Maret;Perkotaan dan Perdesaan;Total;513614.0
KALIMANTAN UTARA;2016;September;Perdesaan;Makanan;386598.0
KALIMANTAN UTARA;2016;September;Perdesaan;Non-Makanan;131706.0
KALIMANTAN UTARA;2016;September;Perdesaan;Total;518305.0
KALIMANTAN UTARA;2016;September;Perkotaan;Makanan;379442.0
KALIMANTAN UTARA;2016;September;Perkotaan;Non-Makanan;160057.0
KALIMANTAN UTARA;2016;September;Perkotaan;Total;539499.0
KALIMANTAN UTARA;2016;September;Perkotaan dan Perdesaan;Makanan;382698.0
KALIMANTAN UTARA;2016;September;Perkotaan dan Perdesaan;Non-Makanan;147868.0
KALIMANTAN UTARA;2016;September;Perkotaan dan Perdesaan;Total;530566.0
KALIMANTAN UTARA;2017;Maret;Perdesaan;Makanan;400086.0
KALIMANTAN UTARA;2017;Maret;Perdesaan;Non-Makanan;137160.0
KALIMANTAN UTARA;2017;Maret;Perdesaan;Total;537246.0
KALIMANTAN UTARA;2017;Maret;Perkotaan;Makanan;396530.0
KALIMANTAN UTARA;2017;Maret;Perkotaan;Non-Makanan;166407.0
KALIMANTAN UTARA;2017;Maret;Perkotaan;Total;562937.0
KALIMANTAN UTARA;2017;Maret;Perkotaan dan Perdesaan;Makanan;398122.0
KALIMANTAN UTARA;2017;Maret;Perkotaan dan Perdesaan;Non-Makanan;153917.0
KALIMANTAN UTARA;2017;Maret;Perkotaan dan Perdesaan;Total;552039.0
KALIMANTAN UTARA;2017;September;Perdesaan;Makanan;410855.0
KALIMANTAN UTARA;2017;September;Perdesaan;Non-Makanan;143692.0
KALIMANTAN UTARA;2017;September;Perdesaan;Total;554548.0
KALIMANTAN UTARA;2017;September;Perkotaan;Makanan;423315.0
KALIMANTAN UTARA;2017;September;Perkotaan;Non-Makanan;172487.0
KALIMANTAN UTARA;2017;September;Perkotaan;Total;595802.0
KALIMANTAN UTARA;2017;September;Perkotaan dan Perdesaan;Makanan;418003.0
KALIMANTAN UTARA;2017;September;Perkotaan dan Perdesaan;Non-Makanan;160302.0
KALIMANTAN UTARA;2017;September;Perkotaan dan Perdesaan;Total;578305.0
KALIMANTAN UTARA;2018;Maret;Perdesaan;Makanan;413858.0
KALIMANTAN UTARA;2018;Maret;Perdesaan;Non-Makanan;147823.0
KALIMANTAN UTARA;2018;Maret;Perdesaan;Total;561681.0
KALIMANTAN UTARA;2018;Maret;Perkotaan;Makanan;432127.0
KALIMANTAN UTARA;2018;Maret;Perkotaan;Non-Makanan;172564.0
KALIMANTAN UTARA;2018;Maret;Perkotaan;Total;604691.0
KALIMANTAN UTARA;2018;Maret;Perkotaan dan Perdesaan;Makanan;423796.0
KALIMANTAN UTARA;2018;Maret;Perkotaan dan Perdesaan;Non-Makanan;162252.0
KALIMANTAN UTARA;2018;Maret;Perkotaan dan Perdesaan;Total;586048.0
KALIMANTAN UTARA;2018;September;Perdesaan;Makanan;430969.0
KALIMANTAN UTARA;2018;September;Perdesaan;Non-Makanan;150711.0
KALIMANTAN UTARA;2018;September;Perdesaan;Total;581681.0
KALIMANTAN UTARA;2018;September;Perkotaan;Makanan;471678.0
KALIMANTAN UTARA;2018;September;Perkotaan;Non-Makanan;175652.0
KALIMANTAN UTARA;2018;September;Perkotaan;Total;647330.0
KALIMANTAN UTARA;2018;September;Perkotaan dan Perdesaan;Makanan;454542.0
KALIMANTAN UTARA;2018;September;Perkotaan dan Perdesaan;Non-Makanan;165958.0
KALIMANTAN UTARA;2018;September;Perkotaan dan Perdesaan;Total;620500.0
KALIMANTAN UTARA;2019;Maret;Perdesaan;Makanan;453445.0
KALIMANTAN UTARA;2019;Maret;Perdesaan;Non-Makanan;156288.0
KALIMANTAN UTARA;2019;Maret;Perdesaan;Total;609733.0
KALIMANTAN UTARA;2019;Maret;Perkotaan;Makanan;495678.0
KALIMANTAN UTARA;2019;Maret;Perkotaan;Non-Makanan;183982.0
KALIMANTAN UTARA;2019;Maret;Perkotaan;Total;679660.0
KALIMANTAN UTARA;2019;Maret;Perkotaan dan Perdesaan;Makanan;478280.0
KALIMANTAN UTARA;2019;Maret;Perkotaan dan Perdesaan;Non-Makanan;173136.0
KALIMANTAN UTARA;2019;Maret;Perkotaan dan Perdesaan;Total;651416.0
KALIMANTAN UTARA;2019;September;Perdesaan;Makanan;453992.0
KALIMANTAN UTARA;2019;September;Perdesaan;Non-Makanan;169923.0
KALIMANTAN UTARA;2019;September;Perdesaan;Total;623915.0
KALIMANTAN UTARA;2019;September;Perkotaan;Makanan;514485.0
KALIMANTAN UTARA;2019;September;Perkotaan;Non-Makanan;184597.0
KALIMANTAN UTARA;2019;September;Perkotaan;Total;699082.0
KALIMANTAN UTARA;2019;September;Perkotaan dan Perdesaan;Makanan;488970.0
KALIMANTAN UTARA;2019;September;Perkotaan dan Perdesaan;Non-Makanan;178863.0
KALIMANTAN UTARA;2019;September;Perkotaan dan Perdesaan;Total;667833.0
KALIMANTAN UTARA;2020;Maret;Perdesaan;Makanan;460249.0
KALIMANTAN UTARA;2020;Maret;Perdesaan;Non-Makanan;172338.0
KALIMANTAN UTARA;2020;Maret;Perdesaan;Total;632586.0
KALIMANTAN UTARA;2020;Maret;Perkotaan;Makanan;526226.0
KALIMANTAN UTARA;2020;Maret;Perkotaan;Non-Makanan;188266.0
KALIMANTAN UTARA;2020;Maret;Perkotaan;Total;714492.0
KALIMANTAN UTARA;2020;Maret;Perkotaan dan Perdesaan;Makanan;499050.0
KALIMANTAN UTARA;2020;Maret;Perkotaan dan Perdesaan;Non-Makanan;181985.0
KALIMANTAN UTARA;2020;Maret;Perkotaan dan Perdesaan;Total;681035.0
KALIMANTAN UTARA;2020;September;Perdesaan;Makanan;471012.0
KALIMANTAN UTARA;2020;September;Perdesaan;Non-Makanan;178749.0
KALIMANTAN UTARA;2020;September;Perdesaan;Total;649761.0
KALIMANTAN UTARA;2020;September;Perkotaan;Makanan;532518.0
KALIMANTAN UTARA;2020;September;Perkotaan;Non-Makanan;190960.0
KALIMANTAN UTARA;2020;September;Perkotaan;Total;723478.0
KALIMANTAN UTARA;2020;September;Perkotaan dan Perdesaan;Makanan;508699.0
KALIMANTAN UTARA;2020;September;Perkotaan dan Perdesaan;Non-Makanan;186264.0
KALIMANTAN UTARA;2020;September;Perkotaan dan Perdesaan;Total;694963.0
KALIMANTAN UTARA;2021;Maret;Perdesaan;Makanan;484174.0
KALIMANTAN UTARA;2021;Maret;Perdesaan;Non-Makanan;181789.0
KALIMANTAN UTARA;2021;Maret;Perdesaan;Total;665963.0
KALIMANTAN UTARA;2021;Maret;Perkotaan;Makanan;546681.0
KALIMANTAN UTARA;2021;Maret;Perkotaan;Non-Makanan;192586.0
KALIMANTAN UTARA;2021;Maret;Perkotaan;Total;739267.0
KALIMANTAN UTARA;2021;Maret;Perkotaan dan Perdesaan;Makanan;522517.0
KALIMANTAN UTARA;2021;Maret;Perkotaan dan Perdesaan;Non-Makanan;188477.0
KALIMANTAN UTARA;2021;Maret;Perkotaan dan Perdesaan;Total;710994.0
KALIMANTAN UTARA;2021;September;Perdesaan;Makanan;496468.0
KALIMANTAN UTARA;2021;September;Perdesaan;Non-Makanan;188114.0
KALIMANTAN UTARA;2021;September;Perdesaan;Total;684582.0
KALIMANTAN UTARA;2021;September;Perkotaan;Makanan;556182.0
KALIMANTAN UTARA;2021;September;Perkotaan;Non-Makanan;205658.0
KALIMANTAN UTARA;2021;September;Perkotaan;Total;761840.0
KALIMANTAN UTARA;2021;September;Perkotaan dan Perdesaan;Makanan;531302.0
KALIMANTAN UTARA;2021;September;Perkotaan dan Perdesaan;Non-Makanan;199041.0
KALIMANTAN UTARA;2021;September;Perkotaan dan Perdesaan;Total;730343.0
KALIMANTAN UTARA;2022;Maret;Perdesaan;Makanan;525335.0
KALIMANTAN UTARA;2022;Maret;Perdesaan;Non-Makanan;194647.0
KALIMANTAN UTARA;2022;Maret;Perdesaan;Total;719982.0
KALIMANTAN UTARA;2022;Maret;Perkotaan;Makanan;591239.0
KALIMANTAN UTARA;2022;Maret;Perkotaan;Non-Makanan;213278.0
KALIMANTAN UTARA;2022;Maret;Perkotaan;Total;804517.0
KALIMANTAN UTARA;2022;Maret;Perkotaan dan Perdesaan;Makanan;566292.0
KALIMANTAN UTARA;2022;Maret;Perkotaan dan Perdesaan;Non-Makanan;206622.0
KALIMANTAN UTARA;2022;Maret;Perkotaan dan Perdesaan;Total;772914.0
KALIMANTAN UTARA;2022;September;Perdesaan;Makanan;548026.0
KALIMANTAN UTARA;2022;September;Perdesaan;Non-Makanan;202380.0
KALIMANTAN UTARA;2022;September;Perdesaan;Total;750406.0
KALIMANTAN UTARA;2022;September;Perkotaan;Makanan;616790.0
KALIMANTAN UTARA;2022;September;Perkotaan;Non-Makanan;217984.0
KALIMANTAN UTARA;2022;September;Perkotaan;Total;834774.0
KALIMANTAN UTARA;2022;September;Perkotaan dan Perdesaan;Makanan;590192.0
KALIMANTAN UTARA;2022;September;Perkotaan dan Perdesaan;Non-Makanan;212374.0
KALIMANTAN UTARA;2022;September;Perkotaan dan Perdesaan;Total;802566.0
KEP. BANGKA BELITUNG;2013;Maret;Perdesaan;Total;409901.0
KEP. BANGKA BELITUNG;2013;Maret;Perkotaan;Total;390488.0
KEP. BANGKA BELITUNG;2013;September;Perdesaan;Total;436899.0
KEP. BANGKA BELITUNG;2013;September;Perkotaan;Total;416935.0
KEP. BANGKA BELITUNG;2014;Maret;Perdesaan;Total;448817.0
KEP. BANGKA BELITUNG;2014;Maret;Perkotaan;Total;439377.0
KEP. BANGKA BELITUNG;2014;September;Perdesaan;Total;481226.0
KEP. BANGKA BELITUNG;2014;September;Perkotaan;Total;458055.0
KEP. BANGKA BELITUNG;2015;Maret;Perdesaan;Makanan;375657.0
KEP. BANGKA BELITUNG;2015;Maret;Perdesaan;Non-Makanan;125875.0
KEP. BANGKA BELITUNG;2015;Maret;Perdesaan;Total;501532.0
KEP. BANGKA BELITUNG;2015;Maret;Perkotaan;Makanan;330178.0
KEP. BANGKA BELITUNG;2015;Maret;Perkotaan;Non-Makanan;145300.0
KEP. BANGKA BELITUNG;2015;Maret;Perkotaan;Total;475478.0
KEP. BANGKA BELITUNG;2015;Maret;Perkotaan dan Perdesaan;Makanan;353260.0
KEP. BANGKA BELITUNG;2015;Maret;Perkotaan dan Perdesaan;Non-Makanan;135441.0
KEP. BANGKA BELITUNG;2015;Maret;Perkotaan dan Perdesaan;Total;488701.0
KEP. BANGKA BELITUNG;2015;September;Perdesaan;Makanan;406405.0
KEP. BANGKA BELITUNG;2015;September;Perdesaan;Non-Makanan;136327.0
KEP. BANGKA BELITUNG;2015;September;Perdesaan;Total;542732.0
KEP. BANGKA BELITUNG;2015;September;Perkotaan;Makanan;362214.0
KEP. BANGKA BELITUNG;2015;September;Perkotaan;Non-Makanan;154621.0
KEP. BANGKA BELITUNG;2015;September;Perkotaan;Total;516835.0
KEP. BANGKA BELITUNG;2015;September;Perkotaan dan Perdesaan;Makanan;384643.0
KEP. BANGKA BELITUNG;2015;September;Perkotaan dan Perdesaan;Non-Makanan;145336.0
KEP. BANGKA BELITUNG;2015;September;Perkotaan dan Perdesaan;Total;529979.0
KEP. BANGKA BELITUNG;2016;Maret;Perdesaan;Makanan;409399.0
KEP. BANGKA BELITUNG;2016;Maret;Perdesaan;Non-Makanan;137599.0
KEP. BANGKA BELITUNG;2016;Maret;Perdesaan;Total;546998.0
KEP. BANGKA BELITUNG;2016;Maret;Perkotaan;Makanan;365938.0
KEP. BANGKA BELITUNG;2016;Maret;Perkotaan;Non-Makanan;155835.0
KEP. BANGKA BELITUNG;2016;Maret;Perkotaan;Total;521773.0
KEP. BANGKA BELITUNG;2016;Maret;Perkotaan dan Perdesaan;Makanan;388454.0
KEP. BANGKA BELITUNG;2016;Maret;Perkotaan dan Perdesaan;Non-Makanan;145776.0
KEP. BANGKA BELITUNG;2016;Maret;Perkotaan dan Perdesaan;Total;534230.0
KEP. BANGKA BELITUNG;2016;September;Perdesaan;Makanan;427177.0
KEP. BANGKA BELITUNG;2016;September;Perdesaan;Non-Makanan;146405.0
KEP. BANGKA BELITUNG;2016;September;Perdesaan;Total;573582.0
KEP. BANGKA BELITUNG;2016;September;Perkotaan;Makanan;387559.0
KEP. BANGKA BELITUNG;2016;September;Perkotaan;Non-Makanan;166122.0
KEP. BANGKA BELITUNG;2016;September;Perkotaan;Total;553681.0
KEP. BANGKA BELITUNG;2016;September;Perkotaan dan Perdesaan;Makanan;407858.0
KEP. BANGKA BELITUNG;2016;September;Perkotaan dan Perdesaan;Non-Makanan;156533.0
KEP. BANGKA BELITUNG;2016;September;Perkotaan dan Perdesaan;Total;564391.0
KEP. BANGKA BELITUNG;2017;Maret;Perdesaan;Makanan;449106.0
KEP. BANGKA BELITUNG;2017;Maret;Perdesaan;Non-Makanan;153836.0
KEP. BANGKA BELITUNG;2017;Maret;Perdesaan;Total;602942.0
KEP. BANGKA BELITUNG;2017;Maret;Perkotaan;Makanan;400464.0
KEP. BANGKA BELITUNG;2017;Maret;Perkotaan;Non-Makanan;170765.0
KEP. BANGKA BELITUNG;2017;Maret;Perkotaan;Total;571229.0
KEP. BANGKA BELITUNG;2017;Maret;Perkotaan dan Perdesaan;Makanan;424845.0
KEP. BANGKA BELITUNG;2017;Maret;Perkotaan dan Perdesaan;Non-Makanan;162685.0
KEP. BANGKA BELITUNG;2017;Maret;Perkotaan dan Perdesaan;Total;587530.0
KEP. BANGKA BELITUNG;2017;September;Perdesaan;Makanan;464559.0
KEP. BANGKA BELITUNG;2017;September;Perdesaan;Non-Makanan;158552.0
KEP. BANGKA BELITUNG;2017;September;Perdesaan;Total;623111.0
KEP. BANGKA BELITUNG;2017;September;Perkotaan;Makanan;421894.0
KEP. BANGKA BELITUNG;2017;September;Perkotaan;Non-Makanan;173137.0
KEP. BANGKA BELITUNG;2017;September;Perkotaan;Total;595031.0
KEP. BANGKA BELITUNG;2017;September;Perkotaan dan Perdesaan;Makanan;441580.0
KEP. BANGKA BELITUNG;2017;September;Perkotaan dan Perdesaan;Non-Makanan;166347.0
KEP. BANGKA BELITUNG;2017;September;Perkotaan dan Perdesaan;Total;607927.0
KEP. BANGKA BELITUNG;2018;Maret;Perdesaan;Makanan;472431.0
KEP. BANGKA BELITUNG;2018;Maret;Perdesaan;Non-Makanan;165869.0
KEP. BANGKA BELITUNG;2018;Maret;Perdesaan;Total;638300.0
KEP. BANGKA BELITUNG;2018;Maret;Perkotaan;Makanan;442588.0
KEP. BANGKA BELITUNG;2018;Maret;Perkotaan;Non-Makanan;180347.0
KEP. BANGKA BELITUNG;2018;Maret;Perkotaan;Total;622935.0
KEP. BANGKA BELITUNG;2018;Maret;Perkotaan dan Perdesaan;Makanan;457834.0
KEP. BANGKA BELITUNG;2018;Maret;Perkotaan dan Perdesaan;Non-Makanan;173633.0
KEP. BANGKA BELITUNG;2018;Maret;Perkotaan dan Perdesaan;Total;631467.0
KEP. BANGKA BELITUNG;2018;September;Perdesaan;Makanan;495542.0
KEP. BANGKA BELITUNG;2018;September;Perdesaan;Non-Makanan;176561.0
KEP. BANGKA BELITUNG;2018;September;Perdesaan;Total;672104.0
KEP. BANGKA BELITUNG;2018;September;Perkotaan;Makanan;469429.0
KEP. BANGKA BELITUNG;2018;September;Perkotaan;Non-Makanan;186718.0
KEP. BANGKA BELITUNG;2018;September;Perkotaan;Total;656148.0
KEP. BANGKA BELITUNG;2018;September;Perkotaan dan Perdesaan;Makanan;482102.0
KEP. BANGKA BELITUNG;2018;September;Perkotaan dan Perdesaan;Non-Makanan;182017.0
KEP. BANGKA BELITUNG;2018;September;Perkotaan dan Perdesaan;Total;664120.0
KEP. BANGKA BELITUNG;2019;Maret;Perdesaan;Makanan;507100.0
KEP. BANGKA BELITUNG;2019;Maret;Perdesaan;Non-Makanan;178334.0
KEP. BANGKA BELITUNG;2019;Maret;Perdesaan;Total;685433.0
KEP. BANGKA BELITUNG;2019;Maret;Perkotaan;Makanan;480596.0
KEP. BANGKA BELITUNG;2019;Maret;Perkotaan;Non-Makanan;190458.0
KEP. BANGKA BELITUNG;2019;Maret;Perkotaan;Total;671054.0
KEP. BANGKA BELITUNG;2019;Maret;Perkotaan dan Perdesaan;Makanan;492693.0
KEP. BANGKA BELITUNG;2019;Maret;Perkotaan dan Perdesaan;Non-Makanan;185024.0
KEP. BANGKA BELITUNG;2019;Maret;Perkotaan dan Perdesaan;Total;677717.0
KEP. BANGKA BELITUNG;2019;September;Perdesaan;Makanan;541062.0
KEP. BANGKA BELITUNG;2019;September;Perdesaan;Non-Makanan;184681.0
KEP. BANGKA BELITUNG;2019;September;Perdesaan;Total;725743.0
KEP. BANGKA BELITUNG;2019;September;Perkotaan;Makanan;504235.0
KEP. BANGKA BELITUNG;2019;September;Perkotaan;Non-Makanan;200912.0
KEP. BANGKA BELITUNG;2019;September;Perkotaan;Total;705147.0
KEP. BANGKA BELITUNG;2019;September;Perkotaan dan Perdesaan;Makanan;521298.0
KEP. BANGKA BELITUNG;2019;September;Perkotaan dan Perdesaan;Non-Makanan;193549.0
KEP. BANGKA BELITUNG;2019;September;Perkotaan dan Perdesaan;Total;714847.0
KEP. BANGKA BELITUNG;2020;Maret;Perdesaan;Makanan;543077.0
KEP. BANGKA BELITUNG;2020;Maret;Perdesaan;Non-Makanan;189493.0
KEP. BANGKA BELITUNG;2020;Maret;Perdesaan;Total;732570.0
KEP. BANGKA BELITUNG;2020;Maret;Perkotaan;Makanan;507398.0
KEP. BANGKA BELITUNG;2020;Maret;Perkotaan;Non-Makanan;203236.0
KEP. BANGKA BELITUNG;2020;Maret;Perkotaan;Total;710634.0
KEP. BANGKA BELITUNG;2020;Maret;Perkotaan dan Perdesaan;Makanan;524371.0
KEP. BANGKA BELITUNG;2020;Maret;Perkotaan dan Perdesaan;Non-Makanan;197084.0
KEP. BANGKA BELITUNG;2020;Maret;Perkotaan dan Perdesaan;Total;721455.0
KEP. BANGKA BELITUNG;2020;September;Perdesaan;Makanan;546174.0
KEP. BANGKA BELITUNG;2020;September;Perdesaan;Non-Makanan;190676.0
KEP. BANGKA BELITUNG;2020;September;Perdesaan;Total;736850.0
KEP. BANGKA BELITUNG;2020;September;Perkotaan;Makanan;511872.0
KEP. BANGKA BELITUNG;2020;September;Perkotaan;Non-Makanan;204588.0
KEP. BANGKA BELITUNG;2020;September;Perkotaan;Total;716460.0
KEP. BANGKA BELITUNG;2020;September;Perkotaan dan Perdesaan;Makanan;528771.0
KEP. BANGKA BELITUNG;2020;September;Perkotaan dan Perdesaan;Non-Makanan;198343.0
KEP. BANGKA BELITUNG;2020;September;Perkotaan dan Perdesaan;Total;727114.0
KEP. BANGKA BELITUNG;2021;Maret;Perdesaan;Makanan;566074.0
KEP. BANGKA BELITUNG;2021;Maret;Perdesaan;Non-Makanan;202340.0
KEP. BANGKA BELITUNG;2021;Maret;Perdesaan;Total;768414.0
KEP. BANGKA BELITUNG;2021;Maret;Perkotaan;Makanan;525236.0
KEP. BANGKA BELITUNG;2021;Maret;Perkotaan;Non-Makanan;212698.0
KEP. BANGKA BELITUNG;2021;Maret;Perkotaan;Total;737934.0
KEP. BANGKA BELITUNG;2021;Maret;Perkotaan dan Perdesaan;Makanan;544017.0
KEP. BANGKA BELITUNG;2021;Maret;Perkotaan dan Perdesaan;Non-Makanan;208186.0
KEP. BANGKA BELITUNG;2021;Maret;Perkotaan dan Perdesaan;Total;752203.0
KEP. BANGKA BELITUNG;2021;September;Perdesaan;Makanan;576533.0
KEP. BANGKA BELITUNG;2021;September;Perdesaan;Non-Makanan;214613.0
KEP. BANGKA BELITUNG;2021;September;Perdesaan;Total;791146.0
KEP. BANGKA BELITUNG;2021;September;Perkotaan;Makanan;538158.0
KEP. BANGKA BELITUNG;2021;September;Perkotaan;Non-Makanan;215609.0
KEP. BANGKA BELITUNG;2021;September;Perkotaan;Total;753768.0
KEP. BANGKA BELITUNG;2021;September;Perkotaan dan Perdesaan;Makanan;555279.0
KEP. BANGKA BELITUNG;2021;September;Perkotaan dan Perdesaan;Non-Makanan;215178.0
KEP. BANGKA BELITUNG;2021;September;Perkotaan dan Perdesaan;Total;770457.0
KEP. BANGKA BELITUNG;2022;Maret;Perdesaan;Makanan;600254.0
KEP. BANGKA BELITUNG;2022;Maret;Perdesaan;Non-Makanan;220289.0
KEP. BANGKA BELITUNG;2022;Maret;Perdesaan;Total;820543.0
KEP. BANGKA BELITUNG;2022;Maret;Perkotaan;Makanan;561881.0
KEP. BANGKA BELITUNG;2022;Maret;Perkotaan;Non-Makanan;223107.0
KEP. BANGKA BELITUNG;2022;Maret;Perkotaan;Total;784988.0
KEP. BANGKA BELITUNG;2022;Maret;Perkotaan dan Perdesaan;Makanan;579537.0
KEP. BANGKA BELITUNG;2022;Maret;Perkotaan dan Perdesaan;Non-Makanan;221901.0
KEP. BANGKA BELITUNG;2022;Maret;Perkotaan dan Perdesaan;Total;801438.0
KEP. BANGKA BELITUNG;2022;September;Perdesaan;Makanan;641806.0
KEP. BANGKA BELITUNG;2022;September;Perdesaan;Non-Makanan;231037.0
KEP. BANGKA BELITUNG;2022;September;Perdesaan;Total;872843.0
KEP. BANGKA BELITUNG;2022;September;Perkotaan;Makanan;605177.0
KEP. BANGKA BELITUNG;2022;September;Perkotaan;Non-Makanan;231249.0
KEP. BANGKA BELITUNG;2022;September;Perkotaan;Total;836425.0
KEP. BANGKA BELITUNG;2022;September;Perkotaan dan Perdesaan;Makanan;622068.0
KEP. BANGKA BELITUNG;2022;September;Perkotaan dan Perdesaan;Non-Makanan;231158.0
KEP. BANGKA BELITUNG;2022;September;Perkotaan dan Perdesaan;Total;853226.0
KEP. RIAU;2013;Maret;Perdesaan;Total;326819.0
KEP. RIAU;2013;Maret;Perkotaan;Total;383332.0
KEP. RIAU;2013;September;Perdesaan;Total;364773.0
KEP. RIAU;2013;September;Perkotaan;Total;405578.0
KEP. RIAU;2014;Maret;Perdesaan;Total;385071.0
KEP. RIAU;2014;Maret;Perkotaan;Total;421733.0
KEP. RIAU;2014;September;Perdesaan;Total;399063.0
KEP. RIAU;2014;September;Perkotaan;Total;431127.0
KEP. RIAU;2015;Maret;Perdesaan;Makanan;316511.0
KEP. RIAU;2015;Maret;Perdesaan;Non-Makanan;104127.0
KEP. RIAU;2015;Maret;Perdesaan;Total;420638.0
KEP. RIAU;2015;Maret;Perkotaan;Makanan;298998.0
KEP. RIAU;2015;Maret;Perkotaan;Non-Makanan;155149.0
KEP. RIAU;2015;Maret;Perkotaan;Total;454147.0
KEP. RIAU;2015;Maret;Perkotaan dan Perdesaan;Makanan;301870.0
KEP. RIAU;2015;Maret;Perkotaan dan Perdesaan;Non-Makanan;146782.0
KEP. RIAU;2015;Maret;Perkotaan dan Perdesaan;Total;448652.0
KEP. RIAU;2015;September;Perdesaan;Makanan;343566.0
KEP. RIAU;2015;September;Perdesaan;Non-Makanan;113367.0
KEP. RIAU;2015;September;Perdesaan;Total;456933.0
KEP. RIAU;2015;September;Perkotaan;Makanan;318580.0
KEP. RIAU;2015;September;Perkotaan;Non-Makanan;166916.0
KEP. RIAU;2015;September;Perkotaan;Total;485496.0
KEP. RIAU;2015;September;Perkotaan dan Perdesaan;Makanan;322677.0
KEP. RIAU;2015;September;Perkotaan dan Perdesaan;Non-Makanan;158135.0
KEP. RIAU;2015;September;Perkotaan dan Perdesaan;Total;480812.0
KEP. RIAU;2016;Maret;Perdesaan;Makanan;353153.0
KEP. RIAU;2016;Maret;Perdesaan;Non-Makanan;113836.0
KEP. RIAU;2016;Maret;Perdesaan;Total;466989.0
KEP. RIAU;2016;Maret;Perkotaan;Makanan;326014.0
KEP. RIAU;2016;Maret;Perkotaan;Non-Makanan;168404.0
KEP. RIAU;2016;Maret;Perkotaan;Total;494418.0
KEP. RIAU;2016;Maret;Perkotaan dan Perdesaan;Makanan;330442.0
KEP. RIAU;2016;Maret;Perkotaan dan Perdesaan;Non-Makanan;159715.0
KEP. RIAU;2016;Maret;Perkotaan dan Perdesaan;Total;490157.0
KEP. RIAU;2016;September;Perdesaan;Makanan;366411.0
KEP. RIAU;2016;September;Perdesaan;Non-Makanan;115276.0
KEP. RIAU;2016;September;Perdesaan;Total;481687.0
KEP. RIAU;2016;September;Perkotaan;Makanan;334582.0
KEP. RIAU;2016;September;Perkotaan;Non-Makanan;171398.0
KEP. RIAU;2016;September;Perkotaan;Total;505980.0
KEP. RIAU;2016;September;Perkotaan dan Perdesaan;Makanan;339924.0
KEP. RIAU;2016;September;Perkotaan dan Perdesaan;Non-Makanan;162729.0
KEP. RIAU;2016;September;Perkotaan dan Perdesaan;Total;502653.0
KEP. RIAU;2017;Maret;Perdesaan;Makanan;375168.0
KEP. RIAU;2017;Maret;Perdesaan;Non-Makanan;117473.0
KEP. RIAU;2017;Maret;Perdesaan;Total;492642.0
KEP. RIAU;2017;Maret;Perkotaan;Makanan;340729.0
KEP. RIAU;2017;Maret;Perkotaan;Non-Makanan;175688.0
KEP. RIAU;2017;Maret;Perkotaan;Total;516418.0
KEP. RIAU;2017;Maret;Perkotaan dan Perdesaan;Makanan;346267.0
KEP. RIAU;2017;Maret;Perkotaan dan Perdesaan;Non-Makanan;166969.0
KEP. RIAU;2017;Maret;Perkotaan dan Perdesaan;Total;513236.0
KEP. RIAU;2017;September;Perdesaan;Makanan;387266.0
KEP. RIAU;2017;September;Perdesaan;Non-Makanan;120529.0
KEP. RIAU;2017;September;Perdesaan;Total;507795.0
KEP. RIAU;2017;September;Perkotaan;Makanan;357478.0
KEP. RIAU;2017;September;Perkotaan;Non-Makanan;182583.0
KEP. RIAU;2017;September;Perkotaan;Total;540062.0
KEP. RIAU;2017;September;Perkotaan dan Perdesaan;Makanan;362339.0
KEP. RIAU;2017;September;Perkotaan dan Perdesaan;Non-Makanan;173687.0
KEP. RIAU;2017;September;Perkotaan dan Perdesaan;Total;536026.0
KEP. RIAU;2018;Maret;Perdesaan;Makanan;396882.0
KEP. RIAU;2018;Maret;Perdesaan;Non-Makanan;131906.0
KEP. RIAU;2018;Maret;Perdesaan;Total;528788.0
KEP. RIAU;2018;Maret;Perkotaan;Makanan;373829.0
KEP. RIAU;2018;Maret;Perkotaan;Non-Makanan;190164.0
KEP. RIAU;2018;Maret;Perkotaan;Total;563993.0
KEP. RIAU;2018;Maret;Perkotaan dan Perdesaan;Makanan;377389.0
KEP. RIAU;2018;Maret;Perkotaan dan Perdesaan;Non-Makanan;181902.0
KEP. RIAU;2018;Maret;Perkotaan dan Perdesaan;Total;559291.0
KEP. RIAU;2018;September;Perdesaan;Makanan;405549.0
KEP. RIAU;2018;September;Perdesaan;Non-Makanan;137637.0
KEP. RIAU;2018;September;Perdesaan;Total;543187.0
KEP. RIAU;2018;September;Perkotaan;Makanan;376276.0
KEP. RIAU;2018;September;Perkotaan;Non-Makanan;194632.0
KEP. RIAU;2018;September;Perkotaan;Total;570910.0
KEP. RIAU;2018;September;Perkotaan dan Perdesaan;Makanan;379602.0
KEP. RIAU;2018;September;Perkotaan dan Perdesaan;Non-Makanan;188369.0
KEP. RIAU;2018;September;Perkotaan dan Perdesaan;Total;567972.0
KEP. RIAU;2019;Maret;Perdesaan;Makanan;412190.0
KEP. RIAU;2019;Maret;Perdesaan;Non-Makanan;144058.0
KEP. RIAU;2019;Maret;Perdesaan;Total;556248.0
KEP. RIAU;2019;Maret;Perkotaan;Makanan;393859.0
KEP. RIAU;2019;Maret;Perkotaan;Non-Makanan;204035.0
KEP. RIAU;2019;Maret;Perkotaan;Total;597894.0
KEP. RIAU;2019;Maret;Perkotaan dan Perdesaan;Makanan;396007.0
KEP. RIAU;2019;Maret;Perkotaan dan Perdesaan;Non-Makanan;198052.0
KEP. RIAU;2019;Maret;Perkotaan dan Perdesaan;Total;594059.0
KEP. RIAU;2019;September;Perdesaan;Makanan;429322.0
KEP. RIAU;2019;September;Perdesaan;Non-Makanan;147937.0
KEP. RIAU;2019;September;Perdesaan;Total;577259.0
KEP. RIAU;2019;September;Perkotaan;Makanan;397193.0
KEP. RIAU;2019;September;Perkotaan;Non-Makanan;208017.0
KEP. RIAU;2019;September;Perkotaan;Total;605210.0
KEP. RIAU;2019;September;Perkotaan dan Perdesaan;Makanan;400070.0
KEP. RIAU;2019;September;Perkotaan dan Perdesaan;Non-Makanan;201968.0
KEP. RIAU;2019;September;Perkotaan dan Perdesaan;Total;602038.0
KEP. RIAU;2020;Maret;Perdesaan;Makanan;442464.0
KEP. RIAU;2020;Maret;Perdesaan;Non-Makanan;152786.0
KEP. RIAU;2020;Maret;Perdesaan;Total;595249.0
KEP. RIAU;2020;Maret;Perkotaan;Makanan;406556.0
KEP. RIAU;2020;Maret;Perkotaan;Non-Makanan;210186.0
KEP. RIAU;2020;Maret;Perkotaan;Total;616743.0
KEP. RIAU;2020;Maret;Perkotaan dan Perdesaan;Makanan;410225.0
KEP. RIAU;2020;Maret;Perkotaan dan Perdesaan;Non-Makanan;204502.0
KEP. RIAU;2020;Maret;Perkotaan dan Perdesaan;Total;614727.0
KEP. RIAU;2020;September;Perdesaan;Makanan;444217.0
KEP. RIAU;2020;September;Perdesaan;Non-Makanan;153682.0
KEP. RIAU;2020;September;Perdesaan;Total;597899.0
KEP. RIAU;2020;September;Perkotaan;Makanan;408172.0
KEP. RIAU;2020;September;Perkotaan;Non-Makanan;211289.0
KEP. RIAU;2020;September;Perkotaan;Total;619461.0
KEP. RIAU;2020;September;Perkotaan dan Perdesaan;Makanan;410811.0
KEP. RIAU;2020;September;Perkotaan dan Perdesaan;Non-Makanan;206721.0
KEP. RIAU;2020;September;Perkotaan dan Perdesaan;Total;617532.0
KEP. RIAU;2021;Maret;Perdesaan;Makanan;458274.0
KEP. RIAU;2021;Maret;Perdesaan;Non-Makanan;156472.0
KEP. RIAU;2021;Maret;Perdesaan;Total;614746.0
KEP. RIAU;2021;Maret;Perkotaan;Makanan;426912.0
KEP. RIAU;2021;Maret;Perkotaan;Non-Makanan;217689.0
KEP. RIAU;2021;Maret;Perkotaan;Total;644601.0
KEP. RIAU;2021;Maret;Perkotaan dan Perdesaan;Makanan;429298.0
KEP. RIAU;2021;Maret;Perkotaan dan Perdesaan;Non-Makanan;213127.0
KEP. RIAU;2021;Maret;Perkotaan dan Perdesaan;Total;642425.0
KEP. RIAU;2021;September;Perdesaan;Makanan;467527.0
KEP. RIAU;2021;September;Perdesaan;Non-Makanan;159285.0
KEP. RIAU;2021;September;Perdesaan;Total;626811.0
KEP. RIAU;2021;September;Perkotaan;Makanan;429830.0
KEP. RIAU;2021;September;Perkotaan;Non-Makanan;225676.0
KEP. RIAU;2021;September;Perkotaan;Total;655506.0
KEP. RIAU;2021;September;Perkotaan dan Perdesaan;Makanan;432804.0
KEP. RIAU;2021;September;Perkotaan dan Perdesaan;Non-Makanan;221050.0
KEP. RIAU;2021;September;Perkotaan dan Perdesaan;Total;653854.0
KEP. RIAU;2022;Maret;Perdesaan;Makanan;496488.0
KEP. RIAU;2022;Maret;Perdesaan;Non-Makanan;162820.0
KEP. RIAU;2022;Maret;Perdesaan;Total;659308.0
KEP. RIAU;2022;Maret;Perkotaan;Makanan;453563.0
KEP. RIAU;2022;Maret;Perkotaan;Non-Makanan;233682.0
KEP. RIAU;2022;Maret;Perkotaan;Total;687245.0
KEP. RIAU;2022;Maret;Perkotaan dan Perdesaan;Makanan;458362.0
KEP. RIAU;2022;Maret;Perkotaan dan Perdesaan;Non-Makanan;225707.0
KEP. RIAU;2022;Maret;Perkotaan dan Perdesaan;Total;684069.0
KEP. RIAU;2022;September;Perdesaan;Makanan;525085.0
KEP. RIAU;2022;September;Perdesaan;Non-Makanan;172647.0
KEP. RIAU;2022;September;Perdesaan;Total;697732.0
KEP. RIAU;2022;September;Perkotaan;Makanan;486016.0
KEP. RIAU;2022;September;Perkotaan;Non-Makanan;247232.0
KEP. RIAU;2022;September;Perkotaan;Total;733248.0
KEP. RIAU;2022;September;Perkotaan dan Perdesaan;Makanan;491238.0
KEP. RIAU;2022;September;Perkotaan dan Perdesaan;Non-Makanan;239224.0
KEP. RIAU;2022;September;Perkotaan dan Perdesaan;Total;730462.0
LAMPUNG;2013;Maret;Perdesaan;Total;265105.0
LAMPUNG;2013;Maret;Perkotaan;Total;310464.0
LAMPUNG;2013;September;Perdesaan;Total;284504.0
LAMPUNG;2013;September;Perkotaan;Total;326468.0
LAMPUNG;2014;Maret;Perdesaan;Total;295931.0
LAMPUNG;2014;Maret;Perkotaan;Total;336927.0
LAMPUNG;2014;September;Perdesaan;Total;307818.0
LAMPUNG;2014;September;Perkotaan;Total;350024.0
LAMPUNG;2015;Maret;Perdesaan;Makanan;251365.0
LAMPUNG;2015;Maret;Perdesaan;Non-Makanan;74918.0
LAMPUNG;2015;Maret;Perdesaan;Total;326283.0
LAMPUNG;2015;Maret;Perkotaan;Makanan;260892.0
LAMPUNG;2015;Maret;Perkotaan;Non-Makanan;109948.0
LAMPUNG;2015;Maret;Perkotaan;Total;370839.0
LAMPUNG;2015;Maret;Perkotaan dan Perdesaan;Makanan;253869.0
LAMPUNG;2015;Maret;Perkotaan dan Perdesaan;Non-Makanan;84127.0
LAMPUNG;2015;Maret;Perkotaan dan Perdesaan;Total;337996.0
LAMPUNG;2015;September;Perdesaan;Makanan;264450.0
LAMPUNG;2015;September;Perdesaan;Non-Makanan;81638.0
LAMPUNG;2015;September;Perdesaan;Total;346088.0
LAMPUNG;2015;September;Perkotaan;Makanan;274255.0
LAMPUNG;2015;September;Perkotaan;Non-Makanan;112473.0
LAMPUNG;2015;September;Perkotaan;Total;386728.0
LAMPUNG;2015;September;Perkotaan dan Perdesaan;Makanan;267028.0
LAMPUNG;2015;September;Perkotaan dan Perdesaan;Non-Makanan;89744.0
LAMPUNG;2015;September;Perkotaan dan Perdesaan;Total;356772.0
LAMPUNG;2016;Maret;Perdesaan;Makanan;272168.0
LAMPUNG;2016;Maret;Perdesaan;Non-Makanan;82510.0
LAMPUNG;2016;Maret;Perdesaan;Total;354678.0
LAMPUNG;2016;Maret;Perkotaan;Makanan;279240.0
LAMPUNG;2016;Maret;Perkotaan;Non-Makanan;113248.0
LAMPUNG;2016;Maret;Perkotaan;Total;392488.0
LAMPUNG;2016;Maret;Perkotaan dan Perdesaan;Makanan;274437.0
LAMPUNG;2016;Maret;Perkotaan dan Perdesaan;Non-Makanan;90485.0
LAMPUNG;2016;Maret;Perkotaan dan Perdesaan;Total;364922.0
LAMPUNG;2016;September;Perdesaan;Makanan;273647.0
LAMPUNG;2016;September;Perdesaan;Non-Makanan;84145.0
LAMPUNG;2016;September;Perdesaan;Total;357792.0
LAMPUNG;2016;September;Perkotaan;Makanan;284222.0
LAMPUNG;2016;September;Perkotaan;Non-Makanan;114155.0
LAMPUNG;2016;September;Perkotaan;Total;398378.0
LAMPUNG;2016;September;Perkotaan dan Perdesaan;Makanan;276216.0
LAMPUNG;2016;September;Perkotaan dan Perdesaan;Non-Makanan;92376.0
LAMPUNG;2016;September;Perkotaan dan Perdesaan;Total;368592.0
LAMPUNG;2017;Maret;Perdesaan;Makanan;285183.0
LAMPUNG;2017;Maret;Perdesaan;Non-Makanan;86711.0
LAMPUNG;2017;Maret;Perdesaan;Total;371894.0
LAMPUNG;2017;Maret;Perkotaan;Makanan;302761.0
LAMPUNG;2017;Maret;Perkotaan;Non-Makanan;117466.0
LAMPUNG;2017;Maret;Perkotaan;Total;420227.0
LAMPUNG;2017;Maret;Perkotaan dan Perdesaan;Makanan;289705.0
LAMPUNG;2017;Maret;Perkotaan dan Perdesaan;Non-Makanan;95176.0
LAMPUNG;2017;Maret;Perkotaan dan Perdesaan;Total;384881.0
LAMPUNG;2017;September;Perdesaan;Makanan;286434.0
LAMPUNG;2017;September;Perdesaan;Non-Makanan;90615.0
LAMPUNG;2017;September;Perdesaan;Total;377049.0
LAMPUNG;2017;September;Perkotaan;Makanan;307473.0
LAMPUNG;2017;September;Perkotaan;Non-Makanan;119599.0
LAMPUNG;2017;September;Perkotaan;Total;427072.0
LAMPUNG;2017;September;Perkotaan dan Perdesaan;Makanan;291600.0
LAMPUNG;2017;September;Perkotaan dan Perdesaan;Non-Makanan;98583.0
LAMPUNG;2017;September;Perkotaan dan Perdesaan;Total;390183.0
LAMPUNG;2018;Maret;Perdesaan;Makanan;293926.0
LAMPUNG;2018;Maret;Perdesaan;Non-Makanan;92038.0
LAMPUNG;2018;Maret;Perdesaan;Total;385965.0
LAMPUNG;2018;Maret;Perkotaan;Makanan;321620.0
LAMPUNG;2018;Maret;Perkotaan;Non-Makanan;122626.0
LAMPUNG;2018;Maret;Perkotaan;Total;444246.0
LAMPUNG;2018;Maret;Perkotaan dan Perdesaan;Makanan;301234.0
LAMPUNG;2018;Maret;Perkotaan dan Perdesaan;Non-Makanan;101073.0
LAMPUNG;2018;Maret;Perkotaan dan Perdesaan;Total;402307.0
LAMPUNG;2018;September;Perdesaan;Makanan;299041.0
LAMPUNG;2018;September;Perdesaan;Non-Makanan;93160.0
LAMPUNG;2018;September;Perdesaan;Total;392201.0
LAMPUNG;2018;September;Perkotaan;Makanan;327530.0
LAMPUNG;2018;September;Perkotaan;Non-Makanan;125522.0
LAMPUNG;2018;September;Perkotaan;Total;453053.0
LAMPUNG;2018;September;Perkotaan dan Perdesaan;Makanan;306926.0
LAMPUNG;2018;September;Perkotaan dan Perdesaan;Non-Makanan;102954.0
LAMPUNG;2018;September;Perkotaan dan Perdesaan;Total;409880.0
LAMPUNG;2019;Maret;Perdesaan;Makanan;304512.0
LAMPUNG;2019;Maret;Perdesaan;Non-Makanan;94425.0
LAMPUNG;2019;Maret;Perdesaan;Total;398937.0
LAMPUNG;2019;Maret;Perkotaan;Makanan;335947.0
LAMPUNG;2019;Maret;Perkotaan;Non-Makanan;127707.0
LAMPUNG;2019;Maret;Perkotaan;Total;463654.0
LAMPUNG;2019;Maret;Perkotaan dan Perdesaan;Makanan;313620.0
LAMPUNG;2019;Maret;Perkotaan dan Perdesaan;Non-Makanan;104689.0
LAMPUNG;2019;Maret;Perkotaan dan Perdesaan;Total;418309.0
LAMPUNG;2019;September;Perdesaan;Makanan;318866.0
LAMPUNG;2019;September;Perdesaan;Non-Makanan;97828.0
LAMPUNG;2019;September;Perdesaan;Total;416694.0
LAMPUNG;2019;September;Perkotaan;Makanan;344994.0
LAMPUNG;2019;September;Perkotaan;Non-Makanan;132077.0
LAMPUNG;2019;September;Perkotaan;Total;477071.0
LAMPUNG;2019;September;Perkotaan dan Perdesaan;Makanan;326364.0
LAMPUNG;2019;September;Perkotaan dan Perdesaan;Non-Makanan;108311.0
LAMPUNG;2019;September;Perkotaan dan Perdesaan;Total;434675.0
LAMPUNG;2020;Maret;Perdesaan;Makanan;333219.0
LAMPUNG;2020;Maret;Perdesaan;Non-Makanan;100624.0
LAMPUNG;2020;Maret;Perdesaan;Total;433843.0
LAMPUNG;2020;Maret;Perkotaan;Makanan;364654.0
LAMPUNG;2020;Maret;Perkotaan;Non-Makanan;136066.0
LAMPUNG;2020;Maret;Perkotaan;Total;500720.0
LAMPUNG;2020;Maret;Perkotaan dan Perdesaan;Makanan;342151.0
LAMPUNG;2020;Maret;Perkotaan dan Perdesaan;Non-Makanan;111581.0
LAMPUNG;2020;Maret;Perkotaan dan Perdesaan;Total;453732.0
LAMPUNG;2020;September;Perdesaan;Makanan;335769.0
LAMPUNG;2020;September;Perdesaan;Non-Makanan;101339.0
LAMPUNG;2020;September;Perdesaan;Total;437107.0
LAMPUNG;2020;September;Perkotaan;Makanan;367275.0
LAMPUNG;2020;September;Perkotaan;Non-Makanan;137055.0
LAMPUNG;2020;September;Perkotaan;Total;504330.0
LAMPUNG;2020;September;Perkotaan dan Perdesaan;Makanan;344944.0
LAMPUNG;2020;September;Perkotaan dan Perdesaan;Non-Makanan;112551.0
LAMPUNG;2020;September;Perkotaan dan Perdesaan;Total;457495.0
LAMPUNG;2021;Maret;Perdesaan;Makanan;347870.0
LAMPUNG;2021;Maret;Perdesaan;Non-Makanan;103341.0
LAMPUNG;2021;Maret;Perdesaan;Total;451211.0
LAMPUNG;2021;Maret;Perkotaan;Makanan;375720.0
LAMPUNG;2021;Maret;Perkotaan;Non-Makanan;140283.0
LAMPUNG;2021;Maret;Perkotaan;Total;516003.0
LAMPUNG;2021;Maret;Perkotaan dan Perdesaan;Makanan;356329.0
LAMPUNG;2021;Maret;Perkotaan dan Perdesaan;Non-Makanan;115110.0
LAMPUNG;2021;Maret;Perkotaan dan Perdesaan;Total;471439.0
LAMPUNG;2021;September;Perdesaan;Makanan;361365.0
LAMPUNG;2021;September;Perdesaan;Non-Makanan;111553.0
LAMPUNG;2021;September;Perdesaan;Total;472918.0
LAMPUNG;2021;September;Perkotaan;Makanan;392074.0
LAMPUNG;2021;September;Perkotaan;Non-Makanan;143059.0
LAMPUNG;2021;September;Perkotaan;Total;535133.0
LAMPUNG;2021;September;Perkotaan dan Perdesaan;Makanan;370907.0
LAMPUNG;2021;September;Perkotaan dan Perdesaan;Non-Makanan;121713.0
LAMPUNG;2021;September;Perkotaan dan Perdesaan;Total;492620.0
LAMPUNG;2022;Maret;Perdesaan;Makanan;372425.0
LAMPUNG;2022;Maret;Perdesaan;Non-Makanan;120198.0
LAMPUNG;2022;Maret;Perdesaan;Total;492623.0
LAMPUNG;2022;Maret;Perkotaan;Makanan;412358.0
LAMPUNG;2022;Maret;Perkotaan;Non-Makanan;148109.0
LAMPUNG;2022;Maret;Perkotaan;Total;560467.0
LAMPUNG;2022;Maret;Perkotaan dan Perdesaan;Makanan;384769.0
LAMPUNG;2022;Maret;Perkotaan dan Perdesaan;Non-Makanan;129270.0
LAMPUNG;2022;Maret;Perkotaan dan Perdesaan;Total;514039.0
LAMPUNG;2022;September;Perdesaan;Makanan;392553.0
LAMPUNG;2022;September;Perdesaan;Non-Makanan;130606.0
LAMPUNG;2022;September;Perdesaan;Total;523159.0
LAMPUNG;2022;September;Perkotaan;Makanan;439148.0
LAMPUNG;2022;September;Perkotaan;Non-Makanan;156844.0
LAMPUNG;2022;September;Perkotaan;Total;595992.0
LAMPUNG;2022;September;Perkotaan dan Perdesaan;Makanan;406732.0
LAMPUNG;2022;September;Perkotaan dan Perdesaan;Non-Makanan;139260.0
LAMPUNG;2022;September;Perkotaan dan Perdesaan;Total;545992.0
MALUKU;2013;Maret;Perdesaan;Total;285967.0
MALUKU;2013;Maret;Perkotaan;Total;315012.0
MALUKU;2013;September;Perdesaan;Total;339466.0
MALUKU;2013;September;Perkotaan;Total;358068.0
MALUKU;2014;Maret;Perdesaan;Total;345536.0
MALUKU;2014;Maret;Perkotaan;Total;362783.0
MALUKU;2014;September;Perdesaan;Total;355478.0
MALUKU;2014;September;Perkotaan;Total;369738.0
MALUKU;2015;Maret;Perdesaan;Makanan;315018.0
MALUKU;2015;Maret;Perdesaan;Non-Makanan;84158.0
MALUKU;2015;Maret;Perdesaan;Total;399176.0
MALUKU;2015;Maret;Perkotaan;Makanan;293811.0
MALUKU;2015;Maret;Perkotaan;Non-Makanan;106536.0
MALUKU;2015;Maret;Perkotaan;Total;400347.0
MALUKU;2015;Maret;Perkotaan dan Perdesaan;Makanan;306768.0
MALUKU;2015;Maret;Perkotaan dan Perdesaan;Non-Makanan;92864.0
MALUKU;2015;Maret;Perkotaan dan Perdesaan;Total;399632.0
MALUKU;2015;September;Perdesaan;Makanan;320259.0
MALUKU;2015;September;Perdesaan;Non-Makanan;85243.0
MALUKU;2015;September;Perdesaan;Total;405502.0
MALUKU;2015;September;Perkotaan;Makanan;294604.0
MALUKU;2015;September;Perkotaan;Non-Makanan;110325.0
MALUKU;2015;September;Perkotaan;Total;404929.0
MALUKU;2015;September;Perkotaan dan Perdesaan;Makanan;310278.0
MALUKU;2015;September;Perkotaan dan Perdesaan;Non-Makanan;95001.0
MALUKU;2015;September;Perkotaan dan Perdesaan;Total;405279.0
MALUKU;2016;Maret;Perdesaan;Makanan;327734.0
MALUKU;2016;Maret;Perdesaan;Non-Makanan;87443.0
MALUKU;2016;Maret;Perdesaan;Total;415177.0
MALUKU;2016;Maret;Perkotaan;Makanan;301282.0
MALUKU;2016;Maret;Perkotaan;Non-Makanan;111698.0
MALUKU;2016;Maret;Perkotaan;Total;412980.0
MALUKU;2016;Maret;Perkotaan dan Perdesaan;Makanan;318165.0
MALUKU;2016;Maret;Perkotaan dan Perdesaan;Non-Makanan;96137.0
MALUKU;2016;Maret;Perkotaan dan Perdesaan;Total;414302.0
MALUKU;2016;September;Perdesaan;Makanan;333547.0
MALUKU;2016;September;Perdesaan;Non-Makanan;90151.0
MALUKU;2016;September;Perdesaan;Total;423698.0
MALUKU;2016;September;Perkotaan;Makanan;309375.0
MALUKU;2016;September;Perkotaan;Non-Makanan;115413.0
MALUKU;2016;September;Perkotaan;Total;424788.0
MALUKU;2016;September;Perkotaan dan Perdesaan;Makanan;324381.0
MALUKU;2016;September;Perkotaan dan Perdesaan;Non-Makanan;100275.0
MALUKU;2016;September;Perkotaan dan Perdesaan;Total;424656.0
MALUKU;2017;Maret;Perdesaan;Makanan;342515.0
MALUKU;2017;Maret;Perdesaan;Non-Makanan;93271.0
MALUKU;2017;Maret;Perdesaan;Total;435787.0
MALUKU;2017;Maret;Perkotaan;Makanan;319133.0
MALUKU;2017;Maret;Perkotaan;Non-Makanan;118510.0
MALUKU;2017;Maret;Perkotaan;Total;437644.0
MALUKU;2017;Maret;Perkotaan dan Perdesaan;Makanan;333356.0
MALUKU;2017;Maret;Perkotaan dan Perdesaan;Non-Makanan;103508.0
MALUKU;2017;Maret;Perkotaan dan Perdesaan;Total;436864.0
MALUKU;2017;September;Perdesaan;Makanan;347373.0
MALUKU;2017;September;Perdesaan;Non-Makanan;96192.0
MALUKU;2017;September;Perdesaan;Total;443565.0
MALUKU;2017;September;Perkotaan;Makanan;341556.0
MALUKU;2017;September;Perkotaan;Non-Makanan;119996.0
MALUKU;2017;September;Perkotaan;Total;461552.0
MALUKU;2017;September;Perkotaan dan Perdesaan;Makanan;345090.0
MALUKU;2017;September;Perkotaan dan Perdesaan;Non-Makanan;106124.0
MALUKU;2017;September;Perkotaan dan Perdesaan;Total;451214.0
MALUKU;2018;Maret;Perdesaan;Makanan;351733.0
MALUKU;2018;Maret;Perdesaan;Non-Makanan;96604.0
MALUKU;2018;Maret;Perdesaan;Total;448337.0
MALUKU;2018;Maret;Perkotaan;Makanan;342923.0
MALUKU;2018;Maret;Perkotaan;Non-Makanan;124804.0
MALUKU;2018;Maret;Perkotaan;Total;467727.0
MALUKU;2018;Maret;Perkotaan dan Perdesaan;Makanan;348099.0
MALUKU;2018;Maret;Perkotaan dan Perdesaan;Non-Makanan;108357.0
MALUKU;2018;Maret;Perkotaan dan Perdesaan;Total;456456.0
MALUKU;2018;September;Perdesaan;Makanan;364361.0
MALUKU;2018;September;Perdesaan;Non-Makanan;102147.0
MALUKU;2018;September;Perdesaan;Total;466508.0
MALUKU;2018;September;Perkotaan;Makanan;356495.0
MALUKU;2018;September;Perkotaan;Non-Makanan;127820.0
MALUKU;2018;September;Perkotaan;Total;484316.0
MALUKU;2018;September;Perkotaan dan Perdesaan;Makanan;361160.0
MALUKU;2018;September;Perkotaan dan Perdesaan;Non-Makanan;113012.0
MALUKU;2018;September;Perkotaan dan Perdesaan;Total;474172.0
MALUKU;2019;Maret;Perdesaan;Makanan;388514.0
MALUKU;2019;Maret;Perdesaan;Non-Makanan;111187.0
MALUKU;2019;Maret;Perdesaan;Total;499701.0
MALUKU;2019;Maret;Perkotaan;Makanan;380992.0
MALUKU;2019;Maret;Perkotaan;Non-Makanan;139398.0
MALUKU;2019;Maret;Perkotaan;Total;520390.0
MALUKU;2019;Maret;Perkotaan dan Perdesaan;Makanan;385303.0
MALUKU;2019;Maret;Perkotaan dan Perdesaan;Non-Makanan;123475.0
MALUKU;2019;Maret;Perkotaan dan Perdesaan;Total;508778.0
MALUKU;2019;September;Perdesaan;Makanan;424033.0
MALUKU;2019;September;Perdesaan;Non-Makanan;118574.0
MALUKU;2019;September;Perdesaan;Total;542606.0
MALUKU;2019;September;Perkotaan;Makanan;399149.0
MALUKU;2019;September;Perkotaan;Non-Makanan;146707.0
MALUKU;2019;September;Perkotaan;Total;545855.0
MALUKU;2019;September;Perkotaan dan Perdesaan;Makanan;414480.0
MALUKU;2019;September;Perkotaan dan Perdesaan;Non-Makanan;130898.0
MALUKU;2019;September;Perkotaan dan Perdesaan;Total;545378.0
MALUKU;2020;Maret;Perdesaan;Makanan;428902.0
MALUKU;2020;Maret;Perdesaan;Non-Makanan;123188.0
MALUKU;2020;Maret;Perdesaan;Total;552090.0
MALUKU;2020;Maret;Perkotaan;Makanan;407169.0
MALUKU;2020;Maret;Perkotaan;Non-Makanan;151053.0
MALUKU;2020;Maret;Perkotaan;Total;558222.0
MALUKU;2020;Maret;Perkotaan dan Perdesaan;Makanan;419778.0
MALUKU;2020;Maret;Perkotaan dan Perdesaan;Non-Makanan;135419.0
MALUKU;2020;Maret;Perkotaan dan Perdesaan;Total;555197.0
MALUKU;2020;September;Perdesaan;Makanan;433906.0
MALUKU;2020;September;Perdesaan;Non-Makanan;132591.0
MALUKU;2020;September;Perdesaan;Total;566497.0
MALUKU;2020;September;Perkotaan;Makanan;423608.0
MALUKU;2020;September;Perkotaan;Non-Makanan;160453.0
MALUKU;2020;September;Perkotaan;Total;584061.0
MALUKU;2020;September;Perkotaan dan Perdesaan;Makanan;429678.0
MALUKU;2020;September;Perkotaan dan Perdesaan;Non-Makanan;144007.0
MALUKU;2020;September;Perkotaan dan Perdesaan;Total;573685.0
MALUKU;2021;Maret;Perdesaan;Makanan;440977.0
MALUKU;2021;Maret;Perdesaan;Non-Makanan;139669.0
MALUKU;2021;Maret;Perdesaan;Total;580646.0
MALUKU;2021;Maret;Perkotaan;Makanan;431414.0
MALUKU;2021;Maret;Perkotaan;Non-Makanan;165150.0
MALUKU;2021;Maret;Perkotaan;Total;596564.0
MALUKU;2021;Maret;Perkotaan dan Perdesaan;Makanan;436876.0
MALUKU;2021;Maret;Perkotaan dan Perdesaan;Non-Makanan;150854.0
MALUKU;2021;Maret;Perkotaan dan Perdesaan;Total;587730.0
MALUKU;2021;September;Perdesaan;Makanan;457656.0
MALUKU;2021;September;Perdesaan;Non-Makanan;142688.0
MALUKU;2021;September;Perdesaan;Total;600344.0
MALUKU;2021;September;Perkotaan;Makanan;441674.0
MALUKU;2021;September;Perkotaan;Non-Makanan;171643.0
MALUKU;2021;September;Perkotaan;Total;613316.0
MALUKU;2021;September;Perkotaan dan Perdesaan;Makanan;450442.0
MALUKU;2021;September;Perkotaan dan Perdesaan;Non-Makanan;155467.0
MALUKU;2021;September;Perkotaan dan Perdesaan;Total;605909.0
MALUKU;2022;Maret;Perdesaan;Makanan;473778.0
MALUKU;2022;Maret;Perdesaan;Non-Makanan;151424.0
MALUKU;2022;Maret;Perdesaan;Total;625202.0
MALUKU;2022;Maret;Perkotaan;Makanan;460569.0
MALUKU;2022;Maret;Perkotaan;Non-Makanan;178780.0
MALUKU;2022;Maret;Perkotaan;Total;639349.0
MALUKU;2022;Maret;Perkotaan dan Perdesaan;Makanan;468335.0
MALUKU;2022;Maret;Perkotaan dan Perdesaan;Non-Makanan;162991.0
MALUKU;2022;Maret;Perkotaan dan Perdesaan;Total;631326.0
MALUKU;2022;September;Perdesaan;Makanan;497638.0
MALUKU;2022;September;Perdesaan;Non-Makanan;166486.0
MALUKU;2022;September;Perdesaan;Total;664124.0
MALUKU;2022;September;Perkotaan;Makanan;495440.0
MALUKU;2022;September;Perkotaan;Non-Makanan;187267.0
MALUKU;2022;September;Perkotaan;Total;682707.0
MALUKU;2022;September;Perkotaan dan Perdesaan;Makanan;496691.0
MALUKU;2022;September;Perkotaan dan Perdesaan;Non-Makanan;175765.0
MALUKU;2022;September;Perkotaan dan Perdesaan;Total;672456.0
MALUKU UTARA;2013;Maret;Perdesaan;Total;248026.0
MALUKU UTARA;2013;Maret;Perkotaan;Total;284374.0
MALUKU UTARA;2013;September;Perdesaan;Total;281482.0
MALUKU UTARA;2013;September;Perkotaan;Total;317176.0
MALUKU UTARA;2014;Maret;Perdesaan;Total;286242.0
MALUKU UTARA;2014;Maret;Perkotaan;Total;321231.0
MALUKU UTARA;2014;September;Perdesaan;Total;307374.0
MALUKU UTARA;2014;September;Perkotaan;Total;339561.0
MALUKU UTARA;2015;Maret;Perdesaan;Makanan;273858.0
MALUKU UTARA;2015;Maret;Perdesaan;Non-Makanan;63930.0
MALUKU UTARA;2015;Maret;Perdesaan;Total;337789.0
MALUKU UTARA;2015;Maret;Perkotaan;Makanan;279379.0
MALUKU UTARA;2015;Maret;Perkotaan;Non-Makanan;81553.0
MALUKU UTARA;2015;Maret;Perkotaan;Total;360933.0
MALUKU UTARA;2015;Maret;Perkotaan dan Perdesaan;Makanan;275361.0
MALUKU UTARA;2015;Maret;Perkotaan dan Perdesaan;Non-Makanan;68726.0
MALUKU UTARA;2015;Maret;Perkotaan dan Perdesaan;Total;344087.0
MALUKU UTARA;2015;September;Perdesaan;Makanan;289208.0
MALUKU UTARA;2015;September;Perdesaan;Non-Makanan;67117.0
MALUKU UTARA;2015;September;Perdesaan;Total;356325.0
MALUKU UTARA;2015;September;Perkotaan;Makanan;292989.0
MALUKU UTARA;2015;September;Perkotaan;Non-Makanan;85550.0
MALUKU UTARA;2015;September;Perkotaan;Total;378538.0
MALUKU UTARA;2015;September;Perkotaan dan Perdesaan;Makanan;290237.0
MALUKU UTARA;2015;September;Perkotaan dan Perdesaan;Non-Makanan;72134.0
MALUKU UTARA;2015;September;Perkotaan dan Perdesaan;Total;362371.0
MALUKU UTARA;2016;Maret;Perdesaan;Makanan;298037.0
MALUKU UTARA;2016;Maret;Perdesaan;Non-Makanan;73252.0
MALUKU UTARA;2016;Maret;Perdesaan;Total;371289.0
MALUKU UTARA;2016;Maret;Perkotaan;Makanan;301209.0
MALUKU UTARA;2016;Maret;Perkotaan;Non-Makanan;89579.0
MALUKU UTARA;2016;Maret;Perkotaan;Total;390788.0
MALUKU UTARA;2016;Maret;Perkotaan dan Perdesaan;Makanan;295078.0
MALUKU UTARA;2016;Maret;Perkotaan dan Perdesaan;Non-Makanan;81476.0
MALUKU UTARA;2016;Maret;Perkotaan dan Perdesaan;Total;376554.0
MALUKU UTARA;2016;September;Perdesaan;Makanan;301999.0
MALUKU UTARA;2016;September;Perdesaan;Non-Makanan;77455.0
MALUKU UTARA;2016;September;Perdesaan;Total;379454.0
MALUKU UTARA;2016;September;Perkotaan;Makanan;311558.0
MALUKU UTARA;2016;September;Perkotaan;Non-Makanan;93810.0
MALUKU UTARA;2016;September;Perkotaan;Total;405368.0
MALUKU UTARA;2016;September;Perkotaan dan Perdesaan;Makanan;304466.0
MALUKU UTARA;2016;September;Perkotaan dan Perdesaan;Non-Makanan;82024.0
MALUKU UTARA;2016;September;Perkotaan dan Perdesaan;Total;386490.0
MALUKU UTARA;2017;Maret;Perdesaan;Makanan;303436.0
MALUKU UTARA;2017;Maret;Perdesaan;Non-Makanan;80348.0
MALUKU UTARA;2017;Maret;Perdesaan;Total;383784.0
MALUKU UTARA;2017;Maret;Perkotaan;Makanan;315481.0
MALUKU UTARA;2017;Maret;Perkotaan;Non-Makanan;94931.0
MALUKU UTARA;2017;Maret;Perkotaan;Total;410412.0
MALUKU UTARA;2017;Maret;Perkotaan dan Perdesaan;Makanan;306642.0
MALUKU UTARA;2017;Maret;Perkotaan dan Perdesaan;Non-Makanan;84356.0
MALUKU UTARA;2017;Maret;Perkotaan dan Perdesaan;Total;390998.0
MALUKU UTARA;2017;September;Perdesaan;Makanan;307493.0
MALUKU UTARA;2017;September;Perdesaan;Non-Makanan;83421.0
MALUKU UTARA;2017;September;Perdesaan;Total;390914.0
MALUKU UTARA;2017;September;Perkotaan;Makanan;318011.0
MALUKU UTARA;2017;September;Perkotaan;Non-Makanan;95786.0
MALUKU UTARA;2017;September;Perkotaan;Total;413797.0
MALUKU UTARA;2017;September;Perkotaan dan Perdesaan;Makanan;310354.0
MALUKU UTARA;2017;September;Perkotaan dan Perdesaan;Non-Makanan;86985.0
MALUKU UTARA;2017;September;Perkotaan dan Perdesaan;Total;397339.0
MALUKU UTARA;2018;Maret;Perdesaan;Makanan;320771.0
MALUKU UTARA;2018;Maret;Perdesaan;Non-Makanan;84786.0
MALUKU UTARA;2018;Maret;Perdesaan;Total;405558.0
MALUKU UTARA;2018;Maret;Perkotaan;Makanan;330654.0
MALUKU UTARA;2018;Maret;Perkotaan;Non-Makanan;98243.0
MALUKU UTARA;2018;Maret;Perkotaan;Total;428897.0
MALUKU UTARA;2018;Maret;Perkotaan dan Perdesaan;Makanan;323639.0
MALUKU UTARA;2018;Maret;Perkotaan dan Perdesaan;Non-Makanan;88628.0
MALUKU UTARA;2018;Maret;Perkotaan dan Perdesaan;Total;412267.0
MALUKU UTARA;2018;September;Perdesaan;Makanan;329212.0
MALUKU UTARA;2018;September;Perdesaan;Non-Makanan;86329.0
MALUKU UTARA;2018;September;Perdesaan;Total;415541.0
MALUKU UTARA;2018;September;Perkotaan;Makanan;331690.0
MALUKU UTARA;2018;September;Perkotaan;Non-Makanan;118003.0
MALUKU UTARA;2018;September;Perkotaan;Total;449693.0
MALUKU UTARA;2018;September;Perkotaan dan Perdesaan;Makanan;329899.0
MALUKU UTARA;2018;September;Perkotaan dan Perdesaan;Non-Makanan;95381.0
MALUKU UTARA;2018;September;Perkotaan dan Perdesaan;Total;425280.0
MALUKU UTARA;2019;Maret;Perdesaan;Makanan;343631.0
MALUKU UTARA;2019;Maret;Perdesaan;Non-Makanan;89184.0
MALUKU UTARA;2019;Maret;Perdesaan;Total;432815.0
MALUKU UTARA;2019;Maret;Perkotaan;Makanan;352536.0
MALUKU UTARA;2019;Maret;Perkotaan;Non-Makanan;121938.0
MALUKU UTARA;2019;Maret;Perkotaan;Total;474475.0
MALUKU UTARA;2019;Maret;Perkotaan dan Perdesaan;Makanan;346075.0
MALUKU UTARA;2019;Maret;Perkotaan dan Perdesaan;Non-Makanan;98575.0
MALUKU UTARA;2019;Maret;Perkotaan dan Perdesaan;Total;444650.0
MALUKU UTARA;2019;September;Perdesaan;Makanan;344340.0
MALUKU UTARA;2019;September;Perdesaan;Non-Makanan;91693.0
MALUKU UTARA;2019;September;Perdesaan;Total;436033.0
MALUKU UTARA;2019;September;Perkotaan;Makanan;358394.0
MALUKU UTARA;2019;September;Perkotaan;Non-Makanan;125670.0
MALUKU UTARA;2019;September;Perkotaan;Total;484064.0
MALUKU UTARA;2019;September;Perkotaan dan Perdesaan;Makanan;348361.0
MALUKU UTARA;2019;September;Perkotaan dan Perdesaan;Non-Makanan;101087.0
MALUKU UTARA;2019;September;Perkotaan dan Perdesaan;Total;449448.0
MALUKU UTARA;2020;Maret;Perdesaan;Makanan;357381.0
MALUKU UTARA;2020;Maret;Perdesaan;Non-Makanan;94698.0
MALUKU UTARA;2020;Maret;Perdesaan;Total;452080.0
MALUKU UTARA;2020;Maret;Perkotaan;Makanan;360482.0
MALUKU UTARA;2020;Maret;Perkotaan;Non-Makanan;128282.0
MALUKU UTARA;2020;Maret;Perkotaan;Total;488764.0
MALUKU UTARA;2020;Maret;Perkotaan dan Perdesaan;Makanan;358264.0
MALUKU UTARA;2020;Maret;Perkotaan dan Perdesaan;Non-Makanan;104375.0
MALUKU UTARA;2020;Maret;Perkotaan dan Perdesaan;Total;462639.0
MALUKU UTARA;2020;September;Perdesaan;Makanan;361627.0
MALUKU UTARA;2020;September;Perdesaan;Non-Makanan;97954.0
MALUKU UTARA;2020;September;Perdesaan;Total;459580.0
MALUKU UTARA;2020;September;Perkotaan;Makanan;364415.0
MALUKU UTARA;2020;September;Perkotaan;Non-Makanan;130288.0
MALUKU UTARA;2020;September;Perkotaan;Total;494703.0
MALUKU UTARA;2020;September;Perkotaan dan Perdesaan;Makanan;362406.0
MALUKU UTARA;2020;September;Perkotaan dan Perdesaan;Non-Makanan;107190.0
MALUKU UTARA;2020;September;Perkotaan dan Perdesaan;Total;469596.0
MALUKU UTARA;2021;Maret;Perdesaan;Makanan;376259.0
MALUKU UTARA;2021;Maret;Perdesaan;Non-Makanan;102193.0
MALUKU UTARA;2021;Maret;Perdesaan;Total;478452.0
MALUKU UTARA;2021;Maret;Perkotaan;Makanan;383780.0
MALUKU UTARA;2021;Maret;Perkotaan;Non-Makanan;132670.0
MALUKU UTARA;2021;Maret;Perkotaan;Total;516450.0
MALUKU UTARA;2021;Maret;Perkotaan dan Perdesaan;Makanan;378475.0
MALUKU UTARA;2021;Maret;Perkotaan dan Perdesaan;Non-Makanan;110900.0
MALUKU UTARA;2021;Maret;Perkotaan dan Perdesaan;Total;489375.0
MALUKU UTARA;2021;September;Perdesaan;Makanan;390416.0
MALUKU UTARA;2021;September;Perdesaan;Non-Makanan;104581.0
MALUKU UTARA;2021;September;Perdesaan;Total;494997.0
MALUKU UTARA;2021;September;Perkotaan;Makanan;398678.0
MALUKU UTARA;2021;September;Perkotaan;Non-Makanan;134553.0
MALUKU UTARA;2021;September;Perkotaan;Total;533231.0
MALUKU UTARA;2021;September;Perkotaan dan Perdesaan;Makanan;392506.0
MALUKU UTARA;2021;September;Perkotaan dan Perdesaan;Non-Makanan;112927.0
MALUKU UTARA;2021;September;Perkotaan dan Perdesaan;Total;505433.0
MALUKU UTARA;2022;Maret;Perdesaan;Makanan;396637.0
MALUKU UTARA;2022;Maret;Perdesaan;Non-Makanan;106751.0
MALUKU UTARA;2022;Maret;Perdesaan;Total;503388.0
MALUKU UTARA;2022;Maret;Perkotaan;Makanan;405708.0
MALUKU UTARA;2022;Maret;Perkotaan;Non-Makanan;136264.0
MALUKU UTARA;2022;Maret;Perkotaan;Total;541972.0
MALUKU UTARA;2022;Maret;Perkotaan dan Perdesaan;Makanan;399127.0
MALUKU UTARA;2022;Maret;Perkotaan dan Perdesaan;Non-Makanan;115255.0
MALUKU UTARA;2022;Maret;Perkotaan dan Perdesaan;Total;514382.0
MALUKU UTARA;2022;September;Perdesaan;Makanan;420428.0
MALUKU UTARA;2022;September;Perdesaan;Non-Makanan;111933.0
MALUKU UTARA;2022;September;Perdesaan;Total;532361.0
MALUKU UTARA;2022;September;Perkotaan;Makanan;429919.0
MALUKU UTARA;2022;September;Perkotaan;Non-Makanan;143872.0
MALUKU UTARA;2022;September;Perkotaan;Total;573792.0
MALUKU UTARA;2022;September;Perkotaan dan Perdesaan;Makanan;423139.0
MALUKU UTARA;2022;September;Perkotaan dan Perdesaan;Non-Makanan;121138.0
MALUKU UTARA;2022;September;Perkotaan dan Perdesaan;Total;544277.0
NUSA TENGGARA BARAT;2013;Maret;Perdesaan;Total;243620.0
NUSA TENGGARA BARAT;2013;Maret;Perkotaan;Total;286020.0
NUSA TENGGARA BARAT;2013;September;Perdesaan;Total;263107.0
NUSA TENGGARA BARAT;2013;September;Perkotaan;Total;299886.0
NUSA TENGGARA BARAT;2014;Maret;Perdesaan;Total;274136.0
NUSA TENGGARA BARAT;2014;Maret;Perkotaan;Total;307147.0
NUSA TENGGARA BARAT;2014;September;Perdesaan;Total;285205.0
NUSA TENGGARA BARAT;2014;September;Perkotaan;Total;315470.0
NUSA TENGGARA BARAT;2015;Maret;Perdesaan;Makanan;232281.0
NUSA TENGGARA BARAT;2015;Maret;Perdesaan;Non-Makanan;71786.0
NUSA TENGGARA BARAT;2015;Maret;Perdesaan;Total;304068.0
NUSA TENGGARA BARAT;2015;Maret;Perkotaan;Makanan;238797.0
NUSA TENGGARA BARAT;2015;Maret;Perkotaan;Non-Makanan;89328.0
NUSA TENGGARA BARAT;2015;Maret;Perkotaan;Total;328125.0
NUSA TENGGARA BARAT;2015;Maret;Perkotaan dan Perdesaan;Makanan;235036.0
NUSA TENGGARA BARAT;2015;Maret;Perkotaan dan Perdesaan;Non-Makanan;79202.0
NUSA TENGGARA BARAT;2015;Maret;Perkotaan dan Perdesaan;Total;314238.0
NUSA TENGGARA BARAT;2015;September;Perdesaan;Makanan;238879.0
NUSA TENGGARA BARAT;2015;September;Perdesaan;Non-Makanan;74588.0
NUSA TENGGARA BARAT;2015;September;Perdesaan;Total;313466.0
NUSA TENGGARA BARAT;2015;September;Perkotaan;Makanan;244162.0
NUSA TENGGARA BARAT;2015;September;Perkotaan;Non-Makanan;91123.0
NUSA TENGGARA BARAT;2015;September;Perkotaan;Total;335284.0
NUSA TENGGARA BARAT;2015;September;Perkotaan dan Perdesaan;Makanan;241112.0
NUSA TENGGARA BARAT;2015;September;Perkotaan dan Perdesaan;Non-Makanan;81577.0
NUSA TENGGARA BARAT;2015;September;Perkotaan dan Perdesaan;Total;322689.0
NUSA TENGGARA BARAT;2016;Maret;Perdesaan;Makanan;249490.0
NUSA TENGGARA BARAT;2016;Maret;Perdesaan;Non-Makanan;77166.0
NUSA TENGGARA BARAT;2016;Maret;Perdesaan;Total;326656.0
NUSA TENGGARA BARAT;2016;Maret;Perkotaan;Makanan;251734.0
NUSA TENGGARA BARAT;2016;Maret;Perkotaan;Non-Makanan;91846.0
NUSA TENGGARA BARAT;2016;Maret;Perkotaan;Total;343580.0
NUSA TENGGARA BARAT;2016;Maret;Perkotaan dan Perdesaan;Makanan;250371.0
NUSA TENGGARA BARAT;2016;Maret;Perkotaan dan Perdesaan;Non-Makanan;83624.0
NUSA TENGGARA BARAT;2016;Maret;Perkotaan dan Perdesaan;Total;333995.0
NUSA TENGGARA BARAT;2016;September;Perdesaan;Makanan;249501.0
NUSA TENGGARA BARAT;2016;September;Perdesaan;Non-Makanan;79274.0
NUSA TENGGARA BARAT;2016;September;Perdesaan;Total;328775.0
NUSA TENGGARA BARAT;2016;September;Perkotaan;Makanan;252343.0
NUSA TENGGARA BARAT;2016;September;Perkotaan;Non-Makanan;94237.0
NUSA TENGGARA BARAT;2016;September;Perkotaan;Total;346581.0
NUSA TENGGARA BARAT;2016;September;Perkotaan dan Perdesaan;Makanan;250737.0
NUSA TENGGARA BARAT;2016;September;Perkotaan dan Perdesaan;Non-Makanan;85836.0
NUSA TENGGARA BARAT;2016;September;Perkotaan dan Perdesaan;Total;336573.0
NUSA TENGGARA BARAT;2017;Maret;Perdesaan;Makanan;255797.0
NUSA TENGGARA BARAT;2017;Maret;Perdesaan;Non-Makanan;81535.0
NUSA TENGGARA BARAT;2017;Maret;Perdesaan;Total;337333.0
NUSA TENGGARA BARAT;2017;Maret;Perkotaan;Makanan;259057.0
NUSA TENGGARA BARAT;2017;Maret;Perkotaan;Non-Makanan;96193.0
NUSA TENGGARA BARAT;2017;Maret;Perkotaan;Total;355250.0
NUSA TENGGARA BARAT;2017;Maret;Perkotaan dan Perdesaan;Makanan;257263.0
NUSA TENGGARA BARAT;2017;Maret;Perkotaan dan Perdesaan;Non-Makanan;88078.0
NUSA TENGGARA BARAT;2017;Maret;Perkotaan dan Perdesaan;Total;345341.0
NUSA TENGGARA BARAT;2017;September;Perdesaan;Makanan;260052.0
NUSA TENGGARA BARAT;2017;September;Perdesaan;Non-Makanan;83335.0
NUSA TENGGARA BARAT;2017;September;Perdesaan;Total;343387.0
NUSA TENGGARA BARAT;2017;September;Perkotaan;Makanan;267116.0
NUSA TENGGARA BARAT;2017;September;Perkotaan;Non-Makanan;96581.0
NUSA TENGGARA BARAT;2017;September;Perkotaan;Total;363697.0
NUSA TENGGARA BARAT;2017;September;Perkotaan dan Perdesaan;Makanan;263301.0
NUSA TENGGARA BARAT;2017;September;Perkotaan dan Perdesaan;Non-Makanan;89389.0
NUSA TENGGARA BARAT;2017;September;Perkotaan dan Perdesaan;Total;352690.0
NUSA TENGGARA BARAT;2018;Maret;Perdesaan;Makanan;271987.0
NUSA TENGGARA BARAT;2018;Maret;Perdesaan;Non-Makanan;84374.0
NUSA TENGGARA BARAT;2018;Maret;Perdesaan;Total;356361.0
NUSA TENGGARA BARAT;2018;Maret;Perkotaan;Makanan;279003.0
NUSA TENGGARA BARAT;2018;Maret;Perkotaan;Non-Makanan;98141.0
NUSA TENGGARA BARAT;2018;Maret;Perkotaan;Total;377145.0
NUSA TENGGARA BARAT;2018;Maret;Perkotaan dan Perdesaan;Makanan;275124.0
NUSA TENGGARA BARAT;2018;Maret;Perkotaan dan Perdesaan;Non-Makanan;90777.0
NUSA TENGGARA BARAT;2018;Maret;Perkotaan dan Perdesaan;Total;365901.0
NUSA TENGGARA BARAT;2018;September;Perdesaan;Makanan;272119.0
NUSA TENGGARA BARAT;2018;September;Perdesaan;Non-Makanan;91635.0
NUSA TENGGARA BARAT;2018;September;Perdesaan;Total;363755.0
NUSA TENGGARA BARAT;2018;September;Perkotaan;Makanan;284496.0
NUSA TENGGARA BARAT;2018;September;Perkotaan;Non-Makanan;99982.0
NUSA TENGGARA BARAT;2018;September;Perkotaan;Total;384479.0
NUSA TENGGARA BARAT;2018;September;Perkotaan dan Perdesaan;Makanan;277943.0
NUSA TENGGARA BARAT;2018;September;Perkotaan dan Perdesaan;Non-Makanan;95622.0
NUSA TENGGARA BARAT;2018;September;Perkotaan dan Perdesaan;Total;373566.0
NUSA TENGGARA BARAT;2019;Maret;Perdesaan;Makanan;280269.0
NUSA TENGGARA BARAT;2019;Maret;Perdesaan;Non-Makanan;93853.0
NUSA TENGGARA BARAT;2019;Maret;Perdesaan;Total;374123.0
NUSA TENGGARA BARAT;2019;Maret;Perkotaan;Makanan;294223.0
NUSA TENGGARA BARAT;2019;Maret;Perkotaan;Non-Makanan;102473.0
NUSA TENGGARA BARAT;2019;Maret;Perkotaan;Total;396696.0
NUSA TENGGARA BARAT;2019;Maret;Perkotaan dan Perdesaan;Makanan;286871.0
NUSA TENGGARA BARAT;2019;Maret;Perkotaan dan Perdesaan;Non-Makanan;98009.0
NUSA TENGGARA BARAT;2019;Maret;Perkotaan dan Perdesaan;Total;384880.0
NUSA TENGGARA BARAT;2019;September;Perdesaan;Makanan;285008.0
NUSA TENGGARA BARAT;2019;September;Perdesaan;Non-Makanan;95683.0
NUSA TENGGARA BARAT;2019;September;Perdesaan;Total;380691.0
NUSA TENGGARA BARAT;2019;September;Perkotaan;Makanan;301167.0
NUSA TENGGARA BARAT;2019;September;Perkotaan;Non-Makanan;103921.0
NUSA TENGGARA BARAT;2019;September;Perkotaan;Total;405087.0
NUSA TENGGARA BARAT;2019;September;Perkotaan dan Perdesaan;Makanan;292522.0
NUSA TENGGARA BARAT;2019;September;Perkotaan dan Perdesaan;Non-Makanan;99662.0
NUSA TENGGARA BARAT;2019;September;Perkotaan dan Perdesaan;Total;392184.0
NUSA TENGGARA BARAT;2020;Maret;Perdesaan;Makanan;293862.0
NUSA TENGGARA BARAT;2020;Maret;Perdesaan;Non-Makanan;99356.0
NUSA TENGGARA BARAT;2020;Maret;Perdesaan;Total;393218.0
NUSA TENGGARA BARAT;2020;Maret;Perkotaan;Makanan;312088.0
NUSA TENGGARA BARAT;2020;Maret;Perkotaan;Non-Makanan;105643.0
NUSA TENGGARA BARAT;2020;Maret;Perkotaan;Total;417730.0
NUSA TENGGARA BARAT;2020;Maret;Perkotaan dan Perdesaan;Makanan;302545.0
NUSA TENGGARA BARAT;2020;Maret;Perkotaan dan Perdesaan;Non-Makanan;102397.0
NUSA TENGGARA BARAT;2020;Maret;Perkotaan dan Perdesaan;Total;404942.0
NUSA TENGGARA BARAT;2020;September;Perdesaan;Makanan;296269.0
NUSA TENGGARA BARAT;2020;September;Perdesaan;Non-Makanan;100231.0
NUSA TENGGARA BARAT;2020;September;Perdesaan;Total;396500.0
NUSA TENGGARA BARAT;2020;September;Perkotaan;Makanan;314001.0
NUSA TENGGARA BARAT;2020;September;Perkotaan;Non-Makanan;105923.0
NUSA TENGGARA BARAT;2020;September;Perkotaan;Total;419924.0
NUSA TENGGARA BARAT;2020;September;Perkotaan dan Perdesaan;Makanan;304982.0
NUSA TENGGARA BARAT;2020;September;Perkotaan dan Perdesaan;Non-Makanan;103023.0
NUSA TENGGARA BARAT;2020;September;Perkotaan dan Perdesaan;Total;408005.0
NUSA TENGGARA BARAT;2021;Maret;Perdesaan;Makanan;311567.0
NUSA TENGGARA BARAT;2021;Maret;Perdesaan;Non-Makanan;101079.0
NUSA TENGGARA BARAT;2021;Maret;Perdesaan;Total;412646.0
NUSA TENGGARA BARAT;2021;Maret;Perkotaan;Makanan;325304.0
NUSA TENGGARA BARAT;2021;Maret;Perkotaan;Non-Makanan;109147.0
NUSA TENGGARA BARAT;2021;Maret;Perkotaan;Total;434451.0
NUSA TENGGARA BARAT;2021;Maret;Perkotaan dan Perdesaan;Makanan;318425.0
NUSA TENGGARA BARAT;2021;Maret;Perkotaan dan Perdesaan;Non-Makanan;105080.0
NUSA TENGGARA BARAT;2021;Maret;Perkotaan dan Perdesaan;Total;423505.0
NUSA TENGGARA BARAT;2021;September;Perdesaan;Makanan;320916.0
NUSA TENGGARA BARAT;2021;September;Perdesaan;Non-Makanan;109465.0
NUSA TENGGARA BARAT;2021;September;Perdesaan;Total;430381.0
NUSA TENGGARA BARAT;2021;September;Perkotaan;Makanan;336346.0
NUSA TENGGARA BARAT;2021;September;Perkotaan;Non-Makanan;116509.0
NUSA TENGGARA BARAT;2021;September;Perkotaan;Total;452855.0
NUSA TENGGARA BARAT;2021;September;Perkotaan dan Perdesaan;Makanan;328699.0
NUSA TENGGARA BARAT;2021;September;Perkotaan dan Perdesaan;Non-Makanan;113012.0
NUSA TENGGARA BARAT;2021;September;Perkotaan dan Perdesaan;Total;441711.0
NUSA TENGGARA BARAT;2022;Maret;Perdesaan;Makanan;336060.0
NUSA TENGGARA BARAT;2022;Maret;Perdesaan;Non-Makanan;112906.0
NUSA TENGGARA BARAT;2022;Maret;Perdesaan;Total;448965.0
NUSA TENGGARA BARAT;2022;Maret;Perkotaan;Makanan;349371.0
NUSA TENGGARA BARAT;2022;Maret;Perkotaan;Non-Makanan;121061.0
NUSA TENGGARA BARAT;2022;Maret;Perkotaan;Total;470431.0
NUSA TENGGARA BARAT;2022;Maret;Perkotaan dan Perdesaan;Makanan;342789.0
NUSA TENGGARA BARAT;2022;Maret;Perkotaan dan Perdesaan;Non-Makanan;117038.0
NUSA TENGGARA BARAT;2022;Maret;Perkotaan dan Perdesaan;Total;459827.0
NUSA TENGGARA BARAT;2022;September;Perdesaan;Makanan;361266.0
NUSA TENGGARA BARAT;2022;September;Perdesaan;Non-Makanan;116558.0
NUSA TENGGARA BARAT;2022;September;Perdesaan;Total;477824.0
NUSA TENGGARA BARAT;2022;September;Perkotaan;Makanan;373497.0
NUSA TENGGARA BARAT;2022;September;Perkotaan;Non-Makanan;128090.0
NUSA TENGGARA BARAT;2022;September;Perkotaan;Total;501586.0
NUSA TENGGARA BARAT;2022;September;Perkotaan dan Perdesaan;Makanan;367535.0
NUSA TENGGARA BARAT;2022;September;Perkotaan dan Perdesaan;Non-Makanan;122419.0
NUSA TENGGARA BARAT;2022;September;Perkotaan dan Perdesaan;Total;489954.0
NUSA TENGGARA TIMUR;2013;Maret;Perdesaan;Total;217918.0
NUSA TENGGARA TIMUR;2013;Maret;Perkotaan;Total;308059.0
NUSA TENGGARA TIMUR;2013;September;Perdesaan;Total;234141.0
NUSA TENGGARA TIMUR;2013;September;Perkotaan;Total;321163.0
NUSA TENGGARA TIMUR;2014;Maret;Perdesaan;Total;248606.0
NUSA TENGGARA TIMUR;2014;Maret;Perkotaan;Total;337367.0
NUSA TENGGARA TIMUR;2014;September;Perdesaan;Total;251040.0
NUSA TENGGARA TIMUR;2014;September;Perkotaan;Total;340459.0
NUSA TENGGARA TIMUR;2015;Maret;Perdesaan;Makanan;232460.0
NUSA TENGGARA TIMUR;2015;Maret;Perdesaan;Non-Makanan;48561.0
NUSA TENGGARA TIMUR;2015;Maret;Perdesaan;Total;281022.0
NUSA TENGGARA TIMUR;2015;Maret;Perkotaan;Makanan;260406.0
NUSA TENGGARA TIMUR;2015;Maret;Perkotaan;Non-Makanan;104514.0
NUSA TENGGARA TIMUR;2015;Maret;Perkotaan;Total;364920.0
NUSA TENGGARA TIMUR;2015;Maret;Perkotaan dan Perdesaan;Makanan;238070.0
NUSA TENGGARA TIMUR;2015;Maret;Perkotaan dan Perdesaan;Non-Makanan;59793.0
NUSA TENGGARA TIMUR;2015;Maret;Perkotaan dan Perdesaan;Total;297863.0
NUSA TENGGARA TIMUR;2015;September;Perdesaan;Makanan;240102.0
NUSA TENGGARA TIMUR;2015;September;Perdesaan;Non-Makanan;50261.0
NUSA TENGGARA TIMUR;2015;September;Perdesaan;Total;290363.0
NUSA TENGGARA TIMUR;2015;September;Perkotaan;Makanan;265296.0
NUSA TENGGARA TIMUR;2015;September;Perkotaan;Non-Makanan;109059.0
NUSA TENGGARA TIMUR;2015;September;Perkotaan;Total;374355.0
NUSA TENGGARA TIMUR;2015;September;Perkotaan dan Perdesaan;Makanan;245160.0
NUSA TENGGARA TIMUR;2015;September;Perkotaan dan Perdesaan;Non-Makanan;62064.0
NUSA TENGGARA TIMUR;2015;September;Perkotaan dan Perdesaan;Total;307224.0
NUSA TENGGARA TIMUR;2016;Maret;Perdesaan;Makanan;252012.0
NUSA TENGGARA TIMUR;2016;Maret;Perdesaan;Non-Makanan;54709.0
NUSA TENGGARA TIMUR;2016;Maret;Perdesaan;Total;306721.0
NUSA TENGGARA TIMUR;2016;Maret;Perkotaan;Makanan;275382.0
NUSA TENGGARA TIMUR;2016;Maret;Perkotaan;Non-Makanan;110757.0
NUSA TENGGARA TIMUR;2016;Maret;Perkotaan;Total;386139.0
NUSA TENGGARA TIMUR;2016;Maret;Perkotaan dan Perdesaan;Makanan;256245.0
NUSA TENGGARA TIMUR;2016;Maret;Perkotaan dan Perdesaan;Non-Makanan;66702.0
NUSA TENGGARA TIMUR;2016;Maret;Perkotaan dan Perdesaan;Total;322947.0
NUSA TENGGARA TIMUR;2016;September;Perdesaan;Makanan;254257.0
NUSA TENGGARA TIMUR;2016;September;Perdesaan;Non-Makanan;56039.0
NUSA TENGGARA TIMUR;2016;September;Perdesaan;Total;310296.0
NUSA TENGGARA TIMUR;2016;September;Perkotaan;Makanan;277266.0
NUSA TENGGARA TIMUR;2016;September;Perkotaan;Non-Makanan;112395.0
NUSA TENGGARA TIMUR;2016;September;Perkotaan;Total;389661.0
NUSA TENGGARA TIMUR;2016;September;Perkotaan dan Perdesaan;Makanan;258985.0
NUSA TENGGARA TIMUR;2016;September;Perkotaan dan Perdesaan;Non-Makanan;68018.0
NUSA TENGGARA TIMUR;2016;September;Perkotaan dan Perdesaan;Total;327003.0
NUSA TENGGARA TIMUR;2017;Maret;Perdesaan;Makanan;268003.0
NUSA TENGGARA TIMUR;2017;Maret;Perdesaan;Non-Makanan;58316.0
NUSA TENGGARA TIMUR;2017;Maret;Perdesaan;Total;326320.0
NUSA TENGGARA TIMUR;2017;Maret;Perkotaan;Makanan;290711.0
NUSA TENGGARA TIMUR;2017;Maret;Perkotaan;Non-Makanan;116262.0
NUSA TENGGARA TIMUR;2017;Maret;Perkotaan;Total;406973.0
NUSA TENGGARA TIMUR;2017;Maret;Perkotaan dan Perdesaan;Makanan;272537.0
NUSA TENGGARA TIMUR;2017;Maret;Perkotaan dan Perdesaan;Non-Makanan;70859.0
NUSA TENGGARA TIMUR;2017;Maret;Perkotaan dan Perdesaan;Total;343396.0
NUSA TENGGARA TIMUR;2017;September;Perdesaan;Makanan;268253.0
NUSA TENGGARA TIMUR;2017;September;Perdesaan;Non-Makanan;60883.0
NUSA TENGGARA TIMUR;2017;September;Perdesaan;Total;329136.0
NUSA TENGGARA TIMUR;2017;September;Perkotaan;Makanan;292048.0
NUSA TENGGARA TIMUR;2017;September;Perkotaan;Non-Makanan;117333.0
NUSA TENGGARA TIMUR;2017;September;Perkotaan;Total;409382.0
NUSA TENGGARA TIMUR;2017;September;Perkotaan dan Perdesaan;Makanan;273325.0
NUSA TENGGARA TIMUR;2017;September;Perkotaan dan Perdesaan;Non-Makanan;73412.0
NUSA TENGGARA TIMUR;2017;September;Perkotaan dan Perdesaan;Total;346737.0
NUSA TENGGARA TIMUR;2018;Maret;Perdesaan;Makanan;273466.0
NUSA TENGGARA TIMUR;2018;Maret;Perdesaan;Non-Makanan;63119.0
NUSA TENGGARA TIMUR;2018;Maret;Perdesaan;Total;336584.0
NUSA TENGGARA TIMUR;2018;Maret;Perkotaan;Makanan;299104.0
NUSA TENGGARA TIMUR;2018;Maret;Perkotaan;Non-Makanan;119421.0
NUSA TENGGARA TIMUR;2018;Maret;Perkotaan;Total;418525.0
NUSA TENGGARA TIMUR;2018;Maret;Perkotaan dan Perdesaan;Makanan;278911.0
NUSA TENGGARA TIMUR;2018;Maret;Perkotaan dan Perdesaan;Non-Makanan;75987.0
NUSA TENGGARA TIMUR;2018;Maret;Perkotaan dan Perdesaan;Total;354898.0
NUSA TENGGARA TIMUR;2018;September;Perdesaan;Makanan;275681.0
NUSA TENGGARA TIMUR;2018;September;Perdesaan;Non-Makanan;66622.0
NUSA TENGGARA TIMUR;2018;September;Perdesaan;Total;342303.0
NUSA TENGGARA TIMUR;2018;September;Perkotaan;Makanan;301642.0
NUSA TENGGARA TIMUR;2018;September;Perkotaan;Non-Makanan;120212.0
NUSA TENGGARA TIMUR;2018;September;Perkotaan;Total;421855.0
NUSA TENGGARA TIMUR;2018;September;Perkotaan dan Perdesaan;Makanan;281069.0
NUSA TENGGARA TIMUR;2018;September;Perkotaan dan Perdesaan;Non-Makanan;78999.0
NUSA TENGGARA TIMUR;2018;September;Perkotaan dan Perdesaan;Total;360069.0
NUSA TENGGARA TIMUR;2019;Maret;Perdesaan;Makanan;285352.0
NUSA TENGGARA TIMUR;2019;Maret;Perdesaan;Non-Makanan;68332.0
NUSA TENGGARA TIMUR;2019;Maret;Perdesaan;Total;353684.0
NUSA TENGGARA TIMUR;2019;Maret;Perkotaan;Makanan;317432.0
NUSA TENGGARA TIMUR;2019;Maret;Perkotaan;Non-Makanan;124193.0
NUSA TENGGARA TIMUR;2019;Maret;Perkotaan;Total;441625.0
NUSA TENGGARA TIMUR;2019;Maret;Perkotaan dan Perdesaan;Makanan;292305.0
NUSA TENGGARA TIMUR;2019;Maret;Perkotaan dan Perdesaan;Non-Makanan;81617.0
NUSA TENGGARA TIMUR;2019;Maret;Perkotaan dan Perdesaan;Total;373922.0
NUSA TENGGARA TIMUR;2019;September;Perdesaan;Makanan;289037.0
NUSA TENGGARA TIMUR;2019;September;Perdesaan;Non-Makanan;69974.0
NUSA TENGGARA TIMUR;2019;September;Perdesaan;Total;359011.0
NUSA TENGGARA TIMUR;2019;September;Perkotaan;Makanan;337056.0
NUSA TENGGARA TIMUR;2019;September;Perkotaan;Non-Makanan;130258.0
NUSA TENGGARA TIMUR;2019;September;Perkotaan;Total;467314.0
NUSA TENGGARA TIMUR;2019;September;Perkotaan dan Perdesaan;Makanan;299476.0
NUSA TENGGARA TIMUR;2019;September;Perkotaan dan Perdesaan;Non-Makanan;84286.0
NUSA TENGGARA TIMUR;2019;September;Perkotaan dan Perdesaan;Total;383762.0
NUSA TENGGARA TIMUR;2020;Maret;Perdesaan;Makanan;305029.0
NUSA TENGGARA TIMUR;2020;Maret;Perdesaan;Non-Makanan;71183.0
NUSA TENGGARA TIMUR;2020;Maret;Perdesaan;Total;376212.0
NUSA TENGGARA TIMUR;2020;Maret;Perkotaan;Makanan;357134.0
NUSA TENGGARA TIMUR;2020;Maret;Perkotaan;Non-Makanan;137255.0
NUSA TENGGARA TIMUR;2020;Maret;Perkotaan;Total;494388.0
NUSA TENGGARA TIMUR;2020;Maret;Perkotaan dan Perdesaan;Makanan;316130.0
NUSA TENGGARA TIMUR;2020;Maret;Perkotaan dan Perdesaan;Non-Makanan;86875.0
NUSA TENGGARA TIMUR;2020;Maret;Perkotaan dan Perdesaan;Total;403005.0
NUSA TENGGARA TIMUR;2020;September;Perdesaan;Makanan;305413.0
NUSA TENGGARA TIMUR;2020;September;Perdesaan;Non-Makanan;71833.0
NUSA TENGGARA TIMUR;2020;September;Perdesaan;Total;377246.0
NUSA TENGGARA TIMUR;2020;September;Perkotaan;Makanan;358164.0
NUSA TENGGARA TIMUR;2020;September;Perkotaan;Non-Makanan;138027.0
NUSA TENGGARA TIMUR;2020;September;Perkotaan;Total;496191.0
NUSA TENGGARA TIMUR;2020;September;Perkotaan dan Perdesaan;Makanan;316659.0
NUSA TENGGARA TIMUR;2020;September;Perkotaan dan Perdesaan;Non-Makanan;88053.0
NUSA TENGGARA TIMUR;2020;September;Perkotaan dan Perdesaan;Total;404712.0
NUSA TENGGARA TIMUR;2021;Maret;Perdesaan;Makanan;312141.0
NUSA TENGGARA TIMUR;2021;Maret;Perdesaan;Non-Makanan;73829.0
NUSA TENGGARA TIMUR;2021;Maret;Perdesaan;Total;385970.0
NUSA TENGGARA TIMUR;2021;Maret;Perkotaan;Makanan;367201.0
NUSA TENGGARA TIMUR;2021;Maret;Perkotaan;Non-Makanan;141383.0
NUSA TENGGARA TIMUR;2021;Maret;Perkotaan;Total;508584.0
NUSA TENGGARA TIMUR;2021;Maret;Perkotaan dan Perdesaan;Makanan;324545.0
NUSA TENGGARA TIMUR;2021;Maret;Perkotaan dan Perdesaan;Non-Makanan;90571.0
NUSA TENGGARA TIMUR;2021;Maret;Perkotaan dan Perdesaan;Total;415116.0
NUSA TENGGARA TIMUR;2021;September;Perdesaan;Makanan;333436.0
NUSA TENGGARA TIMUR;2021;September;Perdesaan;Non-Makanan;75333.0
NUSA TENGGARA TIMUR;2021;September;Perdesaan;Total;408769.0
NUSA TENGGARA TIMUR;2021;September;Perkotaan;Makanan;385169.0
NUSA TENGGARA TIMUR;2021;September;Perkotaan;Non-Makanan;146024.0
NUSA TENGGARA TIMUR;2021;September;Perkotaan;Total;531194.0
NUSA TENGGARA TIMUR;2021;September;Perkotaan dan Perdesaan;Makanan;344666.0
NUSA TENGGARA TIMUR;2021;September;Perkotaan dan Perdesaan;Non-Makanan;92941.0
NUSA TENGGARA TIMUR;2021;September;Perkotaan dan Perdesaan;Total;437607.0
NUSA TENGGARA TIMUR;2022;Maret;Perdesaan;Makanan;344813.0
NUSA TENGGARA TIMUR;2022;Maret;Perdesaan;Non-Makanan;84266.0
NUSA TENGGARA TIMUR;2022;Maret;Perdesaan;Total;429079.0
NUSA TENGGARA TIMUR;2022;Maret;Perkotaan;Makanan;402228.0
NUSA TENGGARA TIMUR;2022;Maret;Perkotaan;Non-Makanan;156513.0
NUSA TENGGARA TIMUR;2022;Maret;Perkotaan;Total;558741.0
NUSA TENGGARA TIMUR;2022;Maret;Perkotaan dan Perdesaan;Makanan;358224.0
NUSA TENGGARA TIMUR;2022;Maret;Perkotaan dan Perdesaan;Non-Makanan;102599.0
NUSA TENGGARA TIMUR;2022;Maret;Perkotaan dan Perdesaan;Total;460823.0
NUSA TENGGARA TIMUR;2022;September;Perdesaan;Makanan;366047.0
NUSA TENGGARA TIMUR;2022;September;Perdesaan;Non-Makanan;89496.0
NUSA TENGGARA TIMUR;2022;September;Perdesaan;Total;455543.0
NUSA TENGGARA TIMUR;2022;September;Perkotaan;Makanan;423538.0
NUSA TENGGARA TIMUR;2022;September;Perkotaan;Non-Makanan;170478.0
NUSA TENGGARA TIMUR;2022;September;Perkotaan;Total;594016.0
NUSA TENGGARA TIMUR;2022;September;Perkotaan dan Perdesaan;Makanan;380566.0
NUSA TENGGARA TIMUR;2022;September;Perkotaan dan Perdesaan;Non-Makanan;110343.0
NUSA TENGGARA TIMUR;2022;September;Perkotaan dan Perdesaan;Total;490909.0
PAPUA;2013;Maret;Perdesaan;Total;298395.0
PAPUA;2013;Maret;Perkotaan;Total;362401.0
PAPUA;2013;September;Perdesaan;Total;322079.0
PAPUA;2013;September;Perkotaan;Total;387789.0
PAPUA;2014;Maret;Perdesaan;Total;338206.0
PAPUA;2014;Maret;Perkotaan;Total;404944.0
PAPUA;2014;September;Perdesaan;Total;340846.0
PAPUA;2014;September;Perkotaan;Total;408419.0
PAPUA;2015;Maret;Perdesaan;Makanan;307562.0
PAPUA;2015;Maret;Perdesaan;Non-Makanan;80533.0
PAPUA;2015;Maret;Perdesaan;Total;388095.0
PAPUA;2015;Maret;Perkotaan;Makanan;289615.0
PAPUA;2015;Maret;Perkotaan;Non-Makanan;151082.0
PAPUA;2015;Maret;Perkotaan;Total;440697.0
PAPUA;2015;Maret;Perkotaan dan Perdesaan;Makanan;302807.0
PAPUA;2015;Maret;Perkotaan dan Perdesaan;Non-Makanan;99224.0
PAPUA;2015;Maret;Perkotaan dan Perdesaan;Total;402031.0
PAPUA;2015;September;Perdesaan;Makanan;310937.0
PAPUA;2015;September;Perdesaan;Non-Makanan;81510.0
PAPUA;2015;September;Perdesaan;Total;392446.0
PAPUA;2015;September;Perkotaan;Makanan;290712.0
PAPUA;2015;September;Perkotaan;Non-Makanan;154345.0
PAPUA;2015;September;Perkotaan;Total;445057.0
PAPUA;2015;September;Perkotaan dan Perdesaan;Makanan;305579.0
PAPUA;2015;September;Perkotaan dan Perdesaan;Non-Makanan;100806.0
PAPUA;2015;September;Perkotaan dan Perdesaan;Total;406385.0
PAPUA;2016;Maret;Perdesaan;Makanan;328157.0
PAPUA;2016;Maret;Perdesaan;Non-Makanan;84834.0
PAPUA;2016;Maret;Perdesaan;Total;412991.0
PAPUA;2016;Maret;Perkotaan;Makanan;305903.0
PAPUA;2016;Maret;Perkotaan;Non-Makanan;161082.0
PAPUA;2016;Maret;Perkotaan;Total;466985.0
PAPUA;2016;Maret;Perkotaan dan Perdesaan;Makanan;321910.0
PAPUA;2016;Maret;Perkotaan dan Perdesaan;Non-Makanan;105265.0
PAPUA;2016;Maret;Perkotaan dan Perdesaan;Total;427175.0
PAPUA;2016;September;Perdesaan;Makanan;336344.0
PAPUA;2016;September;Perdesaan;Non-Makanan;88921.0
PAPUA;2016;September;Perdesaan;Total;425264.0
PAPUA;2016;September;Perkotaan;Makanan;314057.0
PAPUA;2016;September;Perkotaan;Non-Makanan;165237.0
PAPUA;2016;September;Perkotaan;Total;479294.0
PAPUA;2016;September;Perkotaan dan Perdesaan;Makanan;331243.0
PAPUA;2016;September;Perkotaan dan Perdesaan;Non-Makanan;108778.0
PAPUA;2016;September;Perkotaan dan Perdesaan;Total;440021.0
PAPUA;2017;Maret;Perdesaan;Makanan;349305.0
PAPUA;2017;Maret;Perdesaan;Non-Makanan;91981.0
PAPUA;2017;Maret;Perdesaan;Total;441287.0
PAPUA;2017;Maret;Perkotaan;Makanan;328874.0
PAPUA;2017;Maret;Perkotaan;Non-Makanan;169493.0
PAPUA;2017;Maret;Perkotaan;Total;498368.0
PAPUA;2017;Maret;Perkotaan dan Perdesaan;Makanan;344637.0
PAPUA;2017;Maret;Perkotaan dan Perdesaan;Non-Makanan;112904.0
PAPUA;2017;Maret;Perkotaan dan Perdesaan;Total;457541.0
PAPUA;2017;September;Perdesaan;Makanan;350279.0
PAPUA;2017;September;Perdesaan;Non-Makanan;96715.0
PAPUA;2017;September;Perdesaan;Total;446994.0
PAPUA;2017;September;Perkotaan;Makanan;334043.0
PAPUA;2017;September;Perkotaan;Non-Makanan;174359.0
PAPUA;2017;September;Perkotaan;Total;508403.0
PAPUA;2017;September;Perkotaan dan Perdesaan;Makanan;346106.0
PAPUA;2017;September;Perkotaan dan Perdesaan;Non-Makanan;117951.0
PAPUA;2017;September;Perkotaan dan Perdesaan;Total;464057.0
PAPUA;2018;Maret;Perdesaan;Makanan;378887.0
PAPUA;2018;Maret;Perdesaan;Non-Makanan;103112.0
PAPUA;2018;Maret;Perdesaan;Total;482000.0
PAPUA;2018;Maret;Perkotaan;Makanan;361012.0
PAPUA;2018;Maret;Perkotaan;Non-Makanan;181530.0
PAPUA;2018;Maret;Perkotaan;Total;542542.0
PAPUA;2018;Maret;Perkotaan dan Perdesaan;Makanan;374752.0
PAPUA;2018;Maret;Perkotaan dan Perdesaan;Non-Makanan;124711.0
PAPUA;2018;Maret;Perkotaan dan Perdesaan;Total;499463.0
PAPUA;2018;September;Perdesaan;Makanan;392449.0
PAPUA;2018;September;Perdesaan;Non-Makanan;107165.0
PAPUA;2018;September;Perdesaan;Total;499615.0
PAPUA;2018;September;Perkotaan;Makanan;378574.0
PAPUA;2018;September;Perkotaan;Non-Makanan;188327.0
PAPUA;2018;September;Perkotaan;Total;566903.0
PAPUA;2018;September;Perkotaan dan Perdesaan;Makanan;388843.0
PAPUA;2018;September;Perkotaan dan Perdesaan;Non-Makanan;129967.0
PAPUA;2018;September;Perkotaan dan Perdesaan;Total;518811.0
PAPUA;2019;Maret;Perdesaan;Makanan;408203.0
PAPUA;2019;Maret;Perdesaan;Non-Makanan;111915.0
PAPUA;2019;Maret;Perdesaan;Total;520117.0
PAPUA;2019;Maret;Perkotaan;Makanan;394446.0
PAPUA;2019;Maret;Perkotaan;Non-Makanan;194298.0
PAPUA;2019;Maret;Perkotaan;Total;588744.0
PAPUA;2019;Maret;Perkotaan dan Perdesaan;Makanan;404631.0
PAPUA;2019;Maret;Perkotaan dan Perdesaan;Non-Makanan;135468.0
PAPUA;2019;Maret;Perkotaan dan Perdesaan;Total;540099.0
PAPUA;2019;September;Perdesaan;Makanan;424006.0
PAPUA;2019;September;Perdesaan;Non-Makanan;114082.0
PAPUA;2019;September;Perdesaan;Total;538088.0
PAPUA;2019;September;Perkotaan;Makanan;402419.0
PAPUA;2019;September;Perkotaan;Non-Makanan;201039.0
PAPUA;2019;September;Perkotaan;Total;603458.0
PAPUA;2019;September;Perkotaan dan Perdesaan;Makanan;418367.0
PAPUA;2019;September;Perkotaan dan Perdesaan;Non-Makanan;138869.0
PAPUA;2019;September;Perkotaan dan Perdesaan;Total;557236.0
PAPUA;2020;Maret;Perdesaan;Makanan;428109.0
PAPUA;2020;Maret;Perdesaan;Non-Makanan;114586.0
PAPUA;2020;Maret;Perdesaan;Total;542695.0
PAPUA;2020;Maret;Perkotaan;Makanan;408356.0
PAPUA;2020;Maret;Perkotaan;Non-Makanan;202759.0
PAPUA;2020;Maret;Perkotaan;Total;611115.0
PAPUA;2020;Maret;Perkotaan dan Perdesaan;Makanan;423243.0
PAPUA;2020;Maret;Perkotaan dan Perdesaan;Non-Makanan;139749.0
PAPUA;2020;Maret;Perkotaan dan Perdesaan;Total;562992.0
PAPUA;2020;September;Perdesaan;Makanan;443201.0
PAPUA;2020;September;Perdesaan;Non-Makanan;119210.0
PAPUA;2020;September;Perdesaan;Total;562412.0
PAPUA;2020;September;Perkotaan;Makanan;419488.0
PAPUA;2020;September;Perkotaan;Non-Makanan;202858.0
PAPUA;2020;September;Perkotaan;Total;622346.0
PAPUA;2020;September;Perkotaan dan Perdesaan;Makanan;437370.0
PAPUA;2020;September;Perkotaan dan Perdesaan;Non-Makanan;143093.0
PAPUA;2020;September;Perkotaan dan Perdesaan;Total;580463.0
PAPUA;2021;Maret;Perdesaan;Makanan;451443.0
PAPUA;2021;Maret;Perdesaan;Non-Makanan;122067.0
PAPUA;2021;Maret;Perdesaan;Total;573510.0
PAPUA;2021;Maret;Perkotaan;Makanan;428098.0
PAPUA;2021;Maret;Perkotaan;Non-Makanan;206605.0
PAPUA;2021;Maret;Perkotaan;Total;634703.0
PAPUA;2021;Maret;Perkotaan dan Perdesaan;Makanan;445607.0
PAPUA;2021;Maret;Perkotaan dan Perdesaan;Non-Makanan;146352.0
PAPUA;2021;Maret;Perkotaan dan Perdesaan;Total;591959.0
PAPUA;2021;September;Perdesaan;Makanan;455814.0
PAPUA;2021;September;Perdesaan;Non-Makanan;126343.0
PAPUA;2021;September;Perdesaan;Total;582157.0
PAPUA;2021;September;Perkotaan;Makanan;434937.0
PAPUA;2021;September;Perkotaan;Non-Makanan;208134.0
PAPUA;2021;September;Perkotaan;Total;643071.0
PAPUA;2021;September;Perkotaan dan Perdesaan;Makanan;450729.0
PAPUA;2021;September;Perkotaan dan Perdesaan;Non-Makanan;150066.0
PAPUA;2021;September;Perkotaan dan Perdesaan;Total;600795.0
PAPUA;2022;Maret;Perdesaan;Makanan;476758.0
PAPUA;2022;Maret;Perdesaan;Non-Makanan;131446.0
PAPUA;2022;Maret;Perdesaan;Total;608205.0
PAPUA;2022;Maret;Perkotaan;Makanan;456263.0
PAPUA;2022;Maret;Perkotaan;Non-Makanan;220512.0
PAPUA;2022;Maret;Perkotaan;Total;676775.0
PAPUA;2022;Maret;Perkotaan dan Perdesaan;Makanan;471880.0
PAPUA;2022;Maret;Perkotaan dan Perdesaan;Non-Makanan;157295.0
PAPUA;2022;Maret;Perkotaan dan Perdesaan;Total;629175.0
PAPUA;2022;September;Perdesaan;Makanan;507226.0
PAPUA;2022;September;Perdesaan;Non-Makanan;138890.0
PAPUA;2022;September;Perdesaan;Total;646116.0
PAPUA;2022;September;Perkotaan;Makanan;493024.0
PAPUA;2022;September;Perkotaan;Non-Makanan;230322.0
PAPUA;2022;September;Perkotaan;Total;723346.0
PAPUA;2022;September;Perkotaan dan Perdesaan;Makanan;503948.0
PAPUA;2022;September;Perkotaan dan Perdesaan;Non-Makanan;165460.0
PAPUA;2022;September;Perkotaan dan Perdesaan;Total;669408.0
PAPUA BARAT;2013;Maret;Perdesaan;Total;355839.0
PAPUA BARAT;2013;Maret;Perkotaan;Total;382905.0
PAPUA BARAT;2013;September;Perdesaan;Total;389163.0
PAPUA BARAT;2013;September;Perkotaan;Total;414900.0
PAPUA BARAT;2014;Maret;Perdesaan;Total;389812.0
PAPUA BARAT;2014;Maret;Perkotaan;Total;416158.0
PAPUA BARAT;2014;September;Perdesaan;Total;423701.0
PAPUA BARAT;2014;September;Perkotaan;Total;440241.0
PAPUA BARAT;2015;Maret;Perdesaan;Makanan;358458.0
PAPUA BARAT;2015;Maret;Perdesaan;Non-Makanan;76749.0
PAPUA BARAT;2015;Maret;Perdesaan;Total;435207.0
PAPUA BARAT;2015;Maret;Perkotaan;Makanan;328107.0
PAPUA BARAT;2015;Maret;Perkotaan;Non-Makanan;123915.0
PAPUA BARAT;2015;Maret;Perkotaan;Total;452022.0
PAPUA BARAT;2015;Maret;Perkotaan dan Perdesaan;Makanan;346975.0
PAPUA BARAT;2015;Maret;Perkotaan dan Perdesaan;Non-Makanan;94594.0
PAPUA BARAT;2015;Maret;Perkotaan dan Perdesaan;Total;441569.0
PAPUA BARAT;2015;September;Perdesaan;Makanan;374902.0
PAPUA BARAT;2015;September;Perdesaan;Non-Makanan;82321.0
PAPUA BARAT;2015;September;Perdesaan;Total;457222.0
PAPUA BARAT;2015;September;Perkotaan;Makanan;346945.0
PAPUA BARAT;2015;September;Perkotaan;Non-Makanan;131755.0
PAPUA BARAT;2015;September;Perkotaan;Total;478699.0
PAPUA BARAT;2015;September;Perkotaan dan Perdesaan;Makanan;364325.0
PAPUA BARAT;2015;September;Perkotaan dan Perdesaan;Non-Makanan;101023.0
PAPUA BARAT;2015;September;Perkotaan dan Perdesaan;Total;465348.0
PAPUA BARAT;2016;Maret;Perdesaan;Makanan;382574.0
PAPUA BARAT;2016;Maret;Perdesaan;Non-Makanan;84422.0
PAPUA BARAT;2016;Maret;Perdesaan;Total;466996.0
PAPUA BARAT;2016;Maret;Perkotaan;Makanan;355672.0
PAPUA BARAT;2016;Maret;Perkotaan;Non-Makanan;132055.0
PAPUA BARAT;2016;Maret;Perkotaan;Total;487727.0
PAPUA BARAT;2016;Maret;Perkotaan dan Perdesaan;Makanan;372548.0
PAPUA BARAT;2016;Maret;Perkotaan dan Perdesaan;Non-Makanan;102419.0
PAPUA BARAT;2016;Maret;Perkotaan dan Perdesaan;Total;474967.0
PAPUA BARAT;2016;September;Perdesaan;Makanan;391900.0
PAPUA BARAT;2016;September;Perdesaan;Non-Makanan;89046.0
PAPUA BARAT;2016;September;Perdesaan;Total;480945.0
PAPUA BARAT;2016;September;Perkotaan;Makanan;370573.0
PAPUA BARAT;2016;September;Perkotaan;Non-Makanan;137689.0
PAPUA BARAT;2016;September;Perkotaan;Total;508262.0
PAPUA BARAT;2016;September;Perkotaan dan Perdesaan;Makanan;384627.0
PAPUA BARAT;2016;September;Perkotaan dan Perdesaan;Non-Makanan;108341.0
PAPUA BARAT;2016;September;Perkotaan dan Perdesaan;Total;492968.0
PAPUA BARAT;2017;Maret;Perdesaan;Makanan;397246.0
PAPUA BARAT;2017;Maret;Perdesaan;Non-Makanan;91318.0
PAPUA BARAT;2017;Maret;Perdesaan;Total;488564.0
PAPUA BARAT;2017;Maret;Perkotaan;Makanan;375359.0
PAPUA BARAT;2017;Maret;Perkotaan;Non-Makanan;140489.0
PAPUA BARAT;2017;Maret;Perkotaan;Total;515849.0
PAPUA BARAT;2017;Maret;Perkotaan dan Perdesaan;Makanan;389400.0
PAPUA BARAT;2017;Maret;Perkotaan dan Perdesaan;Non-Makanan;110377.0
PAPUA BARAT;2017;Maret;Perkotaan dan Perdesaan;Total;499777.0
PAPUA BARAT;2017;September;Perdesaan;Makanan;404857.0
PAPUA BARAT;2017;September;Perdesaan;Non-Makanan;94229.0
PAPUA BARAT;2017;September;Perdesaan;Total;499086.0
PAPUA BARAT;2017;September;Perkotaan;Makanan;378551.0
PAPUA BARAT;2017;September;Perkotaan;Non-Makanan;144831.0
PAPUA BARAT;2017;September;Perkotaan;Total;523381.0
PAPUA BARAT;2017;September;Perkotaan dan Perdesaan;Makanan;395479.0
PAPUA BARAT;2017;September;Perkotaan dan Perdesaan;Non-Makanan;114383.0
PAPUA BARAT;2017;September;Perkotaan dan Perdesaan;Total;509862.0
PAPUA BARAT;2018;Maret;Perdesaan;Makanan;407711.0
PAPUA BARAT;2018;Maret;Perdesaan;Non-Makanan;98229.0
PAPUA BARAT;2018;Maret;Perdesaan;Total;505941.0
PAPUA BARAT;2018;Maret;Perkotaan;Makanan;383367.0
PAPUA BARAT;2018;Maret;Perkotaan;Non-Makanan;146928.0
PAPUA BARAT;2018;Maret;Perkotaan;Total;530295.0
PAPUA BARAT;2018;Maret;Perkotaan dan Perdesaan;Makanan;398435.0
PAPUA BARAT;2018;Maret;Perkotaan dan Perdesaan;Non-Makanan;117927.0
PAPUA BARAT;2018;Maret;Perkotaan dan Perdesaan;Total;516362.0
PAPUA BARAT;2018;September;Perdesaan;Makanan;439399.0
PAPUA BARAT;2018;September;Perdesaan;Non-Makanan;105223.0
PAPUA BARAT;2018;September;Perdesaan;Total;544623.0
PAPUA BARAT;2018;September;Perkotaan;Makanan;421470.0
PAPUA BARAT;2018;September;Perkotaan;Non-Makanan;162059.0
PAPUA BARAT;2018;September;Perkotaan;Total;583530.0
PAPUA BARAT;2018;September;Perkotaan dan Perdesaan;Makanan;432692.0
PAPUA BARAT;2018;September;Perkotaan dan Perdesaan;Non-Makanan;128283.0
PAPUA BARAT;2018;September;Perkotaan dan Perdesaan;Total;560975.0
PAPUA BARAT;2019;Maret;Perdesaan;Makanan;447368.0
PAPUA BARAT;2019;Maret;Perdesaan;Non-Makanan;107703.0
PAPUA BARAT;2019;Maret;Perdesaan;Total;555072.0
PAPUA BARAT;2019;Maret;Perkotaan;Makanan;433054.0
PAPUA BARAT;2019;Maret;Perkotaan;Non-Makanan;164353.0
PAPUA BARAT;2019;Maret;Perkotaan;Total;597406.0
PAPUA BARAT;2019;Maret;Perkotaan dan Perdesaan;Makanan;441803.0
PAPUA BARAT;2019;Maret;Perkotaan dan Perdesaan;Non-Makanan;131510.0
PAPUA BARAT;2019;Maret;Perkotaan dan Perdesaan;Total;573313.0
PAPUA BARAT;2019;September;Perdesaan;Makanan;456010.0
PAPUA BARAT;2019;September;Perdesaan;Non-Makanan;115627.0
PAPUA BARAT;2019;September;Perdesaan;Total;571637.0
PAPUA BARAT;2019;September;Perkotaan;Makanan;448816.0
PAPUA BARAT;2019;September;Perkotaan;Non-Makanan;169463.0
PAPUA BARAT;2019;September;Perkotaan;Total;618279.0
PAPUA BARAT;2019;September;Perkotaan dan Perdesaan;Makanan;453232.0
PAPUA BARAT;2019;September;Perkotaan dan Perdesaan;Non-Makanan;138104.0
PAPUA BARAT;2019;September;Perkotaan dan Perdesaan;Total;591336.0
PAPUA BARAT;2020;Maret;Perdesaan;Makanan;470084.0
PAPUA BARAT;2020;Maret;Perdesaan;Non-Makanan;126202.0
PAPUA BARAT;2020;Maret;Perdesaan;Total;596286.0
PAPUA BARAT;2020;Maret;Perkotaan;Makanan;453352.0
PAPUA BARAT;2020;Maret;Perkotaan;Non-Makanan;176386.0
PAPUA BARAT;2020;Maret;Perkotaan;Total;629738.0
PAPUA BARAT;2020;Maret;Perkotaan dan Perdesaan;Makanan;463545.0
PAPUA BARAT;2020;Maret;Perkotaan dan Perdesaan;Non-Makanan;147343.0
PAPUA BARAT;2020;Maret;Perkotaan dan Perdesaan;Total;610888.0
PAPUA BARAT;2020;September;Perdesaan;Makanan;471297.0
PAPUA BARAT;2020;September;Perdesaan;Non-Makanan;130993.0
PAPUA BARAT;2020;September;Perdesaan;Total;602290.0
PAPUA BARAT;2020;September;Perkotaan;Makanan;458403.0
PAPUA BARAT;2020;September;Perkotaan;Non-Makanan;177136.0
PAPUA BARAT;2020;September;Perkotaan;Total;635539.0
PAPUA BARAT;2020;September;Perkotaan dan Perdesaan;Makanan;465715.0
PAPUA BARAT;2020;September;Perkotaan dan Perdesaan;Non-Makanan;150672.0
PAPUA BARAT;2020;September;Perkotaan dan Perdesaan;Total;616387.0
PAPUA BARAT;2021;Maret;Perdesaan;Makanan;476185.0
PAPUA BARAT;2021;Maret;Perdesaan;Non-Makanan;137459.0
PAPUA BARAT;2021;Maret;Perdesaan;Total;613644.0
PAPUA BARAT;2021;Maret;Perkotaan;Makanan;474175.0
PAPUA BARAT;2021;Maret;Perkotaan;Non-Makanan;180703.0
PAPUA BARAT;2021;Maret;Perkotaan;Total;654878.0
PAPUA BARAT;2021;Maret;Perkotaan dan Perdesaan;Makanan;475394.0
PAPUA BARAT;2021;Maret;Perkotaan dan Perdesaan;Non-Makanan;156024.0
PAPUA BARAT;2021;Maret;Perkotaan dan Perdesaan;Total;631418.0
PAPUA BARAT;2021;September;Perdesaan;Makanan;491591.0
PAPUA BARAT;2021;September;Perdesaan;Non-Makanan;138294.0
PAPUA BARAT;2021;September;Perdesaan;Total;629885.0
PAPUA BARAT;2021;September;Perkotaan;Makanan;493825.0
PAPUA BARAT;2021;September;Perkotaan;Non-Makanan;189323.0
PAPUA BARAT;2021;September;Perkotaan;Total;683148.0
PAPUA BARAT;2021;September;Perkotaan dan Perdesaan;Makanan;492485.0
PAPUA BARAT;2021;September;Perkotaan dan Perdesaan;Non-Makanan;160036.0
PAPUA BARAT;2021;September;Perkotaan dan Perdesaan;Total;652521.0
PAPUA BARAT;2022;Maret;Perdesaan;Makanan;500372.0
PAPUA BARAT;2022;Maret;Perdesaan;Non-Makanan;141193.0
PAPUA BARAT;2022;Maret;Perdesaan;Total;641565.0
PAPUA BARAT;2022;Maret;Perkotaan;Makanan;509314.0
PAPUA BARAT;2022;Maret;Perkotaan;Non-Makanan;190854.0
PAPUA BARAT;2022;Maret;Perkotaan;Total;700168.0
PAPUA BARAT;2022;Maret;Perkotaan dan Perdesaan;Makanan;503916.0
PAPUA BARAT;2022;Maret;Perkotaan dan Perdesaan;Non-Makanan;161688.0
PAPUA BARAT;2022;Maret;Perkotaan dan Perdesaan;Total;665604.0
PAPUA BARAT;2022;September;Perdesaan;Makanan;525865.0
PAPUA BARAT;2022;September;Perdesaan;Non-Makanan;156596.0
PAPUA BARAT;2022;September;Perdesaan;Total;682461.0
PAPUA BARAT;2022;September;Perkotaan;Makanan;535410.0
PAPUA BARAT;2022;September;Perkotaan;Non-Makanan;206365.0
PAPUA BARAT;2022;September;Perkotaan;Total;741776.0
PAPUA BARAT;2022;September;Perkotaan dan Perdesaan;Makanan;529916.0
PAPUA BARAT;2022;September;Perkotaan dan Perdesaan;Non-Makanan;178241.0
PAPUA BARAT;2022;September;Perkotaan dan Perdesaan;Total;708157.0
RIAU;2013;Maret;Perdesaan;Total;312591.0
RIAU;2013;Maret;Perkotaan;Total;346796.0
RIAU;2013;September;Perdesaan;Total;339829.0
RIAU;2013;September;Perkotaan;Total;366057.0
RIAU;2014;Maret;Perdesaan;Total;357009.0
RIAU;2014;Maret;Perkotaan;Total;375286.0
RIAU;2014;September;Perdesaan;Total;374466.0
RIAU;2014;September;Perkotaan;Total;386606.0
RIAU;2015;Maret;Perdesaan;Makanan;302422.0
RIAU;2015;Maret;Perdesaan;Non-Makanan;93237.0
RIAU;2015;Maret;Perdesaan;Total;395659.0
RIAU;2015;Maret;Perkotaan;Makanan;280361.0
RIAU;2015;Maret;Perkotaan;Non-Makanan;124441.0
RIAU;2015;Maret;Perkotaan;Total;404802.0
RIAU;2015;Maret;Perkotaan dan Perdesaan;Makanan;293851.0
RIAU;2015;Maret;Perkotaan dan Perdesaan;Non-Makanan;105361.0
RIAU;2015;Maret;Perkotaan dan Perdesaan;Total;399212.0
RIAU;2015;September;Perdesaan;Makanan;318195.0
RIAU;2015;September;Perdesaan;Non-Makanan;98585.0
RIAU;2015;September;Perdesaan;Total;416780.0
RIAU;2015;September;Perkotaan;Makanan;288956.0
RIAU;2015;September;Perkotaan;Non-Makanan;128812.0
RIAU;2015;September;Perkotaan;Total;417768.0
RIAU;2015;September;Perkotaan dan Perdesaan;Makanan;306835.0
RIAU;2015;September;Perkotaan dan Perdesaan;Non-Makanan;110329.0
RIAU;2015;September;Perkotaan dan Perdesaan;Total;417164.0
RIAU;2016;Maret;Perdesaan;Makanan;326262.0
RIAU;2016;Maret;Perdesaan;Non-Makanan;99515.0
RIAU;2016;Maret;Perdesaan;Total;425777.0
RIAU;2016;Maret;Perkotaan;Makanan;292026.0
RIAU;2016;Maret;Perkotaan;Non-Makanan;134320.0
RIAU;2016;Maret;Perkotaan;Total;426346.0
RIAU;2016;Maret;Perkotaan dan Perdesaan;Makanan;312352.0
RIAU;2016;Maret;Perkotaan dan Perdesaan;Non-Makanan;113648.0
RIAU;2016;Maret;Perkotaan dan Perdesaan;Total;426000.0
RIAU;2016;September;Perdesaan;Makanan;333174.0
RIAU;2016;September;Perdesaan;Non-Makanan;100785.0
RIAU;2016;September;Perdesaan;Total;433960.0
RIAU;2016;September;Perkotaan;Makanan;301570.0
RIAU;2016;September;Perkotaan;Non-Makanan;137972.0
RIAU;2016;September;Perkotaan;Total;439542.0
RIAU;2016;September;Perkotaan dan Perdesaan;Makanan;321762.0
RIAU;2016;September;Perkotaan dan Perdesaan;Non-Makanan;115497.0
RIAU;2016;September;Perkotaan dan Perdesaan;Total;437259.0
RIAU;2017;Maret;Perdesaan;Makanan;346208.0
RIAU;2017;Maret;Perdesaan;Non-Makanan;104373.0
RIAU;2017;Maret;Perdesaan;Total;450581.0
RIAU;2017;Maret;Perkotaan;Makanan;318174.0
RIAU;2017;Maret;Perkotaan;Non-Makanan;145074.0
RIAU;2017;Maret;Perkotaan;Total;463248.0
RIAU;2017;Maret;Perkotaan dan Perdesaan;Makanan;335922.0
RIAU;2017;Maret;Perkotaan dan Perdesaan;Non-Makanan;120571.0
RIAU;2017;Maret;Perkotaan dan Perdesaan;Total;456493.0
RIAU;2017;September;Perdesaan;Makanan;350965.0
RIAU;2017;September;Perdesaan;Non-Makanan;106403.0
RIAU;2017;September;Perdesaan;Total;457368.0
RIAU;2017;September;Perkotaan;Makanan;327480.0
RIAU;2017;September;Perkotaan;Non-Makanan;147147.0
RIAU;2017;September;Perkotaan;Total;474626.0
RIAU;2017;September;Perkotaan dan Perdesaan;Makanan;342348.0
RIAU;2017;September;Perkotaan dan Perdesaan;Non-Makanan;122833.0
RIAU;2017;September;Perkotaan dan Perdesaan;Total;465181.0
RIAU;2018;Maret;Perdesaan;Makanan;357685.0
RIAU;2018;Maret;Perdesaan;Non-Makanan;114001.0
RIAU;2018;Maret;Perdesaan;Total;471687.0
RIAU;2018;Maret;Perkotaan;Makanan;342425.0
RIAU;2018;Maret;Perkotaan;Non-Makanan;148954.0
RIAU;2018;Maret;Perkotaan;Total;491379.0
RIAU;2018;Maret;Perkotaan dan Perdesaan;Makanan;351845.0
RIAU;2018;Maret;Perkotaan dan Perdesaan;Non-Makanan;128099.0
RIAU;2018;Maret;Perkotaan dan Perdesaan;Total;479944.0
RIAU;2018;September;Perdesaan;Makanan;358620.0
RIAU;2018;September;Perdesaan;Non-Makanan;119824.0
RIAU;2018;September;Perdesaan;Total;478445.0
RIAU;2018;September;Perkotaan;Makanan;350004.0
RIAU;2018;September;Perkotaan;Non-Makanan;149398.0
RIAU;2018;September;Perkotaan;Total;499402.0
RIAU;2018;September;Perkotaan dan Perdesaan;Makanan;355411.0
RIAU;2018;September;Perkotaan dan Perdesaan;Non-Makanan;131734.0
RIAU;2018;September;Perkotaan dan Perdesaan;Total;487145.0
RIAU;2019;Maret;Perdesaan;Makanan;368149.0
RIAU;2019;Maret;Perdesaan;Non-Makanan;123242.0
RIAU;2019;Maret;Perdesaan;Total;491391.0
RIAU;2019;Maret;Perkotaan;Makanan;361135.0
RIAU;2019;Maret;Perkotaan;Non-Makanan;152604.0
RIAU;2019;Maret;Perkotaan;Total;513739.0
RIAU;2019;Maret;Perkotaan dan Perdesaan;Makanan;365515.0
RIAU;2019;Maret;Perkotaan dan Perdesaan;Non-Makanan;135097.0
RIAU;2019;Maret;Perkotaan dan Perdesaan;Total;500612.0
RIAU;2019;September;Perdesaan;Makanan;381046.0
RIAU;2019;September;Perdesaan;Non-Makanan;129376.0
RIAU;2019;September;Perdesaan;Total;510421.0
RIAU;2019;September;Perkotaan;Makanan;383444.0
RIAU;2019;September;Perkotaan;Non-Makanan;163071.0
RIAU;2019;September;Perkotaan;Total;546515.0
RIAU;2019;September;Perkotaan dan Perdesaan;Makanan;381904.0
RIAU;2019;September;Perkotaan dan Perdesaan;Non-Makanan;142957.0
RIAU;2019;September;Perkotaan dan Perdesaan;Total;524861.0
RIAU;2020;Maret;Perdesaan;Makanan;394776.0
RIAU;2020;Maret;Perdesaan;Non-Makanan;131654.0
RIAU;2020;Maret;Perdesaan;Total;526431.0
RIAU;2020;Maret;Perkotaan;Makanan;400297.0
RIAU;2020;Maret;Perkotaan;Non-Makanan;170165.0
RIAU;2020;Maret;Perkotaan;Total;570462.0
RIAU;2020;Maret;Perkotaan dan Perdesaan;Makanan;396883.0
RIAU;2020;Maret;Perkotaan dan Perdesaan;Non-Makanan;147175.0
RIAU;2020;Maret;Perkotaan dan Perdesaan;Total;544058.0
RIAU;2020;September;Perdesaan;Makanan;396647.0
RIAU;2020;September;Perdesaan;Non-Makanan;132088.0
RIAU;2020;September;Perdesaan;Total;528735.0
RIAU;2020;September;Perkotaan;Makanan;401965.0
RIAU;2020;September;Perkotaan;Non-Makanan;170891.0
RIAU;2020;September;Perkotaan;Total;572856.0
RIAU;2020;September;Perkotaan dan Perdesaan;Makanan;398654.0
RIAU;2020;September;Perkotaan dan Perdesaan;Non-Makanan;147436.0
RIAU;2020;September;Perkotaan dan Perdesaan;Total;546090.0
RIAU;2021;Maret;Perdesaan;Makanan;409818.0
RIAU;2021;Maret;Perdesaan;Non-Makanan;136989.0
RIAU;2021;Maret;Perdesaan;Total;546807.0
RIAU;2021;Maret;Perkotaan;Makanan;419858.0
RIAU;2021;Maret;Perkotaan;Non-Makanan;175412.0
RIAU;2021;Maret;Perkotaan;Total;595270.0
RIAU;2021;Maret;Perkotaan dan Perdesaan;Makanan;413593.0
RIAU;2021;Maret;Perkotaan dan Perdesaan;Non-Makanan;152344.0
RIAU;2021;Maret;Perkotaan dan Perdesaan;Total;565937.0
RIAU;2021;September;Perdesaan;Makanan;423953.0
RIAU;2021;September;Perdesaan;Non-Makanan;140947.0
RIAU;2021;September;Perdesaan;Total;564900.0
RIAU;2021;September;Perkotaan;Makanan;432554.0
RIAU;2021;September;Perkotaan;Non-Makanan;185998.0
RIAU;2021;September;Perkotaan;Total;618552.0
RIAU;2021;September;Perkotaan dan Perdesaan;Makanan;427086.0
RIAU;2021;September;Perkotaan dan Perdesaan;Non-Makanan;158976.0
RIAU;2021;September;Perkotaan dan Perdesaan;Total;586062.0
RIAU;2022;Maret;Perdesaan;Makanan;435905.0
RIAU;2022;Maret;Perdesaan;Non-Makanan;146319.0
RIAU;2022;Maret;Perdesaan;Total;582224.0
RIAU;2022;Maret;Perkotaan;Makanan;450681.0
RIAU;2022;Maret;Perkotaan;Non-Makanan;191327.0
RIAU;2022;Maret;Perkotaan;Total;642008.0
RIAU;2022;Maret;Perkotaan dan Perdesaan;Makanan;441535.0
RIAU;2022;Maret;Perkotaan dan Perdesaan;Non-Makanan;164377.0
RIAU;2022;Maret;Perkotaan dan Perdesaan;Total;605912.0
RIAU;2022;September;Perdesaan;Makanan;468911.0
RIAU;2022;September;Perdesaan;Non-Makanan;154999.0
RIAU;2022;September;Perdesaan;Total;623910.0
RIAU;2022;September;Perkotaan;Makanan;486130.0
RIAU;2022;September;Perkotaan;Non-Makanan;200815.0
RIAU;2022;September;Perkotaan;Total;686945.0
RIAU;2022;September;Perkotaan dan Perdesaan;Makanan;475492.0
RIAU;2022;September;Perkotaan dan Perdesaan;Non-Makanan;173340.0
RIAU;2022;September;Perkotaan dan Perdesaan;Total;648832.0
SULAWESI BARAT;2013;Maret;Perdesaan;Total;211850.0
SULAWESI BARAT;2013;Maret;Perkotaan;Total;218429.0
SULAWESI BARAT;2013;September;Perdesaan;Total;228346.0
SULAWESI BARAT;2013;September;Perkotaan;Total;230973.0
SULAWESI BARAT;2014;Maret;Perdesaan;Total;233215.0
SULAWESI BARAT;2014;Maret;Perkotaan;Total;235934.0
SULAWESI BARAT;2014;September;Perdesaan;Total;246695.0
SULAWESI BARAT;2014;September;Perkotaan;Total;245959.0
SULAWESI BARAT;2015;Maret;Perdesaan;Makanan;209873.0
SULAWESI BARAT;2015;Maret;Perdesaan;Non-Makanan;53237.0
SULAWESI BARAT;2015;Maret;Perdesaan;Total;263110.0
SULAWESI BARAT;2015;Maret;Perkotaan;Makanan;204476.0
SULAWESI BARAT;2015;Maret;Perkotaan;Non-Makanan;52529.0
SULAWESI BARAT;2015;Maret;Perkotaan;Total;257004.0
SULAWESI BARAT;2015;Maret;Perkotaan dan Perdesaan;Makanan;208787.0
SULAWESI BARAT;2015;Maret;Perkotaan dan Perdesaan;Non-Makanan;53095.0
SULAWESI BARAT;2015;Maret;Perkotaan dan Perdesaan;Total;261882.0
SULAWESI BARAT;2015;September;Perdesaan;Makanan;221332.0
SULAWESI BARAT;2015;September;Perdesaan;Non-Makanan;58262.0
SULAWESI BARAT;2015;September;Perdesaan;Total;279594.0
SULAWESI BARAT;2015;September;Perkotaan;Makanan;212226.0
SULAWESI BARAT;2015;September;Perkotaan;Non-Makanan;56854.0
SULAWESI BARAT;2015;September;Perkotaan;Total;269080.0
SULAWESI BARAT;2015;September;Perkotaan dan Perdesaan;Makanan;219500.0
SULAWESI BARAT;2015;September;Perkotaan dan Perdesaan;Non-Makanan;57979.0
SULAWESI BARAT;2015;September;Perkotaan dan Perdesaan;Total;277479.0
SULAWESI BARAT;2016;Maret;Perdesaan;Makanan;230339.0
SULAWESI BARAT;2016;Maret;Perdesaan;Non-Makanan;60001.0
SULAWESI BARAT;2016;Maret;Perdesaan;Total;290340.0
SULAWESI BARAT;2016;Maret;Perkotaan;Makanan;215503.0
SULAWESI BARAT;2016;Maret;Perkotaan;Non-Makanan;57721.0
SULAWESI BARAT;2016;Maret;Perkotaan;Total;273224.0
SULAWESI BARAT;2016;Maret;Perkotaan dan Perdesaan;Makanan;227208.0
SULAWESI BARAT;2016;Maret;Perkotaan dan Perdesaan;Non-Makanan;59632.0
SULAWESI BARAT;2016;Maret;Perkotaan dan Perdesaan;Total;286840.0
SULAWESI BARAT;2016;September;Perdesaan;Makanan;233676.0
SULAWESI BARAT;2016;September;Perdesaan;Non-Makanan;62063.0
SULAWESI BARAT;2016;September;Perdesaan;Total;295739.0
SULAWESI BARAT;2016;September;Perkotaan;Makanan;220419.0
SULAWESI BARAT;2016;September;Perkotaan;Non-Makanan;59698.0
SULAWESI BARAT;2016;September;Perkotaan;Total;280117.0
SULAWESI BARAT;2016;September;Perkotaan dan Perdesaan;Makanan;230960.0
SULAWESI BARAT;2016;September;Perkotaan dan Perdesaan;Non-Makanan;61558.0
SULAWESI BARAT;2016;September;Perkotaan dan Perdesaan;Total;292518.0
SULAWESI BARAT;2017;Maret;Perdesaan;Makanan;240903.0
SULAWESI BARAT;2017;Maret;Perdesaan;Non-Makanan;63946.0
SULAWESI BARAT;2017;Maret;Perdesaan;Total;304849.0
SULAWESI BARAT;2017;Maret;Perkotaan;Makanan;233411.0
SULAWESI BARAT;2017;Maret;Perkotaan;Non-Makanan;61766.0
SULAWESI BARAT;2017;Maret;Perkotaan;Total;295178.0
SULAWESI BARAT;2017;Maret;Perkotaan dan Perdesaan;Makanan;239358.0
SULAWESI BARAT;2017;Maret;Perkotaan dan Perdesaan;Non-Makanan;63493.0
SULAWESI BARAT;2017;Maret;Perkotaan dan Perdesaan;Total;302851.0
SULAWESI BARAT;2017;September;Perdesaan;Makanan;247744.0
SULAWESI BARAT;2017;September;Perdesaan;Non-Makanan;67392.0
SULAWESI BARAT;2017;September;Perdesaan;Total;315137.0
SULAWESI BARAT;2017;September;Perkotaan;Makanan;255318.0
SULAWESI BARAT;2017;September;Perkotaan;Non-Makanan;63058.0
SULAWESI BARAT;2017;September;Perkotaan;Total;318376.0
SULAWESI BARAT;2017;September;Perkotaan dan Perdesaan;Makanan;249544.0
SULAWESI BARAT;2017;September;Perkotaan dan Perdesaan;Non-Makanan;66374.0
SULAWESI BARAT;2017;September;Perkotaan dan Perdesaan;Total;315918.0
SULAWESI BARAT;2018;Maret;Perdesaan;Makanan;248042.0
SULAWESI BARAT;2018;Maret;Perdesaan;Non-Makanan;70469.0
SULAWESI BARAT;2018;Maret;Perdesaan;Total;318512.0
SULAWESI BARAT;2018;Maret;Perkotaan;Makanan;255642.0
SULAWESI BARAT;2018;Maret;Perkotaan;Non-Makanan;65681.0
SULAWESI BARAT;2018;Maret;Perkotaan;Total;321324.0
SULAWESI BARAT;2018;Maret;Perkotaan dan Perdesaan;Makanan;249788.0
SULAWESI BARAT;2018;Maret;Perkotaan dan Perdesaan;Non-Makanan;69333.0
SULAWESI BARAT;2018;Maret;Perkotaan dan Perdesaan;Total;319121.0
SULAWESI BARAT;2018;September;Perdesaan;Makanan;249420.0
SULAWESI BARAT;2018;September;Perdesaan;Non-Makanan;74140.0
SULAWESI BARAT;2018;September;Perdesaan;Total;323561.0
SULAWESI BARAT;2018;September;Perkotaan;Makanan;259387.0
SULAWESI BARAT;2018;September;Perkotaan;Non-Makanan;67038.0
SULAWESI BARAT;2018;September;Perkotaan;Total;326426.0
SULAWESI BARAT;2018;September;Perkotaan dan Perdesaan;Makanan;251463.0
SULAWESI BARAT;2018;September;Perkotaan dan Perdesaan;Non-Makanan;72578.0
SULAWESI BARAT;2018;September;Perkotaan dan Perdesaan;Total;324042.0
SULAWESI BARAT;2019;Maret;Perdesaan;Makanan;252528.0
SULAWESI BARAT;2019;Maret;Perdesaan;Non-Makanan;75486.0
SULAWESI BARAT;2019;Maret;Perdesaan;Total;328014.0
SULAWESI BARAT;2019;Maret;Perkotaan;Makanan;261198.0
SULAWESI BARAT;2019;Maret;Perkotaan;Non-Makanan;67608.0
SULAWESI BARAT;2019;Maret;Perkotaan;Total;328806.0
SULAWESI BARAT;2019;Maret;Perkotaan dan Perdesaan;Makanan;254518.0
SULAWESI BARAT;2019;Maret;Perkotaan dan Perdesaan;Non-Makanan;73626.0
SULAWESI BARAT;2019;Maret;Perkotaan dan Perdesaan;Total;328144.0
SULAWESI BARAT;2019;September;Perdesaan;Makanan;262158.0
SULAWESI BARAT;2019;September;Perdesaan;Non-Makanan;77679.0
SULAWESI BARAT;2019;September;Perdesaan;Total;339838.0
SULAWESI BARAT;2019;September;Perkotaan;Makanan;266109.0
SULAWESI BARAT;2019;September;Perkotaan;Non-Makanan;74540.0
SULAWESI BARAT;2019;September;Perkotaan;Total;340649.0
SULAWESI BARAT;2019;September;Perkotaan dan Perdesaan;Makanan;262966.0
SULAWESI BARAT;2019;September;Perkotaan dan Perdesaan;Non-Makanan;76976.0
SULAWESI BARAT;2019;September;Perkotaan dan Perdesaan;Total;339942.0
SULAWESI BARAT;2020;Maret;Perdesaan;Makanan;268940.0
SULAWESI BARAT;2020;Maret;Perdesaan;Non-Makanan;80755.0
SULAWESI BARAT;2020;Maret;Perdesaan;Total;349695.0
SULAWESI BARAT;2020;Maret;Perkotaan;Makanan;277068.0
SULAWESI BARAT;2020;Maret;Perkotaan;Non-Makanan;77925.0
SULAWESI BARAT;2020;Maret;Perkotaan;Total;354993.0
SULAWESI BARAT;2020;Maret;Perkotaan dan Perdesaan;Makanan;270655.0
SULAWESI BARAT;2020;Maret;Perkotaan dan Perdesaan;Non-Makanan;80088.0
SULAWESI BARAT;2020;Maret;Perkotaan dan Perdesaan;Total;350743.0
SULAWESI BARAT;2020;September;Perdesaan;Makanan;270167.0
SULAWESI BARAT;2020;September;Perdesaan;Non-Makanan;82102.0
SULAWESI BARAT;2020;September;Perdesaan;Total;352269.0
SULAWESI BARAT;2020;September;Perkotaan;Makanan;278234.0
SULAWESI BARAT;2020;September;Perkotaan;Non-Makanan;78733.0
SULAWESI BARAT;2020;September;Perkotaan;Total;356967.0
SULAWESI BARAT;2020;September;Perkotaan dan Perdesaan;Makanan;271458.0
SULAWESI BARAT;2020;September;Perkotaan dan Perdesaan;Non-Makanan;81416.0
SULAWESI BARAT;2020;September;Perkotaan dan Perdesaan;Total;352874.0
SULAWESI BARAT;2021;Maret;Perdesaan;Makanan;278145.0
SULAWESI BARAT;2021;Maret;Perdesaan;Non-Makanan;85163.0
SULAWESI BARAT;2021;Maret;Perdesaan;Total;363308.0
SULAWESI BARAT;2021;Maret;Perkotaan;Makanan;286970.0
SULAWESI BARAT;2021;Maret;Perkotaan;Non-Makanan;81929.0
SULAWESI BARAT;2021;Maret;Perkotaan;Total;368899.0
SULAWESI BARAT;2021;Maret;Perkotaan dan Perdesaan;Makanan;279747.0
SULAWESI BARAT;2021;Maret;Perkotaan dan Perdesaan;Non-Makanan;84504.0
SULAWESI BARAT;2021;Maret;Perkotaan dan Perdesaan;Total;364251.0
SULAWESI BARAT;2021;September;Perdesaan;Makanan;297024.0
SULAWESI BARAT;2021;September;Perdesaan;Non-Makanan;87574.0
SULAWESI BARAT;2021;September;Perdesaan;Total;384598.0
SULAWESI BARAT;2021;September;Perkotaan;Makanan;299813.0
SULAWESI BARAT;2021;September;Perkotaan;Non-Makanan;82480.0
SULAWESI BARAT;2021;September;Perkotaan;Total;382292.0
SULAWESI BARAT;2021;September;Perkotaan dan Perdesaan;Makanan;297545.0
SULAWESI BARAT;2021;September;Perkotaan dan Perdesaan;Non-Makanan;86540.0
SULAWESI BARAT;2021;September;Perkotaan dan Perdesaan;Total;384085.0
SULAWESI BARAT;2022;Maret;Perdesaan;Makanan;313544.0
SULAWESI BARAT;2022;Maret;Perdesaan;Non-Makanan;91833.0
SULAWESI BARAT;2022;Maret;Perdesaan;Total;405377.0
SULAWESI BARAT;2022;Maret;Perkotaan;Makanan;317189.0
SULAWESI BARAT;2022;Maret;Perkotaan;Non-Makanan;87516.0
SULAWESI BARAT;2022;Maret;Perkotaan;Total;404705.0
SULAWESI BARAT;2022;Maret;Perkotaan dan Perdesaan;Makanan;314221.0
SULAWESI BARAT;2022;Maret;Perkotaan dan Perdesaan;Non-Makanan;90966.0
SULAWESI BARAT;2022;Maret;Perkotaan dan Perdesaan;Total;405187.0
SULAWESI BARAT;2022;September;Perdesaan;Makanan;327816.0
SULAWESI BARAT;2022;September;Perdesaan;Non-Makanan;98484.0
SULAWESI BARAT;2022;September;Perdesaan;Total;426299.0
SULAWESI BARAT;2022;September;Perkotaan;Makanan;334024.0
SULAWESI BARAT;2022;September;Perkotaan;Non-Makanan;94951.0
SULAWESI BARAT;2022;September;Perkotaan;Total;428974.0
SULAWESI BARAT;2022;September;Perkotaan dan Perdesaan;Makanan;329203.0
SULAWESI BARAT;2022;September;Perkotaan dan Perdesaan;Non-Makanan;97774.0
SULAWESI BARAT;2022;September;Perkotaan dan Perdesaan;Total;426977.0
SULAWESI SELATAN;2013;Maret;Perdesaan;Total;192161.0
SULAWESI SELATAN;2013;Maret;Perkotaan;Total;221892.0
SULAWESI SELATAN;2013;September;Perdesaan;Total;207023.0
SULAWESI SELATAN;2013;September;Perkotaan;Total;235488.0
SULAWESI SELATAN;2014;Maret;Perdesaan;Total;211271.0
SULAWESI SELATAN;2014;Maret;Perkotaan;Total;240276.0
SULAWESI SELATAN;2014;September;Perdesaan;Total;219109.0
SULAWESI SELATAN;2014;September;Perkotaan;Total;246416.0
SULAWESI SELATAN;2015;Maret;Perdesaan;Makanan;190563.0
SULAWESI SELATAN;2015;Maret;Perdesaan;Non-Makanan;49612.0
SULAWESI SELATAN;2015;Maret;Perdesaan;Total;240175.0
SULAWESI SELATAN;2015;Maret;Perkotaan;Makanan;181842.0
SULAWESI SELATAN;2015;Maret;Perkotaan;Non-Makanan;80321.0
SULAWESI SELATAN;2015;Maret;Perkotaan;Total;262163.0
SULAWESI SELATAN;2015;Maret;Perkotaan dan Perdesaan;Makanan;187304.0
SULAWESI SELATAN;2015;Maret;Perkotaan dan Perdesaan;Non-Makanan;61087.0
SULAWESI SELATAN;2015;Maret;Perkotaan dan Perdesaan;Total;248391.0
SULAWESI SELATAN;2015;September;Perdesaan;Makanan;201779.0
SULAWESI SELATAN;2015;September;Perdesaan;Non-Makanan;52745.0
SULAWESI SELATAN;2015;September;Perdesaan;Total;254524.0
SULAWESI SELATAN;2015;September;Perkotaan;Makanan;186893.0
SULAWESI SELATAN;2015;September;Perkotaan;Non-Makanan;87247.0
SULAWESI SELATAN;2015;September;Perkotaan;Total;274140.0
SULAWESI SELATAN;2015;September;Perkotaan dan Perdesaan;Makanan;196217.0
SULAWESI SELATAN;2015;September;Perkotaan dan Perdesaan;Non-Makanan;65637.0
SULAWESI SELATAN;2015;September;Perkotaan dan Perdesaan;Total;261854.0
SULAWESI SELATAN;2016;Maret;Perdesaan;Makanan;209095.0
SULAWESI SELATAN;2016;Maret;Perdesaan;Non-Makanan;54579.0
SULAWESI SELATAN;2016;Maret;Perdesaan;Total;263674.0
SULAWESI SELATAN;2016;Maret;Perkotaan;Makanan;193372.0
SULAWESI SELATAN;2016;Maret;Perkotaan;Non-Makanan;88304.0
SULAWESI SELATAN;2016;Maret;Perkotaan;Total;281676.0
SULAWESI SELATAN;2016;Maret;Perkotaan dan Perdesaan;Makanan;203918.0
SULAWESI SELATAN;2016;Maret;Perkotaan dan Perdesaan;Non-Makanan;66683.0
SULAWESI SELATAN;2016;Maret;Perkotaan dan Perdesaan;Total;270601.0
SULAWESI SELATAN;2016;September;Perdesaan;Makanan;210928.0
SULAWESI SELATAN;2016;September;Perdesaan;Non-Makanan;56501.0
SULAWESI SELATAN;2016;September;Perdesaan;Total;267428.0
SULAWESI SELATAN;2016;September;Perkotaan;Makanan;196645.0
SULAWESI SELATAN;2016;September;Perkotaan;Non-Makanan;90023.0
SULAWESI SELATAN;2016;September;Perkotaan;Total;286669.0
SULAWESI SELATAN;2016;September;Perkotaan dan Perdesaan;Makanan;205767.0
SULAWESI SELATAN;2016;September;Perkotaan dan Perdesaan;Non-Makanan;69594.0
SULAWESI SELATAN;2016;September;Perkotaan dan Perdesaan;Total;275361.0
SULAWESI SELATAN;2017;Maret;Perdesaan;Makanan;215790.0
SULAWESI SELATAN;2017;Maret;Perdesaan;Non-Makanan;58643.0
SULAWESI SELATAN;2017;Maret;Perdesaan;Total;274434.0
SULAWESI SELATAN;2017;Maret;Perkotaan;Makanan;204192.0
SULAWESI SELATAN;2017;Maret;Perkotaan;Non-Makanan;92452.0
SULAWESI SELATAN;2017;Maret;Perkotaan;Total;296644.0
SULAWESI SELATAN;2017;Maret;Perkotaan dan Perdesaan;Makanan;211452.0
SULAWESI SELATAN;2017;Maret;Perkotaan dan Perdesaan;Non-Makanan;72009.0
SULAWESI SELATAN;2017;Maret;Perkotaan dan Perdesaan;Total;283461.0
SULAWESI SELATAN;2017;September;Perdesaan;Makanan;226047.0
SULAWESI SELATAN;2017;September;Perdesaan;Non-Makanan;61741.0
SULAWESI SELATAN;2017;September;Perdesaan;Total;287788.0
SULAWESI SELATAN;2017;September;Perkotaan;Makanan;209432.0
SULAWESI SELATAN;2017;September;Perkotaan;Non-Makanan;94402.0
SULAWESI SELATAN;2017;September;Perkotaan;Total;303834.0
SULAWESI SELATAN;2017;September;Perkotaan dan Perdesaan;Makanan;219551.0
SULAWESI SELATAN;2017;September;Perkotaan dan Perdesaan;Non-Makanan;74807.0
SULAWESI SELATAN;2017;September;Perkotaan dan Perdesaan;Total;294358.0
SULAWESI SELATAN;2018;Maret;Perdesaan;Makanan;236336.0
SULAWESI SELATAN;2018;Maret;Perdesaan;Non-Makanan;63581.0
SULAWESI SELATAN;2018;Maret;Perdesaan;Total;299917.0
SULAWESI SELATAN;2018;Maret;Perkotaan;Makanan;218173.0
SULAWESI SELATAN;2018;Maret;Perkotaan;Non-Makanan;96376.0
SULAWESI SELATAN;2018;Maret;Perkotaan;Total;314549.0
SULAWESI SELATAN;2018;Maret;Perkotaan dan Perdesaan;Makanan;229289.0
SULAWESI SELATAN;2018;Maret;Perkotaan dan Perdesaan;Non-Makanan;77256.0
SULAWESI SELATAN;2018;Maret;Perkotaan dan Perdesaan;Total;306545.0
SULAWESI SELATAN;2018;September;Perdesaan;Makanan;240452.0
SULAWESI SELATAN;2018;September;Perdesaan;Non-Makanan;65796.0
SULAWESI SELATAN;2018;September;Perdesaan;Total;306250.0
SULAWESI SELATAN;2018;September;Perkotaan;Makanan;230867.0
SULAWESI SELATAN;2018;September;Perkotaan;Non-Makanan;96857.0
SULAWESI SELATAN;2018;September;Perkotaan;Total;327725.0
SULAWESI SELATAN;2018;September;Perkotaan dan Perdesaan;Makanan;236638.0
SULAWESI SELATAN;2018;September;Perkotaan dan Perdesaan;Non-Makanan;79099.0
SULAWESI SELATAN;2018;September;Perkotaan dan Perdesaan;Total;315737.0
SULAWESI SELATAN;2019;Maret;Perdesaan;Makanan;254134.0
SULAWESI SELATAN;2019;Maret;Perdesaan;Non-Makanan;68088.0
SULAWESI SELATAN;2019;Maret;Perdesaan;Total;322223.0
SULAWESI SELATAN;2019;Maret;Perkotaan;Makanan;238425.0
SULAWESI SELATAN;2019;Maret;Perkotaan;Non-Makanan;100572.0
SULAWESI SELATAN;2019;Maret;Perkotaan;Total;338997.0
SULAWESI SELATAN;2019;Maret;Perkotaan dan Perdesaan;Makanan;247704.0
SULAWESI SELATAN;2019;Maret;Perkotaan dan Perdesaan;Non-Makanan;82176.0
SULAWESI SELATAN;2019;Maret;Perkotaan dan Perdesaan;Total;329880.0
SULAWESI SELATAN;2019;September;Perdesaan;Makanan;260579.0
SULAWESI SELATAN;2019;September;Perdesaan;Non-Makanan;70484.0
SULAWESI SELATAN;2019;September;Perdesaan;Total;331063.0
SULAWESI SELATAN;2019;September;Perkotaan;Makanan;251107.0
SULAWESI SELATAN;2019;September;Perkotaan;Non-Makanan;103663.0
SULAWESI SELATAN;2019;September;Perkotaan;Total;354770.0
SULAWESI SELATAN;2019;September;Perkotaan dan Perdesaan;Makanan;256826.0
SULAWESI SELATAN;2019;September;Perkotaan dan Perdesaan;Non-Makanan;84729.0
SULAWESI SELATAN;2019;September;Perkotaan dan Perdesaan;Total;341555.0
SULAWESI SELATAN;2020;Maret;Perdesaan;Makanan;268024.0
SULAWESI SELATAN;2020;Maret;Perdesaan;Non-Makanan;71719.0
SULAWESI SELATAN;2020;Maret;Perdesaan;Total;339743.0
SULAWESI SELATAN;2020;Maret;Perkotaan;Makanan;257455.0
SULAWESI SELATAN;2020;Maret;Perkotaan;Non-Makanan;105906.0
SULAWESI SELATAN;2020;Maret;Perkotaan;Total;363361.0
SULAWESI SELATAN;2020;Maret;Perkotaan dan Perdesaan;Makanan;263690.0
SULAWESI SELATAN;2020;Maret;Perkotaan dan Perdesaan;Non-Makanan;86574.0
SULAWESI SELATAN;2020;Maret;Perkotaan dan Perdesaan;Total;350264.0
SULAWESI SELATAN;2020;September;Perdesaan;Makanan;275659.0
SULAWESI SELATAN;2020;September;Perdesaan;Non-Makanan;75132.0
SULAWESI SELATAN;2020;September;Perdesaan;Total;350791.0
SULAWESI SELATAN;2020;September;Perkotaan;Makanan;265149.0
SULAWESI SELATAN;2020;September;Perkotaan;Non-Makanan;110314.0
SULAWESI SELATAN;2020;September;Perkotaan;Total;375463.0
SULAWESI SELATAN;2020;September;Perkotaan dan Perdesaan;Makanan;271199.0
SULAWESI SELATAN;2020;September;Perkotaan dan Perdesaan;Non-Makanan;90832.0
SULAWESI SELATAN;2020;September;Perkotaan dan Perdesaan;Total;362031.0
SULAWESI SELATAN;2021;Maret;Perdesaan;Makanan;281013.0
SULAWESI SELATAN;2021;Maret;Perdesaan;Non-Makanan;77317.0
SULAWESI SELATAN;2021;Maret;Perdesaan;Total;358330.0
SULAWESI SELATAN;2021;Maret;Perkotaan;Makanan;276910.0
SULAWESI SELATAN;2021;Maret;Perkotaan;Non-Makanan;112894.0
SULAWESI SELATAN;2021;Maret;Perkotaan;Total;389804.0
SULAWESI SELATAN;2021;Maret;Perkotaan dan Perdesaan;Makanan;279240.0
SULAWESI SELATAN;2021;Maret;Perkotaan dan Perdesaan;Non-Makanan;93251.0
SULAWESI SELATAN;2021;Maret;Perkotaan dan Perdesaan;Total;372491.0
SULAWESI SELATAN;2021;September;Perdesaan;Makanan;288566.0
SULAWESI SELATAN;2021;September;Perdesaan;Non-Makanan;79900.0
SULAWESI SELATAN;2021;September;Perdesaan;Total;368465.0
SULAWESI SELATAN;2021;September;Perkotaan;Makanan;286095.0
SULAWESI SELATAN;2021;September;Perkotaan;Non-Makanan;117656.0
SULAWESI SELATAN;2021;September;Perkotaan;Total;403751.0
SULAWESI SELATAN;2021;September;Perkotaan dan Perdesaan;Makanan;287467.0
SULAWESI SELATAN;2021;September;Perkotaan dan Perdesaan;Non-Makanan;96988.0
SULAWESI SELATAN;2021;September;Perkotaan dan Perdesaan;Total;384455.0
SULAWESI SELATAN;2022;Maret;Perdesaan;Makanan;300359.0
SULAWESI SELATAN;2022;Maret;Perdesaan;Non-Makanan;83054.0
SULAWESI SELATAN;2022;Maret;Perdesaan;Total;383414.0
SULAWESI SELATAN;2022;Maret;Perkotaan;Makanan;298268.0
SULAWESI SELATAN;2022;Maret;Perkotaan;Non-Makanan;120903.0
SULAWESI SELATAN;2022;Maret;Perkotaan;Total;419172.0
SULAWESI SELATAN;2022;Maret;Perkotaan dan Perdesaan;Makanan;299433.0
SULAWESI SELATAN;2022;Maret;Perkotaan dan Perdesaan;Non-Makanan;100322.0
SULAWESI SELATAN;2022;Maret;Perkotaan dan Perdesaan;Total;399755.0
SULAWESI SELATAN;2022;September;Perdesaan;Makanan;316911.0
SULAWESI SELATAN;2022;September;Perdesaan;Non-Makanan;88302.0
SULAWESI SELATAN;2022;September;Perdesaan;Total;405213.0
SULAWESI SELATAN;2022;September;Perkotaan;Makanan;316179.0
SULAWESI SELATAN;2022;September;Perkotaan;Non-Makanan;127538.0
SULAWESI SELATAN;2022;September;Perkotaan;Total;443717.0
SULAWESI SELATAN;2022;September;Perkotaan dan Perdesaan;Makanan;316597.0
SULAWESI SELATAN;2022;September;Perkotaan dan Perdesaan;Non-Makanan;106355.0
SULAWESI SELATAN;2022;September;Perkotaan dan Perdesaan;Total;422952.0
SULAWESI TENGAH;2013;Maret;Perdesaan;Total;265582.0
SULAWESI TENGAH;2013;Maret;Perkotaan;Total;298646.0
SULAWESI TENGAH;2013;September;Perdesaan;Total;293567.0
SULAWESI TENGAH;2013;September;Perkotaan;Total;324072.0
SULAWESI TENGAH;2014;Maret;Perdesaan;Total;303975.0
SULAWESI TENGAH;2014;Maret;Perkotaan;Total;336900.0
SULAWESI TENGAH;2014;September;Perdesaan;Total;321009.0
SULAWESI TENGAH;2014;September;Perkotaan;Total;349978.0
SULAWESI TENGAH;2015;Maret;Perdesaan;Makanan;261524.0
SULAWESI TENGAH;2015;Maret;Perdesaan;Non-Makanan;70332.0
SULAWESI TENGAH;2015;Maret;Perdesaan;Total;331855.0
SULAWESI TENGAH;2015;Maret;Perkotaan;Makanan;249419.0
SULAWESI TENGAH;2015;Maret;Perkotaan;Non-Makanan;108979.0
SULAWESI TENGAH;2015;Maret;Perkotaan;Total;358399.0
SULAWESI TENGAH;2015;Maret;Perkotaan dan Perdesaan;Makanan;258520.0
SULAWESI TENGAH;2015;Maret;Perkotaan dan Perdesaan;Non-Makanan;79923.0
SULAWESI TENGAH;2015;Maret;Perkotaan dan Perdesaan;Total;338443.0
SULAWESI TENGAH;2015;September;Perdesaan;Makanan;277186.0
SULAWESI TENGAH;2015;September;Perdesaan;Non-Makanan;75894.0
SULAWESI TENGAH;2015;September;Perdesaan;Total;353080.0
SULAWESI TENGAH;2015;September;Perkotaan;Makanan;264458.0
SULAWESI TENGAH;2015;September;Perkotaan;Non-Makanan;112038.0
SULAWESI TENGAH;2015;September;Perkotaan;Total;376496.0
SULAWESI TENGAH;2015;September;Perkotaan dan Perdesaan;Makanan;274027.0
SULAWESI TENGAH;2015;September;Perkotaan dan Perdesaan;Non-Makanan;84865.0
SULAWESI TENGAH;2015;September;Perkotaan dan Perdesaan;Total;358892.0
SULAWESI TENGAH;2016;Maret;Perdesaan;Makanan;291258.0
SULAWESI TENGAH;2016;Maret;Perdesaan;Non-Makanan;79134.0
SULAWESI TENGAH;2016;Maret;Perdesaan;Total;370392.0
SULAWESI TENGAH;2016;Maret;Perkotaan;Makanan;275962.0
SULAWESI TENGAH;2016;Maret;Perkotaan;Non-Makanan;115108.0
SULAWESI TENGAH;2016;Maret;Perkotaan;Total;391070.0
SULAWESI TENGAH;2016;Maret;Perkotaan dan Perdesaan;Makanan;289910.0
SULAWESI TENGAH;2016;Maret;Perkotaan dan Perdesaan;Non-Makanan;85749.0
SULAWESI TENGAH;2016;Maret;Perkotaan dan Perdesaan;Total;375659.0
SULAWESI TENGAH;2016;September;Perdesaan;Makanan;294686.0
SULAWESI TENGAH;2016;September;Perdesaan;Non-Makanan;81972.0
SULAWESI TENGAH;2016;September;Perdesaan;Total;376658.0
SULAWESI TENGAH;2016;September;Perkotaan;Makanan;281450.0
SULAWESI TENGAH;2016;September;Perkotaan;Non-Makanan;117962.0
SULAWESI TENGAH;2016;September;Perkotaan;Total;399413.0
SULAWESI TENGAH;2016;September;Perkotaan dan Perdesaan;Makanan;291528.0
SULAWESI TENGAH;2016;September;Perkotaan dan Perdesaan;Non-Makanan;91246.0
SULAWESI TENGAH;2016;September;Perkotaan dan Perdesaan;Total;382774.0
SULAWESI TENGAH;2017;Maret;Perdesaan;Makanan;297929.0
SULAWESI TENGAH;2017;Maret;Perdesaan;Non-Makanan;85168.0
SULAWESI TENGAH;2017;Maret;Perdesaan;Total;383097.0
SULAWESI TENGAH;2017;Maret;Perkotaan;Makanan;295576.0
SULAWESI TENGAH;2017;Maret;Perkotaan;Non-Makanan;120877.0
SULAWESI TENGAH;2017;Maret;Perkotaan;Total;416453.0
SULAWESI TENGAH;2017;Maret;Perkotaan dan Perdesaan;Makanan;297375.0
SULAWESI TENGAH;2017;Maret;Perkotaan dan Perdesaan;Non-Makanan;94388.0
SULAWESI TENGAH;2017;Maret;Perkotaan dan Perdesaan;Total;391763.0
SULAWESI TENGAH;2017;September;Perdesaan;Makanan;312051.0
SULAWESI TENGAH;2017;September;Perdesaan;Non-Makanan;88588.0
SULAWESI TENGAH;2017;September;Perdesaan;Total;400639.0
SULAWESI TENGAH;2017;September;Perkotaan;Makanan;308042.0
SULAWESI TENGAH;2017;September;Perkotaan;Non-Makanan;122686.0
SULAWESI TENGAH;2017;September;Perkotaan;Total;430728.0
SULAWESI TENGAH;2017;September;Perkotaan dan Perdesaan;Makanan;311145.0
SULAWESI TENGAH;2017;September;Perkotaan dan Perdesaan;Non-Makanan;97377.0
SULAWESI TENGAH;2017;September;Perkotaan dan Perdesaan;Total;408522.0
SULAWESI TENGAH;2018;Maret;Perdesaan;Makanan;314521.0
SULAWESI TENGAH;2018;Maret;Perdesaan;Non-Makanan;91186.0
SULAWESI TENGAH;2018;Maret;Perdesaan;Total;405707.0
SULAWESI TENGAH;2018;Maret;Perkotaan;Makanan;309458.0
SULAWESI TENGAH;2018;Maret;Perkotaan;Non-Makanan;124955.0
SULAWESI TENGAH;2018;Maret;Perkotaan;Total;434414.0
SULAWESI TENGAH;2018;Maret;Perkotaan dan Perdesaan;Makanan;313190.0
SULAWESI TENGAH;2018;Maret;Perkotaan dan Perdesaan;Non-Makanan;100595.0
SULAWESI TENGAH;2018;Maret;Perkotaan dan Perdesaan;Total;413785.0
SULAWESI TENGAH;2018;September;Perdesaan;Makanan;326791.0
SULAWESI TENGAH;2018;September;Perdesaan;Non-Makanan;91243.0
SULAWESI TENGAH;2018;September;Perdesaan;Total;418035.0
SULAWESI TENGAH;2018;September;Perkotaan;Makanan;311845.0
SULAWESI TENGAH;2018;September;Perkotaan;Non-Makanan;125852.0
SULAWESI TENGAH;2018;September;Perkotaan;Total;437697.0
SULAWESI TENGAH;2018;September;Perkotaan dan Perdesaan;Makanan;322860.0
SULAWESI TENGAH;2018;September;Perkotaan dan Perdesaan;Non-Makanan;101178.0
SULAWESI TENGAH;2018;September;Perkotaan dan Perdesaan;Total;424039.0
SULAWESI TENGAH;2019;Maret;Perdesaan;Makanan;340726.0
SULAWESI TENGAH;2019;Maret;Perdesaan;Non-Makanan;93145.0
SULAWESI TENGAH;2019;Maret;Perdesaan;Total;433870.0
SULAWESI TENGAH;2019;Maret;Perkotaan;Makanan;326695.0
SULAWESI TENGAH;2019;Maret;Perkotaan;Non-Makanan;130498.0
SULAWESI TENGAH;2019;Maret;Perkotaan;Total;457193.0
SULAWESI TENGAH;2019;Maret;Perkotaan dan Perdesaan;Makanan;336739.0
SULAWESI TENGAH;2019;Maret;Perkotaan dan Perdesaan;Non-Makanan;104297.0
SULAWESI TENGAH;2019;Maret;Perkotaan dan Perdesaan;Total;441036.0
SULAWESI TENGAH;2019;September;Perdesaan;Makanan;360828.0
SULAWESI TENGAH;2019;September;Perdesaan;Non-Makanan;99359.0
SULAWESI TENGAH;2019;September;Perdesaan;Total;460187.0
SULAWESI TENGAH;2019;September;Perkotaan;Makanan;349776.0
SULAWESI TENGAH;2019;September;Perkotaan;Non-Makanan;131660.0
SULAWESI TENGAH;2019;September;Perkotaan;Total;481436.0
SULAWESI TENGAH;2019;September;Perkotaan dan Perdesaan;Makanan;357664.0
SULAWESI TENGAH;2019;September;Perkotaan dan Perdesaan;Non-Makanan;108863.0
SULAWESI TENGAH;2019;September;Perkotaan dan Perdesaan;Total;466527.0
SULAWESI TENGAH;2020;Maret;Perdesaan;Makanan;366541.0
SULAWESI TENGAH;2020;Maret;Perdesaan;Non-Makanan;101230.0
SULAWESI TENGAH;2020;Maret;Perdesaan;Total;467770.0
SULAWESI TENGAH;2020;Maret;Perkotaan;Makanan;354798.0
SULAWESI TENGAH;2020;Maret;Perkotaan;Non-Makanan;135083.0
SULAWESI TENGAH;2020;Maret;Perkotaan;Total;489881.0
SULAWESI TENGAH;2020;Maret;Perkotaan dan Perdesaan;Makanan;363287.0
SULAWESI TENGAH;2020;Maret;Perkotaan dan Perdesaan;Non-Makanan;111340.0
SULAWESI TENGAH;2020;Maret;Perkotaan dan Perdesaan;Total;474627.0
SULAWESI TENGAH;2020;September;Perdesaan;Makanan;375369.0
SULAWESI TENGAH;2020;September;Perdesaan;Non-Makanan;103319.0
SULAWESI TENGAH;2020;September;Perdesaan;Total;478687.0
SULAWESI TENGAH;2020;September;Perkotaan;Makanan;356510.0
SULAWESI TENGAH;2020;September;Perkotaan;Non-Makanan;136249.0
SULAWESI TENGAH;2020;September;Perkotaan;Total;492758.0
SULAWESI TENGAH;2020;September;Perkotaan dan Perdesaan;Makanan;370310.0
SULAWESI TENGAH;2020;September;Perkotaan dan Perdesaan;Non-Makanan;113352.0
SULAWESI TENGAH;2020;September;Perkotaan dan Perdesaan;Total;483662.0
SULAWESI TENGAH;2021;Maret;Perdesaan;Makanan;386603.0
SULAWESI TENGAH;2021;Maret;Perdesaan;Non-Makanan;105631.0
SULAWESI TENGAH;2021;Maret;Perdesaan;Total;492234.0
SULAWESI TENGAH;2021;Maret;Perkotaan;Makanan;367691.0
SULAWESI TENGAH;2021;Maret;Perkotaan;Non-Makanan;138692.0
SULAWESI TENGAH;2021;Maret;Perkotaan;Total;506383.0
SULAWESI TENGAH;2021;Maret;Perkotaan dan Perdesaan;Makanan;380991.0
SULAWESI TENGAH;2021;Maret;Perkotaan dan Perdesaan;Non-Makanan;115881.0
SULAWESI TENGAH;2021;Maret;Perkotaan dan Perdesaan;Total;496872.0
SULAWESI TENGAH;2021;September;Perdesaan;Makanan;391001.0
SULAWESI TENGAH;2021;September;Perdesaan;Non-Makanan;109351.0
SULAWESI TENGAH;2021;September;Perdesaan;Total;500351.0
SULAWESI TENGAH;2021;September;Perkotaan;Makanan;373960.0
SULAWESI TENGAH;2021;September;Perkotaan;Non-Makanan;142414.0
SULAWESI TENGAH;2021;September;Perkotaan;Total;516374.0
SULAWESI TENGAH;2021;September;Perkotaan dan Perdesaan;Makanan;385989.0
SULAWESI TENGAH;2021;September;Perkotaan dan Perdesaan;Non-Makanan;119619.0
SULAWESI TENGAH;2021;September;Perkotaan dan Perdesaan;Total;505608.0
SULAWESI TENGAH;2022;Maret;Perdesaan;Makanan;410179.0
SULAWESI TENGAH;2022;Maret;Perdesaan;Non-Makanan;115486.0
SULAWESI TENGAH;2022;Maret;Perdesaan;Total;525665.0
SULAWESI TENGAH;2022;Maret;Perkotaan;Makanan;388768.0
SULAWESI TENGAH;2022;Maret;Perkotaan;Non-Makanan;149250.0
SULAWESI TENGAH;2022;Maret;Perkotaan;Total;538018.0
SULAWESI TENGAH;2022;Maret;Perkotaan dan Perdesaan;Makanan;404034.0
SULAWESI TENGAH;2022;Maret;Perkotaan dan Perdesaan;Non-Makanan;126217.0
SULAWESI TENGAH;2022;Maret;Perkotaan dan Perdesaan;Total;530251.0
SULAWESI TENGAH;2022;September;Perdesaan;Makanan;427956.0
SULAWESI TENGAH;2022;September;Perdesaan;Non-Makanan;124605.0
SULAWESI TENGAH;2022;September;Perdesaan;Total;552561.0
SULAWESI TENGAH;2022;September;Perkotaan;Makanan;412305.0
SULAWESI TENGAH;2022;September;Perkotaan;Non-Makanan;153690.0
SULAWESI TENGAH;2022;September;Perkotaan;Total;565994.0
SULAWESI TENGAH;2022;September;Perkotaan dan Perdesaan;Makanan;423390.0
SULAWESI TENGAH;2022;September;Perkotaan dan Perdesaan;Non-Makanan;133793.0
SULAWESI TENGAH;2022;September;Perkotaan dan Perdesaan;Total;557183.0
SULAWESI TENGGARA;2013;Maret;Perdesaan;Total;200058.0
SULAWESI TENGGARA;2013;Maret;Perkotaan;Total;215910.0
SULAWESI TENGGARA;2013;September;Perdesaan;Total;221905.0
SULAWESI TENGGARA;2013;September;Perkotaan;Total;240089.0
SULAWESI TENGGARA;2014;Maret;Perdesaan;Total;226220.0
SULAWESI TENGGARA;2014;Maret;Perkotaan;Total;241921.0
SULAWESI TENGGARA;2014;September;Perdesaan;Total;238745.0
SULAWESI TENGGARA;2014;September;Perkotaan;Total;254015.0
SULAWESI TENGGARA;2015;Maret;Perdesaan;Makanan;196016.0
SULAWESI TENGGARA;2015;Maret;Perdesaan;Non-Makanan;56620.0
SULAWESI TENGGARA;2015;Maret;Perdesaan;Total;252636.0
SULAWESI TENGGARA;2015;Maret;Perkotaan;Makanan;190438.0
SULAWESI TENGGARA;2015;Maret;Perkotaan;Non-Makanan;79264.0
SULAWESI TENGGARA;2015;Maret;Perkotaan;Total;269703.0
SULAWESI TENGGARA;2015;Maret;Perkotaan dan Perdesaan;Makanan;194409.0
SULAWESI TENGGARA;2015;Maret;Perkotaan dan Perdesaan;Non-Makanan;63144.0
SULAWESI TENGGARA;2015;Maret;Perkotaan dan Perdesaan;Total;257553.0
SULAWESI TENGGARA;2015;September;Perdesaan;Makanan;204787.0
SULAWESI TENGGARA;2015;September;Perdesaan;Non-Makanan;59583.0
SULAWESI TENGGARA;2015;September;Perdesaan;Total;264371.0
SULAWESI TENGGARA;2015;September;Perkotaan;Makanan;200424.0
SULAWESI TENGGARA;2015;September;Perkotaan;Non-Makanan;81806.0
SULAWESI TENGGARA;2015;September;Perkotaan;Total;282230.0
SULAWESI TENGGARA;2015;September;Perkotaan dan Perdesaan;Makanan;203530.0
SULAWESI TENGGARA;2015;September;Perkotaan dan Perdesaan;Non-Makanan;65986.0
SULAWESI TENGGARA;2015;September;Perkotaan dan Perdesaan;Total;269516.0
SULAWESI TENGGARA;2016;Maret;Perdesaan;Makanan;212249.0
SULAWESI TENGGARA;2016;Maret;Perdesaan;Non-Makanan;59712.0
SULAWESI TENGGARA;2016;Maret;Perdesaan;Total;271961.0
SULAWESI TENGGARA;2016;Maret;Perkotaan;Makanan;205281.0
SULAWESI TENGGARA;2016;Maret;Perkotaan;Non-Makanan;84546.0
SULAWESI TENGGARA;2016;Maret;Perkotaan;Total;289827.0
SULAWESI TENGGARA;2016;Maret;Perkotaan dan Perdesaan;Makanan;210619.0
SULAWESI TENGGARA;2016;Maret;Perkotaan dan Perdesaan;Non-Makanan;66669.0
SULAWESI TENGGARA;2016;Maret;Perkotaan dan Perdesaan;Total;277288.0
SULAWESI TENGGARA;2016;September;Perdesaan;Makanan;215718.0
SULAWESI TENGGARA;2016;September;Perdesaan;Non-Makanan;61261.0
SULAWESI TENGGARA;2016;September;Perdesaan;Total;276978.0
SULAWESI TENGGARA;2016;September;Perkotaan;Makanan;209281.0
SULAWESI TENGGARA;2016;September;Perkotaan;Non-Makanan;85004.0
SULAWESI TENGGARA;2016;September;Perkotaan;Total;294286.0
SULAWESI TENGGARA;2016;September;Perkotaan dan Perdesaan;Makanan;213918.0
SULAWESI TENGGARA;2016;September;Perkotaan dan Perdesaan;Non-Makanan;68243.0
SULAWESI TENGGARA;2016;September;Perkotaan dan Perdesaan;Total;282161.0
SULAWESI TENGGARA;2017;Maret;Perdesaan;Makanan;217357.0
SULAWESI TENGGARA;2017;Maret;Perdesaan;Non-Makanan;62382.0
SULAWESI TENGGARA;2017;Maret;Perdesaan;Total;279739.0
SULAWESI TENGGARA;2017;Maret;Perkotaan;Makanan;211529.0
SULAWESI TENGGARA;2017;Maret;Perkotaan;Non-Makanan;86299.0
SULAWESI TENGGARA;2017;Maret;Perkotaan;Total;297829.0
SULAWESI TENGGARA;2017;Maret;Perkotaan dan Perdesaan;Makanan;215619.0
SULAWESI TENGGARA;2017;Maret;Perkotaan dan Perdesaan;Non-Makanan;69990.0
SULAWESI TENGGARA;2017;Maret;Perkotaan dan Perdesaan;Total;285609.0
SULAWESI TENGGARA;2017;September;Perdesaan;Makanan;227757.0
SULAWESI TENGGARA;2017;September;Perdesaan;Non-Makanan;67739.0
SULAWESI TENGGARA;2017;September;Perdesaan;Total;295496.0
SULAWESI TENGGARA;2017;September;Perkotaan;Makanan;218461.0
SULAWESI TENGGARA;2017;September;Perkotaan;Non-Makanan;90163.0
SULAWESI TENGGARA;2017;September;Perkotaan;Total;308624.0
SULAWESI TENGGARA;2017;September;Perkotaan dan Perdesaan;Makanan;224360.0
SULAWESI TENGGARA;2017;September;Perkotaan dan Perdesaan;Non-Makanan;75898.0
SULAWESI TENGGARA;2017;September;Perkotaan dan Perdesaan;Total;300258.0
SULAWESI TENGGARA;2018;Maret;Perdesaan;Makanan;230677.0
SULAWESI TENGGARA;2018;Maret;Perdesaan;Non-Makanan;68026.0
SULAWESI TENGGARA;2018;Maret;Perdesaan;Total;298702.0
SULAWESI TENGGARA;2018;Maret;Perkotaan;Makanan;220497.0
SULAWESI TENGGARA;2018;Maret;Perkotaan;Non-Makanan;90744.0
SULAWESI TENGGARA;2018;Maret;Perkotaan;Total;311241.0
SULAWESI TENGGARA;2018;Maret;Perkotaan dan Perdesaan;Makanan;226889.0
SULAWESI TENGGARA;2018;Maret;Perkotaan dan Perdesaan;Non-Makanan;76729.0
SULAWESI TENGGARA;2018;Maret;Perkotaan dan Perdesaan;Total;303618.0
SULAWESI TENGGARA;2018;September;Perdesaan;Makanan;240343.0
SULAWESI TENGGARA;2018;September;Perdesaan;Non-Makanan;71248.0
SULAWESI TENGGARA;2018;September;Perdesaan;Total;311592.0
SULAWESI TENGGARA;2018;September;Perkotaan;Makanan;232433.0
SULAWESI TENGGARA;2018;September;Perkotaan;Non-Makanan;91842.0
SULAWESI TENGGARA;2018;September;Perkotaan;Total;324276.0
SULAWESI TENGGARA;2018;September;Perkotaan dan Perdesaan;Makanan;237715.0
SULAWESI TENGGARA;2018;September;Perkotaan dan Perdesaan;Non-Makanan;79013.0
SULAWESI TENGGARA;2018;September;Perkotaan dan Perdesaan;Total;316729.0
SULAWESI TENGGARA;2019;Maret;Perdesaan;Makanan;247687.0
SULAWESI TENGGARA;2019;Maret;Perdesaan;Non-Makanan;73510.0
SULAWESI TENGGARA;2019;Maret;Perdesaan;Total;321197.0
SULAWESI TENGGARA;2019;Maret;Perkotaan;Makanan;242594.0
SULAWESI TENGGARA;2019;Maret;Perkotaan;Non-Makanan;94284.0
SULAWESI TENGGARA;2019;Maret;Perkotaan;Total;336877.0
SULAWESI TENGGARA;2019;Maret;Perkotaan dan Perdesaan;Makanan;245761.0
SULAWESI TENGGARA;2019;Maret;Perkotaan dan Perdesaan;Non-Makanan;81641.0
SULAWESI TENGGARA;2019;Maret;Perkotaan dan Perdesaan;Total;327402.0
SULAWESI TENGGARA;2019;September;Perdesaan;Makanan;262555.0
SULAWESI TENGGARA;2019;September;Perdesaan;Non-Makanan;77510.0
SULAWESI TENGGARA;2019;September;Perdesaan;Total;340065.0
SULAWESI TENGGARA;2019;September;Perkotaan;Makanan;255355.0
SULAWESI TENGGARA;2019;September;Perkotaan;Non-Makanan;100880.0
SULAWESI TENGGARA;2019;September;Perkotaan;Total;356235.0
SULAWESI TENGGARA;2019;September;Perkotaan dan Perdesaan;Makanan;259888.0
SULAWESI TENGGARA;2019;September;Perkotaan dan Perdesaan;Non-Makanan;86578.0
SULAWESI TENGGARA;2019;September;Perkotaan dan Perdesaan;Total;346466.0
SULAWESI TENGGARA;2020;Maret;Perdesaan;Makanan;271154.0
SULAWESI TENGGARA;2020;Maret;Perdesaan;Non-Makanan;78865.0
SULAWESI TENGGARA;2020;Maret;Perdesaan;Total;350019.0
SULAWESI TENGGARA;2020;Maret;Perkotaan;Makanan;264082.0
SULAWESI TENGGARA;2020;Maret;Perkotaan;Non-Makanan;101982.0
SULAWESI TENGGARA;2020;Maret;Perkotaan;Total;366063.0
SULAWESI TENGGARA;2020;Maret;Perkotaan dan Perdesaan;Makanan;268511.0
SULAWESI TENGGARA;2020;Maret;Perkotaan dan Perdesaan;Non-Makanan;87933.0
SULAWESI TENGGARA;2020;Maret;Perkotaan dan Perdesaan;Total;356444.0
SULAWESI TENGGARA;2020;September;Perdesaan;Makanan;276410.0
SULAWESI TENGGARA;2020;September;Perdesaan;Non-Makanan;83714.0
SULAWESI TENGGARA;2020;September;Perdesaan;Total;360123.0
SULAWESI TENGGARA;2020;September;Perkotaan;Makanan;274804.0
SULAWESI TENGGARA;2020;September;Perkotaan;Non-Makanan;109035.0
SULAWESI TENGGARA;2020;September;Perkotaan;Total;383839.0
SULAWESI TENGGARA;2020;September;Perkotaan dan Perdesaan;Makanan;275884.0
SULAWESI TENGGARA;2020;September;Perkotaan dan Perdesaan;Non-Makanan;92645.0
SULAWESI TENGGARA;2020;September;Perkotaan dan Perdesaan;Total;368529.0
SULAWESI TENGGARA;2021;Maret;Perdesaan;Makanan;284561.0
SULAWESI TENGGARA;2021;Maret;Perdesaan;Non-Makanan;85263.0
SULAWESI TENGGARA;2021;Maret;Perdesaan;Total;369824.0
SULAWESI TENGGARA;2021;Maret;Perkotaan;Makanan;281207.0
SULAWESI TENGGARA;2021;Maret;Perkotaan;Non-Makanan;112976.0
SULAWESI TENGGARA;2021;Maret;Perkotaan;Total;394183.0
SULAWESI TENGGARA;2021;Maret;Perkotaan dan Perdesaan;Makanan;283400.0
SULAWESI TENGGARA;2021;Maret;Perkotaan dan Perdesaan;Non-Makanan;95189.0
SULAWESI TENGGARA;2021;Maret;Perkotaan dan Perdesaan;Total;378589.0
SULAWESI TENGGARA;2021;September;Perdesaan;Makanan;297786.0
SULAWESI TENGGARA;2021;September;Perdesaan;Non-Makanan;88060.0
SULAWESI TENGGARA;2021;September;Perdesaan;Total;385845.0
SULAWESI TENGGARA;2021;September;Perkotaan;Makanan;293509.0
SULAWESI TENGGARA;2021;September;Perkotaan;Non-Makanan;116823.0
SULAWESI TENGGARA;2021;September;Perkotaan;Total;410332.0
SULAWESI TENGGARA;2021;September;Perkotaan dan Perdesaan;Makanan;296298.0
SULAWESI TENGGARA;2021;September;Perkotaan dan Perdesaan;Non-Makanan;98446.0
SULAWESI TENGGARA;2021;September;Perkotaan dan Perdesaan;Total;394744.0
SULAWESI TENGGARA;2022;Maret;Perdesaan;Makanan;305321.0
SULAWESI TENGGARA;2022;Maret;Perdesaan;Non-Makanan;89413.0
SULAWESI TENGGARA;2022;Maret;Perdesaan;Total;394734.0
SULAWESI TENGGARA;2022;Maret;Perkotaan;Makanan;301800.0
SULAWESI TENGGARA;2022;Maret;Perkotaan;Non-Makanan;118643.0
SULAWESI TENGGARA;2022;Maret;Perkotaan;Total;420442.0
SULAWESI TENGGARA;2022;Maret;Perkotaan dan Perdesaan;Makanan;304126.0
SULAWESI TENGGARA;2022;Maret;Perkotaan dan Perdesaan;Non-Makanan;100011.0
SULAWESI TENGGARA;2022;Maret;Perkotaan dan Perdesaan;Total;404137.0
SULAWESI TENGGARA;2022;September;Perdesaan;Makanan;327126.0
SULAWESI TENGGARA;2022;September;Perdesaan;Non-Makanan;94558.0
SULAWESI TENGGARA;2022;September;Perdesaan;Total;421684.0
SULAWESI TENGGARA;2022;September;Perkotaan;Makanan;324704.0
SULAWESI TENGGARA;2022;September;Perkotaan;Non-Makanan;126476.0
SULAWESI TENGGARA;2022;September;Perkotaan;Total;451180.0
SULAWESI TENGGARA;2022;September;Perkotaan dan Perdesaan;Makanan;326264.0
SULAWESI TENGGARA;2022;September;Perkotaan dan Perdesaan;Non-Makanan;106200.0
SULAWESI TENGGARA;2022;September;Perkotaan dan Perdesaan;Total;432464.0
SULAWESI UTARA;2013;Maret;Perdesaan;Total;233415.0
SULAWESI UTARA;2013;Maret;Perkotaan;Total;242840.0
SULAWESI UTARA;2013;September;Perdesaan;Total;245872.0
SULAWESI UTARA;2013;September;Perkotaan;Total;255566.0
SULAWESI UTARA;2014;Maret;Perdesaan;Total;257845.0
SULAWESI UTARA;2014;Maret;Perkotaan;Total;265093.0
SULAWESI UTARA;2014;September;Perdesaan;Total;264321.0
SULAWESI UTARA;2014;September;Perkotaan;Total;269212.0
SULAWESI UTARA;2015;Maret;Perdesaan;Makanan;240942.0
SULAWESI UTARA;2015;Maret;Perdesaan;Non-Makanan;58235.0
SULAWESI UTARA;2015;Maret;Perdesaan;Total;299177.0
SULAWESI UTARA;2015;Maret;Perkotaan;Makanan;217995.0
SULAWESI UTARA;2015;Maret;Perkotaan;Non-Makanan;72825.0
SULAWESI UTARA;2015;Maret;Perkotaan;Total;290820.0
SULAWESI UTARA;2015;Maret;Perkotaan dan Perdesaan;Makanan;230475.0
SULAWESI UTARA;2015;Maret;Perkotaan dan Perdesaan;Non-Makanan;64890.0
SULAWESI UTARA;2015;Maret;Perkotaan dan Perdesaan;Total;295365.0
SULAWESI UTARA;2015;September;Perdesaan;Makanan;249892.0
SULAWESI UTARA;2015;September;Perdesaan;Non-Makanan;61176.0
SULAWESI UTARA;2015;September;Perdesaan;Total;311068.0
SULAWESI UTARA;2015;September;Perkotaan;Makanan;224280.0
SULAWESI UTARA;2015;September;Perkotaan;Non-Makanan;78098.0
SULAWESI UTARA;2015;September;Perkotaan;Total;302378.0
SULAWESI UTARA;2015;September;Perkotaan dan Perdesaan;Makanan;238209.0
SULAWESI UTARA;2015;September;Perkotaan dan Perdesaan;Non-Makanan;68895.0
SULAWESI UTARA;2015;September;Perkotaan dan Perdesaan;Total;307104.0
SULAWESI UTARA;2016;Maret;Perdesaan;Makanan;255577.0
SULAWESI UTARA;2016;Maret;Perdesaan;Non-Makanan;66408.0
SULAWESI UTARA;2016;Maret;Perdesaan;Total;321985.0
SULAWESI UTARA;2016;Maret;Perkotaan;Makanan;232497.0
SULAWESI UTARA;2016;Maret;Perkotaan;Non-Makanan;79831.0
SULAWESI UTARA;2016;Maret;Perkotaan;Total;312328.0
SULAWESI UTARA;2016;Maret;Perkotaan dan Perdesaan;Makanan;246007.0
SULAWESI UTARA;2016;Maret;Perkotaan dan Perdesaan;Non-Makanan;71471.0
SULAWESI UTARA;2016;Maret;Perkotaan dan Perdesaan;Total;317478.0
SULAWESI UTARA;2016;September;Perdesaan;Makanan;255908.0
SULAWESI UTARA;2016;September;Perdesaan;Non-Makanan;66457.0
SULAWESI UTARA;2016;September;Perdesaan;Total;322366.0
SULAWESI UTARA;2016;September;Perkotaan;Makanan;234016.0
SULAWESI UTARA;2016;September;Perkotaan;Non-Makanan;79988.0
SULAWESI UTARA;2016;September;Perkotaan;Total;314004.0
SULAWESI UTARA;2016;September;Perkotaan dan Perdesaan;Makanan;246173.0
SULAWESI UTARA;2016;September;Perkotaan dan Perdesaan;Non-Makanan;72811.0
SULAWESI UTARA;2016;September;Perkotaan dan Perdesaan;Total;318984.0
SULAWESI UTARA;2017;Maret;Perdesaan;Makanan;267177.0
SULAWESI UTARA;2017;Maret;Perdesaan;Non-Makanan;69659.0
SULAWESI UTARA;2017;Maret;Perdesaan;Total;336837.0
SULAWESI UTARA;2017;Maret;Perkotaan;Makanan;246203.0
SULAWESI UTARA;2017;Maret;Perkotaan;Non-Makanan;83126.0
SULAWESI UTARA;2017;Maret;Perkotaan;Total;329330.0
SULAWESI UTARA;2017;Maret;Perkotaan dan Perdesaan;Makanan;257489.0
SULAWESI UTARA;2017;Maret;Perkotaan dan Perdesaan;Non-Makanan;76021.0
SULAWESI UTARA;2017;Maret;Perkotaan dan Perdesaan;Total;333510.0
SULAWESI UTARA;2017;September;Perdesaan;Makanan;270008.0
SULAWESI UTARA;2017;September;Perdesaan;Non-Makanan;70138.0
SULAWESI UTARA;2017;September;Perdesaan;Total;340146.0
SULAWESI UTARA;2017;September;Perkotaan;Makanan;246744.0
SULAWESI UTARA;2017;September;Perkotaan;Non-Makanan;85186.0
SULAWESI UTARA;2017;September;Perkotaan;Total;331931.0
SULAWESI UTARA;2017;September;Perkotaan dan Perdesaan;Makanan;259010.0
SULAWESI UTARA;2017;September;Perkotaan dan Perdesaan;Non-Makanan;77393.0
SULAWESI UTARA;2017;September;Perkotaan dan Perdesaan;Total;336403.0
SULAWESI UTARA;2018;Maret;Perdesaan;Makanan;276149.0
SULAWESI UTARA;2018;Maret;Perdesaan;Non-Makanan;71873.0
SULAWESI UTARA;2018;Maret;Perdesaan;Total;348023.0
SULAWESI UTARA;2018;Maret;Perkotaan;Makanan;253610.0
SULAWESI UTARA;2018;Maret;Perkotaan;Non-Makanan;86738.0
SULAWESI UTARA;2018;Maret;Perkotaan;Total;340347.0
SULAWESI UTARA;2018;Maret;Perkotaan dan Perdesaan;Makanan;265096.0
SULAWESI UTARA;2018;Maret;Perkotaan dan Perdesaan;Non-Makanan;79322.0
SULAWESI UTARA;2018;Maret;Perkotaan dan Perdesaan;Total;344418.0
SULAWESI UTARA;2018;September;Perdesaan;Makanan;286801.0
SULAWESI UTARA;2018;September;Perdesaan;Non-Makanan;74105.0
SULAWESI UTARA;2018;September;Perdesaan;Total;360907.0
SULAWESI UTARA;2018;September;Perkotaan;Makanan;263853.0
SULAWESI UTARA;2018;September;Perkotaan;Non-Makanan;88912.0
SULAWESI UTARA;2018;September;Perkotaan;Total;352765.0
SULAWESI UTARA;2018;September;Perkotaan dan Perdesaan;Makanan;275123.0
SULAWESI UTARA;2018;September;Perkotaan dan Perdesaan;Non-Makanan;81782.0
SULAWESI UTARA;2018;September;Perkotaan dan Perdesaan;Total;356906.0
SULAWESI UTARA;2019;Maret;Perdesaan;Makanan;295007.0
SULAWESI UTARA;2019;Maret;Perdesaan;Non-Makanan;77187.0
SULAWESI UTARA;2019;Maret;Perdesaan;Total;372194.0
SULAWESI UTARA;2019;Maret;Perkotaan;Makanan;277347.0
SULAWESI UTARA;2019;Maret;Perkotaan;Non-Makanan;92261.0
SULAWESI UTARA;2019;Maret;Perkotaan;Total;369608.0
SULAWESI UTARA;2019;Maret;Perkotaan dan Perdesaan;Makanan;286215.0
SULAWESI UTARA;2019;Maret;Perkotaan dan Perdesaan;Non-Makanan;85067.0
SULAWESI UTARA;2019;Maret;Perkotaan dan Perdesaan;Total;371282.0
SULAWESI UTARA;2019;September;Perdesaan;Makanan;297736.0
SULAWESI UTARA;2019;September;Perdesaan;Non-Makanan;84147.0
SULAWESI UTARA;2019;September;Perdesaan;Total;381883.0
SULAWESI UTARA;2019;September;Perkotaan;Makanan;283576.0
SULAWESI UTARA;2019;September;Perkotaan;Non-Makanan;94021.0
SULAWESI UTARA;2019;September;Perkotaan;Total;377597.0
SULAWESI UTARA;2019;September;Perkotaan dan Perdesaan;Makanan;290623.0
SULAWESI UTARA;2019;September;Perkotaan dan Perdesaan;Non-Makanan;89301.0
SULAWESI UTARA;2019;September;Perkotaan dan Perdesaan;Total;379924.0
SULAWESI UTARA;2020;Maret;Perdesaan;Makanan;301162.0
SULAWESI UTARA;2020;Maret;Perdesaan;Non-Makanan;84796.0
SULAWESI UTARA;2020;Maret;Perdesaan;Total;385957.0
SULAWESI UTARA;2020;Maret;Perkotaan;Makanan;300906.0
SULAWESI UTARA;2020;Maret;Perkotaan;Non-Makanan;95077.0
SULAWESI UTARA;2020;Maret;Perkotaan;Total;395983.0
SULAWESI UTARA;2020;Maret;Perkotaan dan Perdesaan;Makanan;301032.0
SULAWESI UTARA;2020;Maret;Perkotaan dan Perdesaan;Non-Makanan;90165.0
SULAWESI UTARA;2020;Maret;Perkotaan dan Perdesaan;Total;391197.0
SULAWESI UTARA;2020;September;Perdesaan;Makanan;307159.0
SULAWESI UTARA;2020;September;Perdesaan;Non-Makanan;85659.0
SULAWESI UTARA;2020;September;Perdesaan;Total;392818.0
SULAWESI UTARA;2020;September;Perkotaan;Makanan;306074.0
SULAWESI UTARA;2020;September;Perkotaan;Non-Makanan;96428.0
SULAWESI UTARA;2020;September;Perkotaan;Total;402502.0
SULAWESI UTARA;2020;September;Perkotaan dan Perdesaan;Makanan;306583.0
SULAWESI UTARA;2020;September;Perkotaan dan Perdesaan;Non-Makanan;91444.0
SULAWESI UTARA;2020;September;Perkotaan dan Perdesaan;Total;398027.0
SULAWESI UTARA;2021;Maret;Perdesaan;Makanan;316222.0
SULAWESI UTARA;2021;Maret;Perdesaan;Non-Makanan;88413.0
SULAWESI UTARA;2021;Maret;Perdesaan;Total;404635.0
SULAWESI UTARA;2021;Maret;Perkotaan;Makanan;319561.0
SULAWESI UTARA;2021;Maret;Perkotaan;Non-Makanan;96597.0
SULAWESI UTARA;2021;Maret;Perkotaan;Total;416158.0
SULAWESI UTARA;2021;Maret;Perkotaan dan Perdesaan;Makanan;317970.0
SULAWESI UTARA;2021;Maret;Perkotaan dan Perdesaan;Non-Makanan;92835.0
SULAWESI UTARA;2021;Maret;Perkotaan dan Perdesaan;Total;410805.0
SULAWESI UTARA;2021;September;Perdesaan;Makanan;320933.0
SULAWESI UTARA;2021;September;Perdesaan;Non-Makanan;90517.0
SULAWESI UTARA;2021;September;Perdesaan;Total;411450.0
SULAWESI UTARA;2021;September;Perkotaan;Makanan;326632.0
SULAWESI UTARA;2021;September;Perkotaan;Non-Makanan;96796.0
SULAWESI UTARA;2021;September;Perkotaan;Total;423427.0
SULAWESI UTARA;2021;September;Perkotaan dan Perdesaan;Makanan;323997.0
SULAWESI UTARA;2021;September;Perkotaan dan Perdesaan;Non-Makanan;93933.0
SULAWESI UTARA;2021;September;Perkotaan dan Perdesaan;Total;417930.0
SULAWESI UTARA;2022;Maret;Perdesaan;Makanan;327019.0
SULAWESI UTARA;2022;Maret;Perdesaan;Non-Makanan;92570.0
SULAWESI UTARA;2022;Maret;Perdesaan;Total;419589.0
SULAWESI UTARA;2022;Maret;Perkotaan;Makanan;336174.0
SULAWESI UTARA;2022;Maret;Perkotaan;Non-Makanan;97296.0
SULAWESI UTARA;2022;Maret;Perkotaan;Total;433470.0
SULAWESI UTARA;2022;Maret;Perkotaan dan Perdesaan;Makanan;331904.0
SULAWESI UTARA;2022;Maret;Perkotaan dan Perdesaan;Non-Makanan;95112.0
SULAWESI UTARA;2022;Maret;Perkotaan dan Perdesaan;Total;427016.0
SULAWESI UTARA;2022;September;Perdesaan;Makanan;348939.0
SULAWESI UTARA;2022;September;Perdesaan;Non-Makanan;97931.0
SULAWESI UTARA;2022;September;Perdesaan;Total;446871.0
SULAWESI UTARA;2022;September;Perkotaan;Makanan;357703.0
SULAWESI UTARA;2022;September;Perkotaan;Non-Makanan;103035.0
SULAWESI UTARA;2022;September;Perkotaan;Total;460738.0
SULAWESI UTARA;2022;September;Perkotaan dan Perdesaan;Makanan;353727.0
SULAWESI UTARA;2022;September;Perkotaan dan Perdesaan;Non-Makanan;100742.0
SULAWESI UTARA;2022;September;Perkotaan dan Perdesaan;Total;454469.0
SUMATERA BARAT;2013;Maret;Perdesaan;Total;288215.0
SUMATERA BARAT;2013;Maret;Perkotaan;Total;332837.0
SUMATERA BARAT;2013;September;Perdesaan;Total;321252.0
SUMATERA BARAT;2013;September;Perkotaan;Total;360768.0
SUMATERA BARAT;2014;Maret;Perdesaan;Total;333511.0
SUMATERA BARAT;2014;Maret;Perkotaan;Total;374968.0
SUMATERA BARAT;2014;September;Perdesaan;Total;349824.0
SUMATERA BARAT;2014;September;Perkotaan;Total;390862.0
SUMATERA BARAT;2015;Maret;Perdesaan;Makanan;293768.0
SUMATERA BARAT;2015;Maret;Perdesaan;Non-Makanan;75985.0
SUMATERA BARAT;2015;Maret;Perdesaan;Total;369753.0
SUMATERA BARAT;2015;Maret;Perkotaan;Makanan;288410.0
SUMATERA BARAT;2015;Maret;Perkotaan;Non-Makanan;117925.0
SUMATERA BARAT;2015;Maret;Perkotaan;Total;406335.0
SUMATERA BARAT;2015;Maret;Perkotaan dan Perdesaan;Makanan;291641.0
SUMATERA BARAT;2015;Maret;Perkotaan dan Perdesaan;Non-Makanan;92637.0
SUMATERA BARAT;2015;Maret;Perkotaan dan Perdesaan;Total;384278.0
SUMATERA BARAT;2015;September;Perdesaan;Makanan;313294.0
SUMATERA BARAT;2015;September;Perdesaan;Non-Makanan;77884.0
SUMATERA BARAT;2015;September;Perdesaan;Total;391178.0
SUMATERA BARAT;2015;September;Perkotaan;Makanan;301356.0
SUMATERA BARAT;2015;September;Perkotaan;Non-Makanan;121984.0
SUMATERA BARAT;2015;September;Perkotaan;Total;423339.0
SUMATERA BARAT;2015;September;Perkotaan dan Perdesaan;Makanan;308554.0
SUMATERA BARAT;2015;September;Perkotaan dan Perdesaan;Non-Makanan;95393.0
SUMATERA BARAT;2015;September;Perkotaan dan Perdesaan;Total;403947.0
SUMATERA BARAT;2016;Maret;Perdesaan;Makanan;332415.0
SUMATERA BARAT;2016;Maret;Perdesaan;Non-Makanan;81375.0
SUMATERA BARAT;2016;Maret;Perdesaan;Total;413790.0
SUMATERA BARAT;2016;Maret;Perkotaan;Makanan;312154.0
SUMATERA BARAT;2016;Maret;Perkotaan;Non-Makanan;129369.0
SUMATERA BARAT;2016;Maret;Perkotaan;Total;441523.0
SUMATERA BARAT;2016;Maret;Perkotaan dan Perdesaan;Makanan;326993.0
SUMATERA BARAT;2016;Maret;Perkotaan dan Perdesaan;Non-Makanan;98148.0
SUMATERA BARAT;2016;Maret;Perkotaan dan Perdesaan;Total;425141.0
SUMATERA BARAT;2016;September;Perdesaan;Makanan;341816.0
SUMATERA BARAT;2016;September;Perdesaan;Non-Makanan;83703.0
SUMATERA BARAT;2016;September;Perdesaan;Total;425520.0
SUMATERA BARAT;2016;September;Perkotaan;Makanan;322168.0
SUMATERA BARAT;2016;September;Perkotaan;Non-Makanan;132506.0
SUMATERA BARAT;2016;September;Perkotaan;Total;454674.0
SUMATERA BARAT;2016;September;Perkotaan dan Perdesaan;Makanan;334358.0
SUMATERA BARAT;2016;September;Perkotaan dan Perdesaan;Non-Makanan;103717.0
SUMATERA BARAT;2016;September;Perkotaan dan Perdesaan;Total;438075.0
SUMATERA BARAT;2017;Maret;Perdesaan;Makanan;352878.0
SUMATERA BARAT;2017;Maret;Perdesaan;Non-Makanan;86342.0
SUMATERA BARAT;2017;Maret;Perdesaan;Total;439220.0
SUMATERA BARAT;2017;Maret;Perkotaan;Makanan;337132.0
SUMATERA BARAT;2017;Maret;Perkotaan;Non-Makanan;135481.0
SUMATERA BARAT;2017;Maret;Perkotaan;Total;472614.0
SUMATERA BARAT;2017;Maret;Perkotaan dan Perdesaan;Makanan;346896.0
SUMATERA BARAT;2017;Maret;Perkotaan dan Perdesaan;Non-Makanan;106715.0
SUMATERA BARAT;2017;Maret;Perkotaan dan Perdesaan;Total;453611.0
SUMATERA BARAT;2017;September;Perdesaan;Makanan;354771.0
SUMATERA BARAT;2017;September;Perdesaan;Non-Makanan;86644.0
SUMATERA BARAT;2017;September;Perdesaan;Total;441415.0
SUMATERA BARAT;2017;September;Perkotaan;Makanan;339340.0
SUMATERA BARAT;2017;September;Perkotaan;Non-Makanan;136026.0
SUMATERA BARAT;2017;September;Perkotaan;Total;475365.0
SUMATERA BARAT;2017;September;Perkotaan dan Perdesaan;Makanan;348429.0
SUMATERA BARAT;2017;September;Perkotaan dan Perdesaan;Non-Makanan;107368.0
SUMATERA BARAT;2017;September;Perkotaan dan Perdesaan;Total;455797.0
SUMATERA BARAT;2018;Maret;Perdesaan;Makanan;369087.0
SUMATERA BARAT;2018;Maret;Perdesaan;Non-Makanan;91162.0
SUMATERA BARAT;2018;Maret;Perdesaan;Total;460249.0
SUMATERA BARAT;2018;Maret;Perkotaan;Makanan;356907.0
SUMATERA BARAT;2018;Maret;Perkotaan;Non-Makanan;139235.0
SUMATERA BARAT;2018;Maret;Perkotaan;Total;496142.0
SUMATERA BARAT;2018;Maret;Perkotaan dan Perdesaan;Makanan;364235.0
SUMATERA BARAT;2018;Maret;Perkotaan dan Perdesaan;Non-Makanan;112319.0
SUMATERA BARAT;2018;Maret;Perkotaan dan Perdesaan;Total;476554.0
SUMATERA BARAT;2018;September;Perdesaan;Makanan;370529.0
SUMATERA BARAT;2018;September;Perdesaan;Non-Makanan;95901.0
SUMATERA BARAT;2018;September;Perdesaan;Total;466430.0
SUMATERA BARAT;2018;September;Perkotaan;Makanan;367319.0
SUMATERA BARAT;2018;September;Perkotaan;Non-Makanan;140237.0
SUMATERA BARAT;2018;September;Perkotaan;Total;507557.0
SUMATERA BARAT;2018;September;Perkotaan dan Perdesaan;Makanan;369206.0
SUMATERA BARAT;2018;September;Perkotaan dan Perdesaan;Non-Makanan;116426.0
SUMATERA BARAT;2018;September;Perkotaan dan Perdesaan;Total;485632.0
SUMATERA BARAT;2019;Maret;Perdesaan;Makanan;382217.0
SUMATERA BARAT;2019;Maret;Perdesaan;Non-Makanan;101722.0
SUMATERA BARAT;2019;Maret;Perdesaan;Total;483939.0
SUMATERA BARAT;2019;Maret;Perkotaan;Makanan;382490.0
SUMATERA BARAT;2019;Maret;Perkotaan;Non-Makanan;143519.0
SUMATERA BARAT;2019;Maret;Perkotaan;Total;526008.0
SUMATERA BARAT;2019;Maret;Perkotaan dan Perdesaan;Makanan;382333.0
SUMATERA BARAT;2019;Maret;Perkotaan dan Perdesaan;Non-Makanan;121319.0
SUMATERA BARAT;2019;Maret;Perkotaan dan Perdesaan;Total;503652.0
SUMATERA BARAT;2019;September;Perdesaan;Makanan;401904.0
SUMATERA BARAT;2019;September;Perdesaan;Non-Makanan;108553.0
SUMATERA BARAT;2019;September;Perdesaan;Total;510457.0
SUMATERA BARAT;2019;September;Perkotaan;Makanan;402124.0
SUMATERA BARAT;2019;September;Perkotaan;Non-Makanan;149242.0
SUMATERA BARAT;2019;September;Perkotaan;Total;551366.0
SUMATERA BARAT;2019;September;Perkotaan dan Perdesaan;Makanan;402003.0
SUMATERA BARAT;2019;September;Perkotaan dan Perdesaan;Non-Makanan;127697.0
SUMATERA BARAT;2019;September;Perkotaan dan Perdesaan;Total;529700.0
SUMATERA BARAT;2020;Maret;Perdesaan;Makanan;415694.0
SUMATERA BARAT;2020;Maret;Perdesaan;Non-Makanan;112136.0
SUMATERA BARAT;2020;Maret;Perdesaan;Total;527830.0
SUMATERA BARAT;2020;Maret;Perkotaan;Makanan;411369.0
SUMATERA BARAT;2020;Maret;Perkotaan;Non-Makanan;151198.0
SUMATERA BARAT;2020;Maret;Perkotaan;Total;562567.0
SUMATERA BARAT;2020;Maret;Perkotaan dan Perdesaan;Makanan;413832.0
SUMATERA BARAT;2020;Maret;Perkotaan dan Perdesaan;Non-Makanan;130483.0
SUMATERA BARAT;2020;Maret;Perkotaan dan Perdesaan;Total;544315.0
SUMATERA BARAT;2020;September;Perdesaan;Makanan;416419.0
SUMATERA BARAT;2020;September;Perdesaan;Non-Makanan;113254.0
SUMATERA BARAT;2020;September;Perdesaan;Total;529673.0
SUMATERA BARAT;2020;September;Perkotaan;Makanan;413073.0
SUMATERA BARAT;2020;September;Perkotaan;Non-Makanan;152458.0
SUMATERA BARAT;2020;September;Perkotaan;Total;565531.0
SUMATERA BARAT;2020;September;Perkotaan dan Perdesaan;Makanan;414949.0
SUMATERA BARAT;2020;September;Perkotaan dan Perdesaan;Non-Makanan;132291.0
SUMATERA BARAT;2020;September;Perkotaan dan Perdesaan;Total;547240.0
SUMATERA BARAT;2021;Maret;Perdesaan;Makanan;438205.0
SUMATERA BARAT;2021;Maret;Perdesaan;Non-Makanan;117976.0
SUMATERA BARAT;2021;Maret;Perdesaan;Total;556181.0
SUMATERA BARAT;2021;Maret;Perkotaan;Makanan;424106.0
SUMATERA BARAT;2021;Maret;Perkotaan;Non-Makanan;156831.0
SUMATERA BARAT;2021;Maret;Perkotaan;Total;580937.0
SUMATERA BARAT;2021;Maret;Perkotaan dan Perdesaan;Makanan;431644.0
SUMATERA BARAT;2021;Maret;Perkotaan dan Perdesaan;Non-Makanan;137059.0
SUMATERA BARAT;2021;Maret;Perkotaan dan Perdesaan;Total;568703.0
SUMATERA BARAT;2021;September;Perdesaan;Makanan;444693.0
SUMATERA BARAT;2021;September;Perdesaan;Non-Makanan;121531.0
SUMATERA BARAT;2021;September;Perdesaan;Total;566224.0
SUMATERA BARAT;2021;September;Perkotaan;Makanan;431008.0
SUMATERA BARAT;2021;September;Perkotaan;Non-Makanan;161294.0
SUMATERA BARAT;2021;September;Perkotaan;Total;592302.0
SUMATERA BARAT;2021;September;Perkotaan dan Perdesaan;Makanan;438308.0
SUMATERA BARAT;2021;September;Perkotaan dan Perdesaan;Non-Makanan;141237.0
SUMATERA BARAT;2021;September;Perkotaan dan Perdesaan;Total;579545.0
SUMATERA BARAT;2022;Maret;Perdesaan;Makanan;470942.0
SUMATERA BARAT;2022;Maret;Perdesaan;Non-Makanan;127489.0
SUMATERA BARAT;2022;Maret;Perdesaan;Total;598431.0
SUMATERA BARAT;2022;Maret;Perkotaan;Makanan;453326.0
SUMATERA BARAT;2022;Maret;Perkotaan;Non-Makanan;169253.0
SUMATERA BARAT;2022;Maret;Perkotaan;Total;622579.0
SUMATERA BARAT;2022;Maret;Perkotaan dan Perdesaan;Makanan;462910.0
SUMATERA BARAT;2022;Maret;Perkotaan dan Perdesaan;Non-Makanan;148030.0
SUMATERA BARAT;2022;Maret;Perkotaan dan Perdesaan;Total;610940.0
SUMATERA BARAT;2022;September;Perdesaan;Makanan;500796.0
SUMATERA BARAT;2022;September;Perdesaan;Non-Makanan;138150.0
SUMATERA BARAT;2022;September;Perdesaan;Total;638946.0
SUMATERA BARAT;2022;September;Perkotaan;Makanan;490322.0
SUMATERA BARAT;2022;September;Perkotaan;Non-Makanan;178321.0
SUMATERA BARAT;2022;September;Perkotaan;Total;668643.0
SUMATERA BARAT;2022;September;Perkotaan dan Perdesaan;Makanan;495824.0
SUMATERA BARAT;2022;September;Perkotaan dan Perdesaan;Non-Makanan;158370.0
SUMATERA BARAT;2022;September;Perkotaan dan Perdesaan;Total;654194.0
SUMATERA SELATAN;2013;Maret;Perdesaan;Total;252497.0
SUMATERA SELATAN;2013;Maret;Perkotaan;Total;311606.0
SUMATERA SELATAN;2013;September;Perdesaan;Total;270166.0
SUMATERA SELATAN;2013;September;Perkotaan;Total;328335.0
SUMATERA SELATAN;2014;Maret;Perdesaan;Total;277509.0
SUMATERA SELATAN;2014;Maret;Perkotaan;Total;336929.0
SUMATERA SELATAN;2014;September;Perdesaan;Total;285791.0
SUMATERA SELATAN;2014;September;Perkotaan;Total;346238.0
SUMATERA SELATAN;2015;Maret;Perdesaan;Makanan;243702.0
SUMATERA SELATAN;2015;Maret;Perdesaan;Non-Makanan;61880.0
SUMATERA SELATAN;2015;Maret;Perdesaan;Total;305581.0
SUMATERA SELATAN;2015;Maret;Perkotaan;Makanan;263734.0
SUMATERA SELATAN;2015;Maret;Perkotaan;Non-Makanan;101603.0
SUMATERA SELATAN;2015;Maret;Perkotaan;Total;365336.0
SUMATERA SELATAN;2015;Maret;Perkotaan dan Perdesaan;Makanan;250850.0
SUMATERA SELATAN;2015;Maret;Perkotaan dan Perdesaan;Non-Makanan;76055.0
SUMATERA SELATAN;2015;Maret;Perkotaan dan Perdesaan;Total;326905.0
SUMATERA SELATAN;2015;September;Perdesaan;Makanan;254209.0
SUMATERA SELATAN;2015;September;Perdesaan;Non-Makanan;65785.0
SUMATERA SELATAN;2015;September;Perdesaan;Total;319994.0
SUMATERA SELATAN;2015;September;Perkotaan;Makanan;272915.0
SUMATERA SELATAN;2015;September;Perkotaan;Non-Makanan;105823.0
SUMATERA SELATAN;2015;September;Perkotaan;Total;378739.0
SUMATERA SELATAN;2015;September;Perkotaan dan Perdesaan;Makanan;260885.0
SUMATERA SELATAN;2015;September;Perkotaan dan Perdesaan;Non-Makanan;80073.0
SUMATERA SELATAN;2015;September;Perkotaan dan Perdesaan;Total;340958.0
SUMATERA SELATAN;2016;Maret;Perdesaan;Makanan;263912.0
SUMATERA SELATAN;2016;Maret;Perdesaan;Non-Makanan;67658.0
SUMATERA SELATAN;2016;Maret;Perdesaan;Total;331570.0
SUMATERA SELATAN;2016;Maret;Perkotaan;Makanan;275736.0
SUMATERA SELATAN;2016;Maret;Perkotaan;Non-Makanan;112324.0
SUMATERA SELATAN;2016;Maret;Perkotaan;Total;388060.0
SUMATERA SELATAN;2016;Maret;Perkotaan dan Perdesaan;Makanan;269320.0
SUMATERA SELATAN;2016;Maret;Perkotaan dan Perdesaan;Non-Makanan;82664.0
SUMATERA SELATAN;2016;Maret;Perkotaan dan Perdesaan;Total;351984.0
SUMATERA SELATAN;2016;September;Perdesaan;Makanan;270182.0
SUMATERA SELATAN;2016;September;Perdesaan;Non-Makanan;69692.0
SUMATERA SELATAN;2016;September;Perdesaan;Total;339874.0
SUMATERA SELATAN;2016;September;Perkotaan;Makanan;283334.0
SUMATERA SELATAN;2016;September;Perkotaan;Non-Makanan;116824.0
SUMATERA SELATAN;2016;September;Perkotaan;Total;400159.0
SUMATERA SELATAN;2016;September;Perkotaan dan Perdesaan;Makanan;275036.0
SUMATERA SELATAN;2016;September;Perkotaan dan Perdesaan;Non-Makanan;86661.0
SUMATERA SELATAN;2016;September;Perkotaan dan Perdesaan;Total;361697.0
SUMATERA SELATAN;2017;Maret;Perdesaan;Makanan;273134.0
SUMATERA SELATAN;2017;Maret;Perdesaan;Non-Makanan;74386.0
SUMATERA SELATAN;2017;Maret;Perdesaan;Total;347520.0
SUMATERA SELATAN;2017;Maret;Perkotaan;Makanan;291341.0
SUMATERA SELATAN;2017;Maret;Perkotaan;Non-Makanan;119191.0
SUMATERA SELATAN;2017;Maret;Perkotaan;Total;410532.0
SUMATERA SELATAN;2017;Maret;Perkotaan dan Perdesaan;Makanan;279284.0
SUMATERA SELATAN;2017;Maret;Perkotaan dan Perdesaan;Non-Makanan;90775.0
SUMATERA SELATAN;2017;Maret;Perkotaan dan Perdesaan;Total;370059.0
SUMATERA SELATAN;2017;September;Perdesaan;Makanan;278321.0
SUMATERA SELATAN;2017;September;Perdesaan;Non-Makanan;77699.0
SUMATERA SELATAN;2017;September;Perdesaan;Total;356020.0
SUMATERA SELATAN;2017;September;Perkotaan;Makanan;297193.0
SUMATERA SELATAN;2017;September;Perkotaan;Non-Makanan;120635.0
SUMATERA SELATAN;2017;September;Perkotaan;Total;417828.0
SUMATERA SELATAN;2017;September;Perkotaan dan Perdesaan;Makanan;284680.0
SUMATERA SELATAN;2017;September;Perkotaan dan Perdesaan;Non-Makanan;93568.0
SUMATERA SELATAN;2017;September;Perkotaan dan Perdesaan;Total;378248.0
SUMATERA SELATAN;2018;Maret;Perdesaan;Makanan;289522.0
SUMATERA SELATAN;2018;Maret;Perdesaan;Non-Makanan;85005.0
SUMATERA SELATAN;2018;Maret;Perdesaan;Total;374527.0
SUMATERA SELATAN;2018;Maret;Perkotaan;Makanan;313669.0
SUMATERA SELATAN;2018;Maret;Perkotaan;Non-Makanan;124314.0
SUMATERA SELATAN;2018;Maret;Perkotaan;Total;437983.0
SUMATERA SELATAN;2018;Maret;Perkotaan dan Perdesaan;Makanan;297528.0
SUMATERA SELATAN;2018;Maret;Perkotaan dan Perdesaan;Non-Makanan;99621.0
SUMATERA SELATAN;2018;Maret;Perkotaan dan Perdesaan;Total;397149.0
SUMATERA SELATAN;2018;September;Perdesaan;Makanan;291450.0
SUMATERA SELATAN;2018;September;Perdesaan;Non-Makanan;87600.0
SUMATERA SELATAN;2018;September;Perdesaan;Total;379052.0
SUMATERA SELATAN;2018;September;Perkotaan;Makanan;314491.0
SUMATERA SELATAN;2018;September;Perkotaan;Non-Makanan;126557.0
SUMATERA SELATAN;2018;September;Perkotaan;Total;441049.0
SUMATERA SELATAN;2018;September;Perkotaan dan Perdesaan;Makanan;298856.0
SUMATERA SELATAN;2018;September;Perkotaan dan Perdesaan;Non-Makanan;101928.0
SUMATERA SELATAN;2018;September;Perkotaan dan Perdesaan;Total;400785.0
SUMATERA SELATAN;2019;Maret;Perdesaan;Makanan;299598.0
SUMATERA SELATAN;2019;Maret;Perdesaan;Non-Makanan;90188.0
SUMATERA SELATAN;2019;Maret;Perdesaan;Total;389786.0
SUMATERA SELATAN;2019;Maret;Perkotaan;Makanan;318325.0
SUMATERA SELATAN;2019;Maret;Perkotaan;Non-Makanan;128381.0
SUMATERA SELATAN;2019;Maret;Perkotaan;Total;446706.0
SUMATERA SELATAN;2019;Maret;Perkotaan dan Perdesaan;Makanan;306087.0
SUMATERA SELATAN;2019;Maret;Perkotaan dan Perdesaan;Non-Makanan;104445.0
SUMATERA SELATAN;2019;Maret;Perkotaan dan Perdesaan;Total;410532.0
SUMATERA SELATAN;2019;September;Perdesaan;Makanan;311271.0
SUMATERA SELATAN;2019;September;Perdesaan;Non-Makanan;94735.0
SUMATERA SELATAN;2019;September;Perdesaan;Total;406006.0
SUMATERA SELATAN;2019;September;Perkotaan;Makanan;331698.0
SUMATERA SELATAN;2019;September;Perkotaan;Non-Makanan;129424.0
SUMATERA SELATAN;2019;September;Perkotaan;Total;461122.0
SUMATERA SELATAN;2019;September;Perkotaan dan Perdesaan;Makanan;318123.0
SUMATERA SELATAN;2019;September;Perkotaan dan Perdesaan;Non-Makanan;107685.0
SUMATERA SELATAN;2019;September;Perkotaan dan Perdesaan;Total;425808.0
SUMATERA SELATAN;2020;Maret;Perdesaan;Makanan;321453.0
SUMATERA SELATAN;2020;Maret;Perdesaan;Non-Makanan;100198.0
SUMATERA SELATAN;2020;Maret;Perdesaan;Total;421650.0
SUMATERA SELATAN;2020;Maret;Perkotaan;Makanan;337697.0
SUMATERA SELATAN;2020;Maret;Perkotaan;Non-Makanan;131854.0
SUMATERA SELATAN;2020;Maret;Perkotaan;Total;469551.0
SUMATERA SELATAN;2020;Maret;Perkotaan dan Perdesaan;Makanan;327021.0
SUMATERA SELATAN;2020;Maret;Perkotaan dan Perdesaan;Non-Makanan;112021.0
SUMATERA SELATAN;2020;Maret;Perkotaan dan Perdesaan;Total;439042.0
SUMATERA SELATAN;2020;September;Perdesaan;Makanan;323914.0
SUMATERA SELATAN;2020;September;Perdesaan;Non-Makanan;100455.0
SUMATERA SELATAN;2020;September;Perdesaan;Total;424369.0
SUMATERA SELATAN;2020;September;Perkotaan;Makanan;338390.0
SUMATERA SELATAN;2020;September;Perkotaan;Non-Makanan;132409.0
SUMATERA SELATAN;2020;September;Perkotaan;Total;470800.0
SUMATERA SELATAN;2020;September;Perkotaan dan Perdesaan;Makanan;328710.0
SUMATERA SELATAN;2020;September;Perkotaan dan Perdesaan;Non-Makanan;112549.0
SUMATERA SELATAN;2020;September;Perkotaan dan Perdesaan;Total;441259.0
SUMATERA SELATAN;2021;Maret;Perdesaan;Makanan;335549.0
SUMATERA SELATAN;2021;Maret;Perdesaan;Non-Makanan;105866.0
SUMATERA SELATAN;2021;Maret;Perdesaan;Total;441415.0
SUMATERA SELATAN;2021;Maret;Perkotaan;Makanan;350163.0
SUMATERA SELATAN;2021;Maret;Perkotaan;Non-Makanan;135276.0
SUMATERA SELATAN;2021;Maret;Perkotaan;Total;485439.0
SUMATERA SELATAN;2021;Maret;Perkotaan dan Perdesaan;Makanan;340567.0
SUMATERA SELATAN;2021;Maret;Perkotaan dan Perdesaan;Non-Makanan;116888.0
SUMATERA SELATAN;2021;Maret;Perkotaan dan Perdesaan;Total;457455.0
SUMATERA SELATAN;2021;September;Perdesaan;Makanan;337702.0
SUMATERA SELATAN;2021;September;Perdesaan;Non-Makanan;108975.0
SUMATERA SELATAN;2021;September;Perdesaan;Total;446678.0
SUMATERA SELATAN;2021;September;Perkotaan;Makanan;354236.0
SUMATERA SELATAN;2021;September;Perkotaan;Non-Makanan;137422.0
SUMATERA SELATAN;2021;September;Perkotaan;Total;491658.0
SUMATERA SELATAN;2021;September;Perkotaan dan Perdesaan;Makanan;343549.0
SUMATERA SELATAN;2021;September;Perkotaan dan Perdesaan;Non-Makanan;119702.0
SUMATERA SELATAN;2021;September;Perkotaan dan Perdesaan;Total;463251.0
SUMATERA SELATAN;2022;Maret;Perdesaan;Makanan;353000.0
SUMATERA SELATAN;2022;Maret;Perdesaan;Non-Makanan;114139.0
SUMATERA SELATAN;2022;Maret;Perdesaan;Total;467139.0
SUMATERA SELATAN;2022;Maret;Perkotaan;Makanan;374346.0
SUMATERA SELATAN;2022;Maret;Perkotaan;Non-Makanan;141579.0
SUMATERA SELATAN;2022;Maret;Perkotaan;Total;515925.0
SUMATERA SELATAN;2022;Maret;Perkotaan dan Perdesaan;Makanan;360600.0
SUMATERA SELATAN;2022;Maret;Perkotaan dan Perdesaan;Non-Makanan;124469.0
SUMATERA SELATAN;2022;Maret;Perkotaan dan Perdesaan;Total;485069.0
SUMATERA SELATAN;2022;September;Perdesaan;Makanan;368981.0
SUMATERA SELATAN;2022;September;Perdesaan;Non-Makanan;124901.0
SUMATERA SELATAN;2022;September;Perdesaan;Total;493882.0
SUMATERA SELATAN;2022;September;Perkotaan;Makanan;400354.0
SUMATERA SELATAN;2022;September;Perkotaan;Non-Makanan;148101.0
SUMATERA SELATAN;2022;September;Perkotaan;Total;548455.0
SUMATERA SELATAN;2022;September;Perkotaan dan Perdesaan;Makanan;379882.0
SUMATERA SELATAN;2022;September;Perkotaan dan Perdesaan;Non-Makanan;133642.0
SUMATERA SELATAN;2022;September;Perkotaan dan Perdesaan;Total;513524.0
SUMATERA UTARA;2013;Maret;Perdesaan;Total;263061.0
SUMATERA UTARA;2013;Maret;Perkotaan;Total;307352.0
SUMATERA UTARA;2013;September;Perdesaan;Total;292186.0
SUMATERA UTARA;2013;September;Perkotaan;Total;330517.0
SUMATERA UTARA;2014;Maret;Perdesaan;Total;299145.0
SUMATERA UTARA;2014;Maret;Perkotaan;Total;338234.0
SUMATERA UTARA;2014;September;Perdesaan;Total;312493.0
SUMATERA UTARA;2014;September;Perkotaan;Total;349372.0
SUMATERA UTARA;2015;Maret;Perdesaan;Makanan;266143.0
SUMATERA UTARA;2015;Maret;Perdesaan;Non-Makanan;65752.0
SUMATERA UTARA;2015;Maret;Perdesaan;Total;331895.0
SUMATERA UTARA;2015;Maret;Perkotaan;Makanan;261677.0
SUMATERA UTARA;2015;Maret;Perkotaan;Non-Makanan;102643.0
SUMATERA UTARA;2015;Maret;Perkotaan;Total;364320.0
SUMATERA UTARA;2015;Maret;Perkotaan dan Perdesaan;Makanan;263932.0
SUMATERA UTARA;2015;Maret;Perkotaan dan Perdesaan;Non-Makanan;84021.0
SUMATERA UTARA;2015;Maret;Perkotaan dan Perdesaan;Total;347953.0
SUMATERA UTARA;2015;September;Perdesaan;Makanan;284650.0
SUMATERA UTARA;2015;September;Perdesaan;Non-Makanan;67987.0
SUMATERA UTARA;2015;September;Perdesaan;Total;352637.0
SUMATERA UTARA;2015;September;Perkotaan;Makanan;273271.0
SUMATERA UTARA;2015;September;Perkotaan;Non-Makanan;106627.0
SUMATERA UTARA;2015;September;Perkotaan;Total;379898.0
SUMATERA UTARA;2015;September;Perkotaan dan Perdesaan;Makanan;279015.0
SUMATERA UTARA;2015;September;Perkotaan dan Perdesaan;Non-Makanan;87123.0
SUMATERA UTARA;2015;September;Perkotaan dan Perdesaan;Total;366138.0
SUMATERA UTARA;2016;Maret;Perdesaan;Makanan;304942.0
SUMATERA UTARA;2016;Maret;Perdesaan;Non-Makanan;72806.0
SUMATERA UTARA;2016;Maret;Perdesaan;Total;377748.0
SUMATERA UTARA;2016;Maret;Perkotaan;Makanan;290096.0
SUMATERA UTARA;2016;Maret;Perkotaan;Non-Makanan;108312.0
SUMATERA UTARA;2016;Maret;Perkotaan;Total;398408.0
SUMATERA UTARA;2016;Maret;Perkotaan dan Perdesaan;Makanan;296832.0
SUMATERA UTARA;2016;Maret;Perkotaan dan Perdesaan;Non-Makanan;91324.0
SUMATERA UTARA;2016;Maret;Perkotaan dan Perdesaan;Total;388156.0
SUMATERA UTARA;2016;September;Perdesaan;Makanan;313234.0
SUMATERA UTARA;2016;September;Perdesaan;Non-Makanan;75473.0
SUMATERA UTARA;2016;September;Perdesaan;Total;388707.0
SUMATERA UTARA;2016;September;Perkotaan;Makanan;302027.0
SUMATERA UTARA;2016;September;Perkotaan;Non-Makanan;111808.0
SUMATERA UTARA;2016;September;Perkotaan;Total;413835.0
SUMATERA UTARA;2016;September;Perkotaan dan Perdesaan;Makanan;308037.0
SUMATERA UTARA;2016;September;Perkotaan dan Perdesaan;Non-Makanan;93795.0
SUMATERA UTARA;2016;September;Perkotaan dan Perdesaan;Total;401832.0
SUMATERA UTARA;2017;Maret;Perdesaan;Makanan;316190.0
SUMATERA UTARA;2017;Maret;Perdesaan;Non-Makanan;79842.0
SUMATERA UTARA;2017;Maret;Perdesaan;Total;396033.0
SUMATERA UTARA;2017;Maret;Perkotaan;Makanan;311996.0
SUMATERA UTARA;2017;Maret;Perkotaan;Non-Makanan;113696.0
SUMATERA UTARA;2017;Maret;Perkotaan;Total;425693.0
SUMATERA UTARA;2017;Maret;Perkotaan dan Perdesaan;Makanan;314243.0
SUMATERA UTARA;2017;Maret;Perkotaan dan Perdesaan;Non-Makanan;97102.0
SUMATERA UTARA;2017;Maret;Perkotaan dan Perdesaan;Total;411345.0
SUMATERA UTARA;2017;September;Perdesaan;Makanan;322222.0
SUMATERA UTARA;2017;September;Perdesaan;Non-Makanan;84935.0
SUMATERA UTARA;2017;September;Perdesaan;Total;407157.0
SUMATERA UTARA;2017;September;Perkotaan;Makanan;321688.0
SUMATERA UTARA;2017;September;Perkotaan;Non-Makanan;117206.0
SUMATERA UTARA;2017;September;Perkotaan;Total;438894.0
SUMATERA UTARA;2017;September;Perkotaan dan Perdesaan;Makanan;321967.0
SUMATERA UTARA;2017;September;Perkotaan dan Perdesaan;Non-Makanan;101729.0
SUMATERA UTARA;2017;September;Perkotaan dan Perdesaan;Total;423696.0
SUMATERA UTARA;2018;Maret;Perdesaan;Makanan;333843.0
SUMATERA UTARA;2018;Maret;Perdesaan;Non-Makanan;87743.0
SUMATERA UTARA;2018;Maret;Perdesaan;Total;421586.0
SUMATERA UTARA;2018;Maret;Perkotaan;Makanan;328225.0
SUMATERA UTARA;2018;Maret;Perkotaan;Non-Makanan;120138.0
SUMATERA UTARA;2018;Maret;Perkotaan;Total;448363.0
SUMATERA UTARA;2018;Maret;Perkotaan dan Perdesaan;Makanan;331105.0
SUMATERA UTARA;2018;Maret;Perkotaan dan Perdesaan;Non-Makanan;104865.0
SUMATERA UTARA;2018;Maret;Perkotaan dan Perdesaan;Total;435970.0
SUMATERA UTARA;2018;September;Perdesaan;Makanan;342317.0
SUMATERA UTARA;2018;September;Perdesaan;Non-Makanan;93173.0
SUMATERA UTARA;2018;September;Perdesaan;Total;435492.0
SUMATERA UTARA;2018;September;Perkotaan;Makanan;345167.0
SUMATERA UTARA;2018;September;Perkotaan;Non-Makanan;120623.0
SUMATERA UTARA;2018;September;Perkotaan;Total;465790.0
SUMATERA UTARA;2018;September;Perkotaan dan Perdesaan;Makanan;343740.0
SUMATERA UTARA;2018;September;Perkotaan dan Perdesaan;Non-Makanan;107932.0
SUMATERA UTARA;2018;September;Perkotaan dan Perdesaan;Total;451673.0
SUMATERA UTARA;2019;Maret;Perdesaan;Makanan;348030.0
SUMATERA UTARA;2019;Maret;Perdesaan;Non-Makanan;97785.0
SUMATERA UTARA;2019;Maret;Perdesaan;Total;445815.0
SUMATERA UTARA;2019;Maret;Perkotaan;Makanan;354346.0
SUMATERA UTARA;2019;Maret;Perkotaan;Non-Makanan;129321.0
SUMATERA UTARA;2019;Maret;Perkotaan;Total;483667.0
SUMATERA UTARA;2019;Maret;Perkotaan dan Perdesaan;Makanan;351215.0
SUMATERA UTARA;2019;Maret;Perkotaan dan Perdesaan;Non-Makanan;114907.0
SUMATERA UTARA;2019;Maret;Perkotaan dan Perdesaan;Total;466122.0
SUMATERA UTARA;2019;September;Perdesaan;Makanan;367379.0
SUMATERA UTARA;2019;September;Perdesaan;Non-Makanan;103166.0
SUMATERA UTARA;2019;September;Perdesaan;Total;470545.0
SUMATERA UTARA;2019;September;Perkotaan;Makanan;366831.0
SUMATERA UTARA;2019;September;Perkotaan;Non-Makanan;139706.0
SUMATERA UTARA;2019;September;Perkotaan;Total;506538.0
SUMATERA UTARA;2019;September;Perkotaan dan Perdesaan;Makanan;367105.0
SUMATERA UTARA;2019;September;Perkotaan dan Perdesaan;Non-Makanan;123015.0
SUMATERA UTARA;2019;September;Perkotaan dan Perdesaan;Total;490120.0
SUMATERA UTARA;2020;Maret;Perdesaan;Makanan;376656.0
SUMATERA UTARA;2020;Maret;Perdesaan;Non-Makanan;108061.0
SUMATERA UTARA;2020;Maret;Perdesaan;Total;484717.0
SUMATERA UTARA;2020;Maret;Perkotaan;Makanan;376919.0
SUMATERA UTARA;2020;Maret;Perkotaan;Non-Makanan;141299.0
SUMATERA UTARA;2020;Maret;Perkotaan;Total;518218.0
SUMATERA UTARA;2020;Maret;Perkotaan dan Perdesaan;Makanan;376790.0
SUMATERA UTARA;2020;Maret;Perkotaan dan Perdesaan;Non-Makanan;126114.0
SUMATERA UTARA;2020;Maret;Perkotaan dan Perdesaan;Total;502904.0
SUMATERA UTARA;2020;September;Perdesaan;Makanan;378550.0
SUMATERA UTARA;2020;September;Perdesaan;Non-Makanan;108091.0
SUMATERA UTARA;2020;September;Perdesaan;Total;486642.0
SUMATERA UTARA;2020;September;Perkotaan;Makanan;378679.0
SUMATERA UTARA;2020;September;Perkotaan;Non-Makanan;141850.0
SUMATERA UTARA;2020;September;Perkotaan;Total;520529.0
SUMATERA UTARA;2020;September;Perkotaan dan Perdesaan;Makanan;378617.0
SUMATERA UTARA;2020;September;Perkotaan dan Perdesaan;Non-Makanan;126619.0
SUMATERA UTARA;2020;September;Perkotaan dan Perdesaan;Total;505236.0
SUMATERA UTARA;2021;Maret;Perdesaan;Makanan;391979.0
SUMATERA UTARA;2021;Maret;Perdesaan;Non-Makanan;112706.0
SUMATERA UTARA;2021;Maret;Perdesaan;Total;504685.0
SUMATERA UTARA;2021;Maret;Perkotaan;Makanan;397996.0
SUMATERA UTARA;2021;Maret;Perkotaan;Non-Makanan;145089.0
SUMATERA UTARA;2021;Maret;Perkotaan;Total;543085.0
SUMATERA UTARA;2021;Maret;Perkotaan dan Perdesaan;Makanan;395104.0
SUMATERA UTARA;2021;Maret;Perkotaan dan Perdesaan;Non-Makanan;130652.0
SUMATERA UTARA;2021;Maret;Perkotaan dan Perdesaan;Total;525756.0
SUMATERA UTARA;2021;September;Perdesaan;Makanan;399971.0
SUMATERA UTARA;2021;September;Perdesaan;Non-Makanan;114016.0
SUMATERA UTARA;2021;September;Perdesaan;Total;513987.0
SUMATERA UTARA;2021;September;Perkotaan;Makanan;409313.0
SUMATERA UTARA;2021;September;Perkotaan;Non-Makanan;147124.0
SUMATERA UTARA;2021;September;Perkotaan;Total;556437.0
SUMATERA UTARA;2021;September;Perkotaan dan Perdesaan;Makanan;404860.0
SUMATERA UTARA;2021;September;Perkotaan dan Perdesaan;Non-Makanan;132451.0
SUMATERA UTARA;2021;September;Perkotaan dan Perdesaan;Total;537311.0
SUMATERA UTARA;2022;Maret;Perdesaan;Makanan;415301.0
SUMATERA UTARA;2022;Maret;Perdesaan;Non-Makanan;118883.0
SUMATERA UTARA;2022;Maret;Perdesaan;Total;534184.0
SUMATERA UTARA;2022;Maret;Perkotaan;Makanan;431588.0
SUMATERA UTARA;2022;Maret;Perkotaan;Non-Makanan;151633.0
SUMATERA UTARA;2022;Maret;Perkotaan;Total;583221.0
SUMATERA UTARA;2022;Maret;Perkotaan dan Perdesaan;Makanan;423760.0
SUMATERA UTARA;2022;Maret;Perkotaan dan Perdesaan;Non-Makanan;137244.0
SUMATERA UTARA;2022;Maret;Perkotaan dan Perdesaan;Total;561004.0
SUMATERA UTARA;2022;September;Perdesaan;Makanan;438098.0
SUMATERA UTARA;2022;September;Perdesaan;Non-Makanan;125685.0
SUMATERA UTARA;2022;September;Perdesaan;Total;563783.0
SUMATERA UTARA;2022;September;Perkotaan;Makanan;458089.0
SUMATERA UTARA;2022;September;Perkotaan;Non-Makanan;157137.0
SUMATERA UTARA;2022;September;Perkotaan;Total;615227.0
SUMATERA UTARA;2022;September;Perkotaan dan Perdesaan;Makanan;448623.0
SUMATERA UTARA;2022;September;Perkotaan dan Perdesaan;Non-Makanan;143402.0
SUMATERA UTARA;2022;September;Perkotaan dan Perdesaan;Total;592025.0
